name,rating,ctype,highly_rated
TCS,3.2,IT Services & Consulting,"Promotions, Salary, Work Satisfaction"
Accenture,3.7,IT Services & Consulting,"Promotions, Salary, Work Satisfaction"
Wipro,3.6,IT Services & Consulting,"Promotions, Salary, Work Satisfaction"
Cognizant,3.7,IT Services & Consulting,"Promotions, Salary, Work Satisfaction"
Capgemini,3.6,IT Services & Consulting,"Work Life Balance, Job Security"
HDFC Bank,3.8,Banking,Job Security
Infosys,3.5,IT Services & Consulting,Job Security
HCLTech,3.4,IT Services & Consulting,"Promotions, Salary, Work Satisfaction"
ICICI Bank,3.9,Banking,"Job Security, Promotions, Skill Development"
Tech Mahindra,3.3,IT Services & Consulting,"Promotions, Salary, Work Satisfaction"
Genpact,3.6,Analytics & KPO,Job Security
TP,3.8,BPO,
Axis Bank,3.6,Banking,"Promotions, Work Satisfaction, Company Culture"
Jio,4.4,Telecom,"Job Security, Company Culture, Work Life Balance"
Concentrix Corporation,3.5,BPO,Job Security
Amazon,3.9,Internet,"Company Culture, Work Life Balance, Salary"
Reliance Retail,3.9,Retail,"Job Security, Work Life Balance, Skill Development"
iEnergizer,4.5,BPO,"Job Security, Salary, Company Culture"
LTM Limited,3.6,IT Services & Consulting,"Promotions, Salary, Work Satisfaction"
HDB Financial Services,3.9,NBFC,Work Life Balance
IBM,3.9,IT Services & Consulting,"Work Life Balance, Company Culture, Job Security"
Larsen & Toubro Limited,3.9,Engineering & Construction,"Job Security, Skill Development, Salary"
Deloitte,3.6,Management Consulting,"Promotions, Work Life Balance, Work Satisfaction"
Kotak Mahindra Bank,3.6,Banking,"Promotions, Work Satisfaction, Company Culture"
Reliance Industries,4.0,Oil & Gas,"Job Security, Work Life Balance, Skill Development"
Vodafone Idea,3.9,Telecom,"Salary, Company Culture, Work Life Balance"
Bharti Airtel,3.8,Telecom,Promotions
BYJU'S,3.2,EdTech,"Job Security, Company Culture, Work Life Balance"
WNS,3.3,IT Services & Consulting,"Promotions, Salary, Skill Development"
IDFC FIRST Bank,4.0,Banking,"Salary, Company Culture, Work Life Balance"
Ernst & Young,3.4,Management Consulting,"Promotions, Work Life Balance, Work Satisfaction"
IndusInd Bank,3.4,Banking,"Promotions, Company Culture, Work Satisfaction"
AU Small Finance Bank,3.8,Banking,Promotions
Tata Motors,4.1,Automobile,"Company Culture, Work Life Balance, Job Security"
Bajaj Finserv,3.9,NBFC,"Salary, Skill Development, Job Security"
Flipkart,3.9,Internet,"Company Culture, Skill Development, Salary"
PwC,3.3,Management Consulting,"Promotions, Work Life Balance, Work Satisfaction"
Muthoot FinCorp,4.5,NBFC,"Company Culture, Work Life Balance, Job Security"
Mahindra & Mahindra,4.0,Automobile,"Job Security, Skill Development, Company Culture"
HDFC Life,3.8,Insurance,Skill Development
Infosys BPM,3.5,BPO,Job Security
DXC Technology,3.6,IT Services & Consulting,Work Life Balance
Bandhan Bank,3.6,Banking,"Promotions, Work Satisfaction, Company Culture"
Digitide Solutions,3.4,IT Services & Consulting,"Promotions, Salary, Work Satisfaction"
Yes Bank,3.6,Banking,"Job Security, Promotions, Company Culture"
Mphasis,3.3,IT Services & Consulting,"Promotions, Salary, Work Satisfaction"
Tata Steel,4.0,Iron & Steel,"Work Life Balance, Job Security, Skill Development"
Quess,3.8,Recruitment,"Promotions, Job Security"
UltraTech Cement,4.1,Building Material,"Job Security, Skill Development, Company Culture"
Asian Paints,3.9,Chemicals,"Salary, Skill Development, Job Security"
Startek,3.0,BPO,"Promotions, Salary, Company Culture"
Maruti Suzuki,4.1,Automobile,"Job Security, Salary, Company Culture"
Bajaj Finance,3.9,NBFC,"Salary, Skill Development, Job Security"
Paytm,3.2,FinTech,"Job Security, Company Culture, Promotions"
Sutherland Global Services,3.3,BPO,"Promotions, Salary, Work Satisfaction"
Shriram Finance,3.9,NBFC,"Job Security, Work Life Balance"
Coforge,3.3,IT Services & Consulting,"Promotions, Work Satisfaction, Job Security"
Equitas Small Finance Bank,4.3,Banking,"Company Culture, Work Life Balance, Job Security"
Wells Fargo,3.5,Financial Services,"Promotions, Skill Development, Work Satisfaction"
Cipla,4.1,Pharma,"Salary, Work Life Balance, Skill Development"
EXL Service,3.6,Analytics & KPO,Job Security
Ericsson,3.9,Telecom,"Work Life Balance, Company Culture"
Samsung,3.9,Consumer Electronics & Appliances,Salary
Dr. Reddy's,4.0,Pharma,"Company Culture, Work Life Balance, Skill Development"
JSW Steel,3.9,Iron & Steel,"Job Security, Skill Development"
Delhivery,3.8,Logistics,Promotions
Optum Global Solutions,4.0,IT Services & Consulting,"Job Security, Work Life Balance, Company Culture"
Ekart Logistics,3.9,Logistics,Skill Development
Hexaware Technologies,3.4,IT Services & Consulting,"Promotions, Salary, Work Satisfaction"
Ujjivan Small Finance Bank,4.0,Banking,"Company Culture, Work Life Balance, Skill Development"
JPMorgan Chase & Co.,3.8,Financial Services,"Job Security, Salary"
ICICI Prudential Life Insurance,3.9,Insurance,"Job Security, Salary, Skill Development"
Jana Small Finance Bank,3.7,Banking,Salary
Zydus Lifesciences,4.0,Pharma,"Salary, Skill Development, Company Culture"
Sun Pharmaceutical Industries,4.0,Pharma,"Salary, Skill Development, Job Security"
KPMG India,3.4,Management Consulting,"Promotions, Work Life Balance, Work Satisfaction"
HGS,3.7,Emerging Technologies,"Promotions, Salary"
Axis Max Life Insurance,4.0,Insurance,"Skill Development, Company Culture, Work Life Balance"
Lupin,4.1,Pharma,"Skill Development, Company Culture, Work Life Balance"
ITC,3.8,FMCG,"Job Security, Skill Development"
Amazon Development Centre India,3.8,Internet,"Company Culture, Work Life Balance"
Hindustan Unilever,4.1,FMCG,"Skill Development, Company Culture, Work Life Balance"
Megha Engineering & Infrastructures,3.9,Engineering & Construction,"Work Life Balance, Job Security"
L&T Construction,4.0,Engineering & Construction,"Job Security, Skill Development, Salary"
Cholamandalam Investment & Finance,3.9,Financial Services,Salary
Tata Projects,4.2,Engineering & Construction,"Salary, Company Culture, Work Life Balance"
Bajaj Life Insurance,3.8,Insurance,Salary
L&T Technology Services,3.1,IT Services & Consulting,"Promotions, Salary, Work Satisfaction"
JLL,4.1,Real Estate,"Company Culture, Work Life Balance, Job Security"
Omega Healthcare,3.7,BPO,"Promotions, Salary"
Oracle,3.2,Software Product,"Promotions, Salary, Job Security"
FIS,3.7,FinTech,Work Life Balance
Muthoot Finance,3.8,NBFC,Job Security
DMart,3.9,Retail,"Job Security, Company Culture"
eClerx,3.0,IT Services & Consulting,"Promotions, Salary, Work Satisfaction"
IIFL Finance,4.0,NBFC,"Work Life Balance, Company Culture, Skill Development"
PolicyBazaar,3.7,Internet,Salary
Indian Army,4.7,Defence & Aerospace,"Job Security, Company Culture, Work Life Balance"
Indiamart Intermesh,3.6,Internet,"Work Satisfaction, Promotions, Company Culture"
Piramal Finance,4.2,NBFC,"Company Culture, Work Life Balance, Skill Development"
Virtusa Consulting Services,3.6,IT Services & Consulting,"Promotions, Job Security, Salary"
SMFG India Credit,3.9,NBFC,Salary
HSBC Group,3.8,Financial Services,"Work Life Balance, Company Culture, Job Security"
Access Healthcare,3.7,BPO,"Promotions, Work Satisfaction, Skill Development"
bigbasket,3.9,Internet,Job Security
Manappuram Finance,3.9,NBFC,"Work Life Balance, Skill Development"
GlobalLogic,3.5,IT Services & Consulting,"Promotions, Salary, Work Satisfaction"
Swiggy,3.7,Internet,"Job Security, Promotions, Work Life Balance"
HCL Group,3.5,IT Services & Consulting,"Promotions, Salary, Work Satisfaction"
Firstsource Solutions,3.4,BPO,"Promotions, Salary, Company Culture"
ICICI Lombard General Insurance Company,3.5,Insurance,"Promotions, Work Satisfaction, Company Culture"
Siemens,4.0,Industrial Automation,"Work Life Balance, Job Security, Company Culture"
Apollo Hospitals,4.0,Healthcare,"Job Security, Skill Development, Company Culture"
Tata Capital,4.0,NBFC,"Job Security, Skill Development, Company Culture"
Shapoorji Pallonji Group,4.1,Engineering & Construction,"Job Security, Company Culture, Work Life Balance"
Aurobindo Pharma,4.0,Pharma,"Job Security, Salary, Work Life Balance"
UST,3.7,IT Services & Consulting,Work Life Balance
Mahindra Finance,3.8,NBFC,Promotions
Standard Chartered,3.6,Banking,"Promotions, Work Satisfaction, Salary"
Bosch Global Software Technologies,3.7,IT Services & Consulting,"Work Life Balance, Company Culture, Job Security"
Ashok Leyland,4.0,Automobile,"Skill Development, Company Culture, Work Life Balance"
Hero MotoCorp,4.0,Automobile,"Work Life Balance, Company Culture, Work Satisfaction"
Citicorp,3.6,Financial Services,Salary
Udaan,3.9,Internet,"Salary, Skill Development"
CGI Inc,4.0,IT Services & Consulting,"Work Life Balance, Job Security, Company Culture"
NTT DATA,3.8,IT Services & Consulting,"Work Life Balance, Job Security"
Kalpataru Projects International,4.1,Engineering & Construction,"Job Security, Skill Development, Salary"
SBI Cards & Payment Services,3.6,Financial Services,"Promotions, Work Satisfaction, Company Culture"
Nagarjuna Construction Company,4.0,Construction,"Job Security, Skill Development"
IQVIA,3.7,Clinical Research,Work Life Balance
Schneider Electric,4.1,Industrial Automation,"Company Culture, Work Life Balance, Job Security"
BNY,3.6,Financial Services,Work Life Balance
Cyient,3.6,IT Services & Consulting,"Promotions, Salary, Skill Development"
CBRE,4.1,Real Estate,"Company Culture, Work Life Balance, Job Security"
SBI Life Insurance Company,3.7,Insurance,Job Security
TVS Motor,3.8,Automobile,"Skill Development, Salary"
JustDial,3.5,Internet,"Promotions, Work Satisfaction, Job Security"
Persistent Systems,3.6,IT Services & Consulting,"Promotions, Job Security, Work Satisfaction"
State Bank of India,3.9,Banking,"Job Security, Skill Development, Salary"
KEC International,4.0,Engineering & Construction,"Job Security, Salary, Work Life Balance"
ITC Infotech,3.8,IT Services & Consulting,"Work Life Balance, Job Security"
Utkarsh Small Finance Bank,3.6,Banking,"Promotions, Company Culture, Work Satisfaction"
Amdocs,3.6,Software Product,"Promotions, Job Security, Work Satisfaction"
Varun Beverages,3.9,Beverage,"Job Security, Work Life Balance"
Lenskart,3.4,Internet,"Promotions, Company Culture, Work Life Balance"
Atos,3.8,IT Services & Consulting,Work Life Balance
vivo,4.0,Consumer Electronics & Appliances,"Company Culture, Skill Development, Work Life Balance"
JBM Group,3.9,Auto Components,"Job Security, Skill Development"
Hetero,3.9,Pharma,"Job Security, Work Life Balance"
Randstad,3.7,Recruitment,"Promotions, Job Security, Work Satisfaction"
Intas Pharmaceuticals,4.1,Pharma,"Job Security, Salary, Work Life Balance"
L&T Finance,3.9,NBFC,Salary
Havells,3.9,Electrical Equipment,"Work Life Balance, Salary"
Ecom Express,4.1,Logistics,"Work Life Balance, Work Satisfaction, Salary"
Aditya Birla Fashion and Retail,4.1,Fashion & Textile,"Job Security, Skill Development, Company Culture"
Tata AIA Life Insurance,3.8,Insurance,"Job Security, Skill Development"
Bosch,4.1,Auto Components,"Work Life Balance, Company Culture, Skill Development"
R1 RCM,3.8,BPO,Job Security
EY Global Delivery Services ( EY GDS),3.4,IT Services & Consulting,"Promotions, Work Satisfaction, Work Life Balance"
Nagarro,3.8,IT Services & Consulting,"Work Life Balance, Company Culture"
Berger Paints,3.7,Chemicals,"Promotions, Company Culture, Work Life Balance"
Cars24,3.4,Internet,"Job Security, Promotions, Company Culture"
Hewlett Packard Enterprise,4.1,IT Services & Consulting,"Work Life Balance, Company Culture, Work Satisfaction"
Eviden,3.6,IT Services & Consulting,Work Life Balance
Mahindra Logistics,3.7,Logistics,"Promotions, Salary"
Dell,3.8,Consumer Electronics & Appliances,Work Life Balance
TeamLease Services,3.9,Recruitment,Work Life Balance
Deutsche Bank,3.8,Banking,"Work Life Balance, Job Security, Company Culture"
VE Commercial Vehicles,3.9,Automobile,"Job Security, Company Culture, Work Life Balance"
Home Credit Finance,4.0,NBFC,"Work Life Balance, Company Culture, Skill Development"
Motilal Oswal Financial Services,3.6,Financial Services,"Promotions, Work Satisfaction, Work Life Balance"
Hyundai Motor India Limited,4.1,Automobile,"Job Security, Salary, Company Culture"
Thermax Limited,4.2,Industrial Machinery,"Job Security, Company Culture, Skill Development"
OPPO,3.9,Consumer Electronics & Appliances,Skill Development
Jubilant Foods Works,3.7,Hospitality,"Promotions, Work Satisfaction"
Carelon Global Solutions,3.9,IT Services & Consulting,"Company Culture, Work Life Balance, Job Security"
Jindal Steel Limited,4.0,Iron & Steel,"Skill Development, Job Security"
Hindalco Industries,4.2,Metals & Mining,"Job Security, Work Life Balance, Skill Development"
Macleods Pharmaceuticals,3.7,Pharma,Job Security
State Street Corporation,3.5,Financial Services,"Promotions, Work Satisfaction, Job Security"
Aakash Educational Services,3.2,Education & Training,"Promotions, Work Life Balance, Job Security"
Bajaj Auto,3.8,Automobile,Promotions
LG Electronics,3.8,Consumer Electronics & Appliances,Job Security
RBL Bank,3.5,Banking,"Promotions, Company Culture, Work Satisfaction"
DCB Bank,3.8,Banking,Work Life Balance
HDFC ERGO General Insurance,3.9,Insurance,"Work Life Balance, Company Culture, Job Security"
Blinkit,3.8,Internet,"Skill Development, Salary"
Royal Enfield,4.2,Automobile,"Company Culture, Work Life Balance, Work Satisfaction"
Cummins,4.3,Industrial Machinery,"Company Culture, Work Life Balance, Work Satisfaction"
John Deere,4.0,Industrial Machinery,"Company Culture, Work Life Balance, Skill Development"
Grasim Industries,4.0,Building Material,"Job Security, Work Life Balance, Skill Development"
Aditya Birla Sun Life Insurance,4.0,Insurance,"Work Life Balance, Company Culture, Skill Development"
PhonePe,3.9,FinTech,"Salary, Work Life Balance, Skill Development"
Cloudnine Hospital,4.5,Healthcare,"Company Culture, Job Security, Skill Development"
Publicis Sapient,3.2,IT Services & Consulting,"Promotions, Job Security, Work Satisfaction"
Tata Communications,3.8,Telecom,Work Life Balance
Kogta Financial India Limited,4.6,NBFC,"Company Culture, Work Life Balance, Work Satisfaction"
Pidilite Industries,4.2,Chemicals,"Job Security, Work Life Balance, Company Culture"
Alembic Pharmaceuticals,3.9,Pharma,"Salary, Work Life Balance"
PNB MetLife,3.3,Insurance,"Job Security, Company Culture, Work Satisfaction"
Bank of America,4.1,Banking,"Job Security, Work Life Balance, Company Culture"
Kyndryl,3.9,IT Services & Consulting,"Work Life Balance, Company Culture, Skill Development"
Aditya Birla Capital,3.8,NBFC,Promotions
KPIT Technologies,2.8,Software Product,"Promotions, Job Security, Company Culture"
Escorts Kubota Limited,4.1,Industrial Machinery,"Company Culture, Work Life Balance, Work Satisfaction"
JK Cement,4.0,Building Material,Salary
Subros,3.7,Auto Components,"Job Security, Skill Development"
American Express,4.1,Financial Services,"Work Life Balance, Company Culture, Job Security"
ADP Private Limited,3.9,Software Product,"Job Security, Work Life Balance, Company Culture"
Oyo Rooms,3.0,Hospitality,"Job Security, Company Culture, Work Satisfaction"
Maersk,3.9,Logistics,"Work Life Balance, Company Culture"
PVR INOX,3.8,Media & Entertainment,Promotions
Viatris,4.0,Pharma,"Salary, Work Life Balance, Job Security"
XpressBees,4.1,Logistics,"Work Life Balance, Skill Development, Company Culture"
Altruist Technologies,4.3,BPO,"Work Life Balance, Job Security, Company Culture"
Glenmark Pharmaceuticals,3.8,Pharma,Promotions
Synechron,3.4,IT Services & Consulting,"Job Security, Promotions, Work Satisfaction"
Birlasoft,3.4,IT Services & Consulting,"Promotions, Salary, Work Satisfaction"
Kotak Mahindra Life Insurance Company,3.5,Insurance,"Work Satisfaction, Promotions, Company Culture"
Sodexo,4.0,Hospitality,"Company Culture, Work Life Balance, Work Satisfaction"
UNO Minda,3.9,Auto Components,"Job Security, Company Culture, Skill Development"
Bharat Electronics,4.2,Electronics Manufacturing,"Work Life Balance, Company Culture, Work Satisfaction"
ArcelorMittal Nippon Steel India,4.1,Manufacturing,"Work Life Balance, Job Security, Company Culture"
Cogent E Services,3.1,BPO,"Company Culture, Promotions, Salary"
Dabur,3.8,FMCG,Salary
Reliance Communications,4.0,Telecom,"Skill Development, Company Culture, Work Life Balance"
Tata Electronics,3.8,Semiconductors,Job Security
Godrej & Boyce Manufacturing,3.8,Consumer Electronics & Appliances,Job Security
Ipca Laboratories,3.8,Pharma,"Job Security, Work Life Balance"
Abbott,4.1,Pharma,"Work Life Balance, Skill Development, Salary"
Aarti Industries,4.1,Agro Chemicals,"Job Security, Work Life Balance, Company Culture"
Reliance Digital,4.1,Retail,"Skill Development, Job Security, Company Culture"
MRF Tyres,3.6,Auto Components,"Company Culture, Work Satisfaction, Work Life Balance"
TVS Credit Services Ltd,4.1,NBFC,"Salary, Company Culture, Work Life Balance"
IGT Solutions,3.1,BPO,"Promotions, Salary, Work Satisfaction"
Indian Oil Corporation,4.3,Oil & Gas,"Company Culture, Work Life Balance, Work Satisfaction"
Samvardhana Motherson Group,3.7,Auto Components,Job Security
Reliance Projects & Property Management Services,4.0,Other,"Job Security, Skill Development, Company Culture"
Alkem Laboratories,3.9,Pharma,"Work Life Balance, Salary"
Vishal Mega Mart,3.7,Retail,Salary
Sagility,3.9,BPO,"Job Security, Company Culture, Work Life Balance"
Honda Motorcycle & Scooter,4.1,Automobile,"Work Life Balance, Job Security, Company Culture"
DTDC Express,3.7,Logistics,"Promotions, Company Culture, Work Satisfaction"
ABB,4.0,Industrial Machinery,"Work Life Balance, Company Culture, Job Security"
"NTT DATA, Inc.",3.9,IT Services & Consulting,"Work Life Balance, Job Security, Company Culture"
Johnson Controls,3.6,Industrial Automation,"Promotions, Work Satisfaction, Job Security"
Barclays,3.7,Banking,"Promotions, Work Satisfaction, Skill Development"
[24]7.ai,3.4,Hospitality,"Promotions, Salary, Work Satisfaction"
RSPL Group,4.0,FMCG,"Job Security, Work Life Balance, Company Culture"
Bajaj General Insurance Limited,3.7,Insurance,"Promotions, Work Life Balance, Work Satisfaction"
AGS Health,3.9,Analytics & KPO,"Company Culture, Job Security, Work Life Balance"
Hindustan Coca Cola Beverages,4.0,Beverage,"Salary, Skill Development, Company Culture"
IndusInd Nippon Life Insurance,3.3,Insurance,"Job Security, Company Culture, Work Satisfaction"
Ceat Tyres,3.9,Auto Components,"Job Security, Company Culture, Skill Development"
UBS,3.7,Financial Services,Work Life Balance
Croma,3.8,Retail,"Work Life Balance, Skill Development"
Jindal Stainless,4.2,Iron & Steel,"Job Security, Work Life Balance, Skill Development"
NatWest Group,3.9,Banking,"Work Life Balance, Job Security, Company Culture"
Alstom Transportation,3.7,Engineering & Construction,Job Security
Niva Bupa Health Insurance Company,3.9,Insurance,Work Life Balance
Ford Motor,4.2,Automobile,"Company Culture, Work Life Balance, Salary"
Conduent,3.4,BPO,"Promotions, Salary, Skill Development"
Tata Technologies,3.4,Automobile,"Promotions, Salary, Work Satisfaction"
Tata AutoComp Systems,3.6,Auto Components,Job Security
HARMAN,3.8,Consumer Electronics & Appliances,"Work Life Balance, Company Culture"
InterGlobe Aviation,3.4,Aviation,"Promotions, Salary, Work Life Balance"
Tata AIG,3.9,Insurance,"Job Security, Company Culture, Work Life Balance"
Zepto,3.6,Internet,"Job Security, Promotions, Company Culture"
GeBBS Healthcare Solutions,3.8,BPO,Job Security
Indian Air Force,4.6,Defence & Aerospace,"Job Security, Skill Development, Salary"
Canara HSBC Life Insurance,4.1,Insurance,"Work Life Balance, Salary, Company Culture"
Max Healthcare,3.9,Healthcare,"Skill Development, Job Security, Company Culture"
UPL,4.1,Agro Chemicals,"Job Security, Work Life Balance, Skill Development"
PepsiCo,4.0,Food Processing,"Company Culture, Work Life Balance, Job Security"
Mankind Pharma,3.8,Pharma,Salary
Titan Company,4.2,Retail,"Company Culture, Job Security, Work Life Balance"
Ola Electric Mobility,3.3,Automobile,"Job Security, Promotions, Company Culture"
IDFC FIRST Bharat,4.1,Financial Services,"Work Life Balance, Skill Development, Company Culture"
ESAF Small Finance Bank,3.6,Banking,"Promotions, Work Satisfaction, Company Culture"
Quest Global,3.5,IT Services & Consulting,"Promotions, Salary, Work Satisfaction"
Amazon Transportation Services,4.2,Logistics,"Company Culture, Skill Development, Salary"
MSN Laboratories,3.6,Pharma,Job Security
Dilip Buildcon,3.9,Engineering & Construction,Salary
Varroc Group,3.6,Auto Components,"Promotions, Job Security, Company Culture"
Bharat Financial Inclusion,3.7,Financial Services,Salary
Ambuja Cements,3.9,Building Material,"Promotions, Job Security"
Societe Generale Global Solution Centre,3.6,IT Services & Consulting,"Work Life Balance, Job Security"
S&P Global,3.9,Analytics & KPO,"Work Life Balance, Company Culture"
Afcons Infrastructure,4.2,Engineering & Construction,"Job Security, Skill Development, Company Culture"
Walmart,3.5,Retail,"Promotions, Work Satisfaction, Job Security"
DS Group,4.0,FMCG,"Work Life Balance, Job Security, Salary"
Torrent Pharmaceuticals,4.0,Pharma,"Job Security, Work Life Balance, Company Culture"
Suzlon Group,4.0,Power,"Job Security, Skill Development, Company Culture"
Allcargo Logistics,3.8,Logistics,Work Life Balance
Eternal Limited,3.5,Internet,"Job Security, Promotions, Work Life Balance"
Indus Towers,3.6,Telecom,"Promotions, Job Security, Work Life Balance"
Tata Elxsi,3.4,IT Services & Consulting,"Promotions, Salary, Work Satisfaction"
Zensar Technologies,3.5,IT Services & Consulting,"Promotions, Job Security, Work Satisfaction"
VVDN Technologies,3.6,IT Services & Consulting,"Promotions, Salary, Company Culture"
Yazaki,3.8,Auto Components,Job Security
IKS Health,3.5,BPO,"Promotions, Salary, Work Satisfaction"
HDFC Sales,3.9,Financial Services,"Skill Development, Company Culture, Work Life Balance"
Exl India,3.5,Logistics,Job Security
I Process Services,3.8,Recruitment,Work Life Balance
Shree Cement,3.7,Building Material,"Promotions, Job Security, Company Culture"
Fujitsu,3.8,IT Services & Consulting,Work Life Balance
Physicswallah,3.6,EdTech,"Promotions, Job Security, Work Satisfaction"
Marpu Foundation,4.9,Non-Profit,"Company Culture, Work Life Balance, Work Satisfaction"
Foxconn,3.8,Electronics Manufacturing,Job Security
ACC,3.9,Building Material,"Promotions, Job Security"
Square Yards,3.5,Internet,"Job Security, Company Culture, Work Life Balance"
Nokia,4.0,Telecom,"Work Life Balance, Company Culture"
CMS IT Services,3.0,IT Services & Consulting,"Promotions, Salary, Company Culture"
Shoppers Stop,3.9,Retail,"Company Culture, Work Life Balance, Job Security"
Apollo Tyres,4.0,Auto Components,"Company Culture, Work Life Balance, Work Satisfaction"
Future Group,4.3,Retail,"Skill Development, Company Culture, Work Life Balance"
Fiserv,2.7,FinTech,"Promotions, Job Security, Company Culture"
Britannia,3.9,Hospitality,"Job Security, Skill Development"
Star Health & Allied Insurance,3.5,Insurance,"Promotions, Company Culture, Work Satisfaction"
Landmark Group,3.8,Retail,Job Security
SRF,4.1,Chemicals,"Job Security, Salary, Work Life Balance"
Kansai Nerolac Paints,3.8,Chemicals,Promotions
Dalmia Bharat Cement,3.9,Building Material,"Job Security, Salary"
Blue Dart Express Ltd,3.9,Logistics,"Job Security, Company Culture, Work Life Balance"
ZS,3.0,Management Consulting,"Work Life Balance, Work Satisfaction, Company Culture"
Nestlé,3.7,FMCG,Salary
Exide Industries,3.4,Electrical Equipment,"Promotions, Company Culture, Work Satisfaction"
Tata Advanced Systems,3.7,Defence & Aerospace,Job Security
Dalmia Bharat Cement,,Building Material,"Job Security, Salary"
Gallagher,3.6,Insurance,"Job Security, Work Life Balance"
Blue Star,4.0,Consumer Electronics & Appliances,"Company Culture, Skill Development, Work Life Balance"
TVS Supply Chain Solutions,3.7,Logistics,"Promotions, Salary"
Photon Interactive,4.1,IT Services & Consulting,"Salary, Work Satisfaction, Skill Development"
Care Health Insurance,3.5,Insurance,"Promotions, Salary, Company Culture"
Micro Labs,3.6,Pharma,Job Security
Shell,3.8,Oil & Gas,"Work Life Balance, Company Culture, Salary"
Ajanta Pharma,3.9,Pharma,Job Security
KFintech,3.3,Financial Services,"Promotions, Salary, Work Satisfaction"
Movate,3.1,IT Services & Consulting,"Promotions, Salary, Company Culture"
G4S,4.0,Law Enforcement & Security,"Work Life Balance, Job Security, Salary"
KPMG Global Services,3.5,Management Consulting,"Promotions, Work Satisfaction, Salary"
ACT Fibernet,3.9,Telecom,"Company Culture, Job Security, Salary"
Flex,3.9,Electronics Manufacturing,"Company Culture, Work Life Balance, Work Satisfaction"
Voltas,4.0,Consumer Electronics & Appliances,"Job Security, Work Life Balance, Company Culture"
ElasticRun,3.6,Logistics,"Job Security, Promotions, Work Satisfaction"
UnitedHealth,4.0,Healthcare,"Job Security, Work Life Balance, Company Culture"
Sonalika Tractors,3.5,Automobile,"Company Culture, Promotions, Work Life Balance"
Adani Power,3.8,Power,Promotions
IntouchCX,2.8,BPO,"Promotions, Job Security, Work Satisfaction"
NoBroker,3.0,Internet,"Work Satisfaction, Job Security, Promotions"
Himalaya Wellness,3.9,Pharma,Work Life Balance
GAO Tek,4.4,Electrical Equipment,"Skill Development, Work Life Balance, Company Culture"
BlackBuck,3.7,Internet,"Promotions, Job Security"
DBS Bank,3.7,Banking,Salary
Laurus Labs,4.3,Pharma,"Job Security, Salary, Company Culture"
Foundever,3.3,BPO,"Promotions, Salary, Work Satisfaction"
Fortis Healthcare,4.1,Healthcare,"Job Security, Skill Development, Company Culture"
Capita,3.5,BPO,"Promotions, Job Security, Skill Development"
CorroHealth Infotech,3.5,Analytics & KPO,Salary
BT Group,3.8,Telecom,"Work Life Balance, Company Culture"
Domino's Pizza,3.9,Hospitality,"Skill Development, Salary, Company Culture"
JCB,3.9,Industrial Machinery,Work Life Balance
Adani Group,3.8,Power,Salary
TaskUs,2.9,BPO,"Promotions, Job Security, Skill Development"
Whitehat jr,3.3,EdTech,"Job Security, Promotions, Company Culture"
V-Mart,4.0,Retail,"Skill Development, Job Security, Company Culture"
Northern Trust Operating Services,3.6,Financial Services,"Promotions, Work Satisfaction, Salary"
Alldigi Tech,3.7,BPO,"Promotions, Salary"
ICICI Securities,3.9,Financial Services,"Work Life Balance, Job Security, Company Culture"
Hero FinCorp,3.9,NBFC,"Work Life Balance, Company Culture"
Cadila Pharmaceuticals,3.0,Pharma,"Job Security, Promotions, Company Culture"
Tractors and Farm Equipment,4.0,Industrial Machinery,"Work Life Balance, Skill Development"
Sahrudaya Healthcare (Medicover Hospitals),4.3,Healthcare,"Work Life Balance, Skill Development, Company Culture"
Emcure Pharmaceuticals,3.6,Pharma,"Promotions, Job Security, Company Culture"
Parle Agro,3.9,Beverage,"Work Life Balance, Job Security"
Bajaj Electricals,3.8,Consumer Electronics & Appliances,"Work Life Balance, Salary"
Biocon Limited,4.0,Biotechnology,"Work Life Balance, Company Culture"
Sterlite Technologies,3.8,Hardware & Networking,"Promotions, Job Security"
Team Computers,3.7,IT Services & Consulting,"Promotions, Salary"
Newgen Software Technologies,4.1,IT Services & Consulting,"Job Security, Company Culture, Work Life Balance"
Intellect Design Arena,3.4,Software Product,"Promotions, Company Culture, Work Life Balance"
Mahindra Holidays & Resorts,3.5,Hospitality,"Promotions, Work Life Balance, Work Satisfaction"
Syngene International,3.6,Clinical Research,"Promotions, Salary, Work Satisfaction"
RMSI,3.6,IT Services & Consulting,"Promotions, Salary, Skill Development"
Mahindra Rural Housing Finance,4.0,NBFC,"Work Life Balance, Company Culture"
Planet Spark,3.7,EdTech,Skill Development
Datamatics Global Services,3.3,IT Services & Consulting,"Promotions, Salary, Company Culture"
Bureau Veritas,3.8,Other,Work Life Balance
McDonald's,3.8,Hospitality,"Skill Development, Job Security"
Cholamandalam MS General Insurance,3.7,Insurance,"Promotions, Work Satisfaction, Skill Development"
SBI Securities,3.5,Financial Services,"Promotions, Company Culture, Work Satisfaction"
TCE,3.9,Engineering & Construction,"Job Security, Work Life Balance"
Taj Hotels Resorts and Palaces,4.2,Hospitality,"Job Security, Company Culture, Skill Development"
3i Infotech,3.4,IT Services & Consulting,"Promotions, Salary, Job Security"
Lodha,4.2,Real Estate,"Work Life Balance, Company Culture, Job Security"
Aavas Financiers,3.9,NBFC,Skill Development
Paras Hospital,4.0,Healthcare,"Work Life Balance, Skill Development, Company Culture"
Patanjali Ayurved,3.9,FMCG,"Work Life Balance, Salary"
Delhi Public School,3.7,Education & Training,"Promotions, Company Culture, Work Satisfaction"
Daikin Airconditioning India Pvt. Ltd.,4.1,Consumer Electronics & Appliances,"Job Security, Work Life Balance, Company Culture"
Torrent Power,4.2,Power,"Job Security, Company Culture, Work Life Balance"
Info Edge,3.8,Internet,Job Security
Star Union Dai-ichi Life Insurance,3.7,Insurance,Promotions
Straive,3.3,IT Services & Consulting,"Promotions, Salary, Skill Development"
Apollo Pharmacy,3.7,Pharma,Job Security
Endurance Technologies Limited,3.9,Auto Components,"Job Security, Skill Development"
Kia India,3.9,Automobile,Job Security
Sopra Steria,3.9,IT Services & Consulting,"Work Life Balance, Job Security, Company Culture"
Bharat Petroleum,4.2,Oil & Gas,"Skill Development, Company Culture, Work Life Balance"
BNP Paribas,3.6,Banking,"Job Security, Work Life Balance"
JK Tyre,3.9,Auto Components,Promotions
GVK Emergency Management and Research Institute,3.5,Non-Profit,"Promotions, Job Security, Company Culture"
Cybage,3.7,IT Services & Consulting,"Company Culture, Work Life Balance"
Sobha,3.7,Real Estate,Job Security
Capgemini Engineering,3.3,IT Services & Consulting,"Promotions, Salary, Work Satisfaction"
Axis Direct,3.7,Financial Services,"Promotions, Work Satisfaction, Skill Development"
Akums Drugs & Pharmaceuticals Limited,4.2,Pharma,"Job Security, Company Culture, Skill Development"
Statestreet HCL Services,3.4,BPO,"Promotions, Salary, Company Culture"
SBI General Insurance,3.5,Insurance,"Promotions, Work Satisfaction, Company Culture"
Panasonic Life Solutions India,4.0,Consumer Electronics & Appliances,"Work Life Balance, Job Security, Company Culture"
Bharti AXA Life Insurance,3.6,Insurance,"Work Satisfaction, Job Security, Promotions"
AWL Agri Business,4.1,FMCG,"Job Security, Company Culture, Work Life Balance"
Xoriant,3.9,IT Services & Consulting,"Work Life Balance, Company Culture, Work Satisfaction"
Eureka Forbes,3.6,Consumer Electronics & Appliances,"Promotions, Job Security, Company Culture"
KocharTech,3.6,IT Services & Consulting,"Promotions, Salary, Company Culture"
Myntra,3.8,Internet,Company Culture
Aditya Birla Group,4.1,Metals & Mining,"Job Security, Work Life Balance, Skill Development"
Lifestyle,4.1,Retail,"Work Life Balance, Job Security, Company Culture"
Manipal Hospitals,4.0,Healthcare,"Job Security, Skill Development, Company Culture"
Radisson Hotels,4.0,Hospitality,"Job Security, Skill Development, Company Culture"
Renault Nissan Technology & Business Centre India,3.5,Automobile,"Promotions, Salary, Work Satisfaction"
Meesho,3.7,Internet,Salary
Infinite Computer Solutions,3.2,IT Services & Consulting,"Promotions, Job Security, Work Satisfaction"
Unacademy,3.0,EdTech,"Job Security, Promotions, Company Culture"
Sify Technologies,3.6,IT Services & Consulting,"Promotions, Salary, Company Culture"
Coromandel International Limited,4.0,Agro Chemicals,"Job Security, Company Culture, Work Life Balance"
Cisco,4.1,Hardware & Networking,"Company Culture, Work Life Balance, Skill Development"
Bank of Baroda,3.7,Banking,Job Security
Indian Railways,4.2,Railways,"Job Security, Company Culture, Work Life Balance"
Whirlpool,4.0,Consumer Electronics & Appliances,"Work Life Balance, Company Culture, Work Satisfaction"
Generali Central Life Insurance,3.5,Insurance,"Promotions, Work Satisfaction, Job Security"
Spark Minda,3.8,Auto Components,"Promotions, Company Culture, Work Satisfaction"
Poonawalla Fincorp,3.6,NBFC,Salary
Nuvoco Vistas,4.1,Building Material,"Job Security, Skill Development, Salary"
Saint-Gobain,3.8,Building Material,"Job Security, Company Culture, Work Life Balance"
ValueLabs,3.4,IT Services & Consulting,"Promotions, Work Satisfaction, Job Security"
Mercedes-Benz Research and Development India,3.5,IT Services & Consulting,"Work Life Balance, Job Security"
Power Mech Projects,3.8,Engineering & Construction,Job Security
FirstCry,3.6,Retail,"Promotions, Company Culture, Work Satisfaction"
Shahi Exports,3.9,Fashion & Textile,"Job Security, Company Culture, Work Life Balance"
Allstate,3.7,Insurance,Work Life Balance
Jio Platforms,3.4,IT Services & Consulting,Job Security
Lava International,3.9,Consumer Electronics & Appliances,"Company Culture, Work Life Balance, Job Security"
GlaxoSmithKline Pharmaceuticals,4.1,Pharma,"Company Culture, Work Life Balance, Salary"
Brakes India,3.8,Auto Components,"Job Security, Skill Development"
CAMS,3.5,Financial Services,Job Security
Henry Harvin Education,4.0,EdTech,"Work Life Balance, Work Satisfaction, Job Security"
"Maruti Suzuki India Limited, Hansalpur",4.3,Automobile,"Salary, Company Culture, Job Security"
NTT DATA Business Solutions,4.0,IT Services & Consulting,"Work Life Balance, Company Culture, Job Security"
Cargill,3.9,Food Processing,"Company Culture, Work Life Balance, Salary"
Kotak Securities,3.4,Financial Services,"Promotions, Skill Development, Work Satisfaction"
BHEL,4.2,Electrical Equipment,"Job Security, Work Life Balance, Company Culture"
CitiusTech,3.1,IT Services & Consulting,"Promotions, Job Security, Work Satisfaction"
EPAM Systems,3.6,IT Services & Consulting,"Skill Development, Work Life Balance, Salary"
Force Motors,3.7,Automobile,"Promotions, Company Culture, Work Satisfaction"
Life Insurance Corporation of India,4.4,Insurance,"Company Culture, Work Life Balance, Work Satisfaction"
Microsoft Corporation,3.8,Software Product,"Work Life Balance, Company Culture"
upGrad,3.3,EdTech,"Job Security, Promotions, Work Satisfaction"
Provana,4.0,BPO,"Company Culture, Work Life Balance, Work Satisfaction"
IndusInd General Insurance,3.6,Insurance,"Promotions, Work Satisfaction, Company Culture"
SGS,3.7,Engineering & Construction,"Promotions, Salary"
Shadowfax Technologies,3.5,Logistics,"Promotions, Job Security, Company Culture"
Nokia Networks,4.1,Hardware & Networking,"Company Culture, Work Life Balance, Work Satisfaction"
Biological E,4.3,Pharma,"Job Security, Work Life Balance, Company Culture"
Pfizer,3.9,Pharma,"Work Life Balance, Company Culture"
Aditya Birla Health Insurance Co,3.7,Insurance,Promotions
ITC Hotels,4.1,Hospitality,"Job Security, Skill Development, Company Culture"
Trent,3.8,Retail,Job Security
Reliance Trends,4.1,Retail,"Job Security, Skill Development, Company Culture"
Morgan Stanley,3.5,Financial Services,"Promotions, Job Security, Work Satisfaction"
Delphi TVS,3.8,Auto Components,Skill Development
TELUS Digital,3.5,IT Services & Consulting,"Promotions, Job Security, Skill Development"
K12 Techno Services,3.6,EdTech,"Promotions, Job Security"
Aye Finance,4.1,NBFC,"Salary, Work Life Balance, Company Culture"
Narayana Health,4.0,Healthcare,"Job Security, Skill Development, Company Culture"
Labmentix,4.5,Bengaluru +37 other locations,"Work Life Balance, Skill Development, Company Culture"
Haier Appliances India,3.9,Consumer Electronics & Appliances,Skill Development
Raymond Lifestyle Limited,4.1,Fashion & Textile,"Work Life Balance, Company Culture, Work Satisfaction"
Hinduja Leyland Finance,4.3,NBFC,"Work Life Balance, Company Culture, Work Satisfaction"
YASH Technologies,3.6,IT Services & Consulting,"Promotions, Work Satisfaction, Salary"
Simplex Infrastructures,3.3,Engineering & Construction,"Promotions, Salary, Work Satisfaction"
Microland,3.6,IT Services & Consulting,"Promotions, Work Satisfaction, Salary"
Motherson Automotive Technologies and Engineering,3.8,Auto Components,Job Security
Globiva,3.0,BPO,"Promotions, Work Satisfaction, Job Security"
Huawei Technologies,4.1,Telecom,"Salary, Skill Development, Company Culture"
CMS Infosystems,3.6,Software Product,"Promotions, Salary, Company Culture"
IDBI Bank,3.3,Banking,"Promotions, Company Culture, Work Life Balance"
Rungta Mines,3.9,Metals & Mining,"Salary, Work Life Balance"
Novartis,4.1,Pharma,"Work Life Balance, Company Culture, Salary"
Godrej Properties,3.6,Real Estate,Salary
Schindler,3.9,Industrial Machinery,"Skill Development, Company Culture, Salary"
Honeywell Automation,3.8,Industrial Automation,Promotions
Extramarks Education,3.2,EdTech,"Job Security, Promotions, Work Satisfaction"
V-Guard,4.3,Electrical Equipment,"Company Culture, Work Life Balance, Job Security"
AECOM,4.2,Engineering & Construction,"Work Life Balance, Company Culture, Work Satisfaction"
Tekwissen,4.9,IT Services & Consulting,"Company Culture, Work Life Balance, Work Satisfaction"
Ola Cabs,3.2,Internet,"Job Security, Promotions, Company Culture"
Orchids International School,4.0,Education & Training,"Skill Development, Company Culture, Work Satisfaction"
R.R. Donnelley,3.6,Marketing & Advertising,Job Security
Trident Group,3.4,Hospitality,Salary
CSB Bank,3.2,Banking,"Work Satisfaction, Promotions, Company Culture"
Spinny,3.6,Automobile,"Promotions, Job Security, Work Life Balance"
L&T Energy Hydrocarbon,3.8,Engineering & Construction,Job Security
Dr Lal PathLabs,4.2,Healthcare,"Job Security, Company Culture, Skill Development"
Uflex,3.8,Packaging,"Job Security, Work Life Balance"
ICICI Home Finance,3.8,Financial Services,Salary
Aadhar Housing Finance,4.1,NBFC,"Skill Development, Company Culture, Work Life Balance"
Tata Power,3.9,Power,"Job Security, Work Life Balance, Company Culture"
NTPC,4.2,Power,"Company Culture, Work Life Balance, Work Satisfaction"
Adecco Group,3.9,Recruitment,Work Life Balance
Senco Gold,4.3,Jewellery,"Job Security, Skill Development, Company Culture"
Paisabazaar.com,3.4,Internet,"Job Security, Promotions, Company Culture"
DHL Supply Chain,4.1,Logistics,"Job Security, Work Life Balance, Company Culture"
Iris Software,3.8,IT Services & Consulting,"Company Culture, Work Life Balance"
Gabriel India Limited,4.0,Auto Components,"Job Security, Skill Development, Company Culture"
CNH (Case New Holland),3.7,Industrial Machinery,Work Life Balance
SAP,4.1,Software Product,"Work Life Balance, Company Culture, Job Security"
Crisil,3.5,Analytics & KPO,"Promotions, Salary, Work Satisfaction"
HTC Global Services,3.4,IT Services & Consulting,"Promotions, Skill Development, Company Culture"
Jindal Saw,4.1,Iron & Steel,"Job Security, Work Life Balance, Salary"
Capri Global Capital,3.6,NBFC,"Job Security, Promotions, Company Culture"
HSBC Electronic Data Processing,4.0,IT Services & Consulting,"Work Life Balance, Job Security, Company Culture"
NCR Voyix,3.4,IT Services & Consulting,"Promotions, Job Security, Skill Development"
G R Infraprojects,4.1,Engineering & Construction,"Salary, Company Culture, Work Life Balance"
Parle Products,3.9,FMCG,Salary
Sammaan Capital Limited,3.7,NBFC,Promotions
Ninjacart,3.7,Internet,Salary
Infinx,3.7,Software Product,"Promotions, Salary"
NeoSOFT,3.1,IT Services & Consulting,"Job Security, Promotions, Company Culture"
Thomson Reuters,3.6,Software Product,Work Life Balance
Polycab Wires,4.1,Electrical Equipment,"Work Life Balance, Salary, Company Culture"
Safexpress,3.9,Logistics,"Job Security, Company Culture, Work Life Balance"
PI Industries,3.8,Agro Chemicals,Salary
Philips,3.8,Medical Equipment,"Work Life Balance, Company Culture"
Medi Assist India,3.4,Insurance,"Promotions, Salary, Work Satisfaction"
Angel One,3.5,FinTech,"Promotions, Job Security, Work Satisfaction"
Verizon,3.5,Telecom,Salary
Lucas-TVS,3.8,Auto Components,"Promotions, Salary"
Fusion CX,3.2,BPO,"Promotions, Job Security, Company Culture"
Hindustan Aeronautics,4.2,Defence & Aerospace,"Work Life Balance, Company Culture, Work Satisfaction"
Digit Insurance,3.5,Insurance,"Promotions, Salary, Company Culture"
State Street Syntel,3.7,Financial Services,Job Security
Google,4.4,Software Product,"Company Culture, Work Life Balance, Work Satisfaction"
Aragen Life Sciences,3.9,Clinical Research,"Job Security, Company Culture, Work Life Balance"
Infra.Market,3.8,Building Material,"Salary, Company Culture, Work Life Balance"
AXA Global Business Services,3.6,Insurance,"Work Life Balance, Job Security"
TVS Sundram Fasteners,3.6,Auto Components,"Promotions, Salary, Company Culture"
Haldiram Foods International Limited,3.8,FMCG,Promotions
Adani Green Energy,3.9,Power,"Salary, Skill Development"
Hindustan Petroleum,4.2,Oil & Gas,"Company Culture, Work Life Balance, Skill Development"
Tata Tele Business Services,3.5,Telecom,"Promotions, Work Satisfaction, Salary"
Honda Cars,4.3,Automobile,"Work Life Balance, Company Culture, Job Security"
First American (India),3.5,Insurance,"Promotions, Salary, Skill Development"
KENT RO Systems,3.7,Consumer Electronics & Appliances,Work Life Balance
Isgec Heavy Engineering,3.8,Engineering & Construction,Job Security
DIVI'S Laboratories,3.6,Pharma,Salary
Pine Labs,3.2,FinTech,"Promotions, Company Culture, Work Satisfaction"
Air India,3.4,Aviation,"Promotions, Company Culture, Work Satisfaction"
IIFL SAMASTA,3.7,NBFC,"Promotions, Company Culture, Work Satisfaction"
AkzoNobel,4.1,Chemicals,"Company Culture, Salary, Work Life Balance"
MetLife,3.9,Insurance,"Work Life Balance, Job Security, Company Culture"
Hitachi Astemo,4.1,Auto Components,"Company Culture, Work Life Balance, Job Security"
Innovsource Services,3.8,Recruitment,Promotions
Reckitt Benckiser,3.8,FMCG,"Salary, Work Life Balance"
Annapurna Finance,3.8,NBFC,Salary
Sterling & Wilson,4.1,Engineering & Construction,"Work Life Balance, Job Security, Company Culture"
LivSpace,3.3,Architecture & Interior Design,"Promotions, Job Security, Work Life Balance"
NielsenIQ,3.4,Analytics & KPO,"Promotions, Skill Development, Salary"
Security and Intelligence Services (India),4.1,Law Enforcement & Security,"Company Culture, Work Life Balance, Job Security"
USHA International,4.0,Consumer Electronics & Appliances,"Work Life Balance, Company Culture, Job Security"
Cafe Coffee Day,3.7,Hospitality,"Promotions, Company Culture, Salary"
USV,4.0,Pharma,"Company Culture, Work Life Balance, Job Security"
Granules India Limited,3.8,Pharma,Salary
XBP Global,3.2,Internet,"Promotions, Job Security, Skill Development"
Bata,3.6,Fashion & Textile,"Promotions, Company Culture, Work Satisfaction"
TTEC India,3.6,BPO,"Promotions, Skill Development, Salary"
SS&C TECHNOLOGIES,3.2,IT Services & Consulting,"Promotions, Salary, Company Culture"
HDFC Securities,3.4,Financial Services,"Promotions, Work Satisfaction, Company Culture"
Tata 1mg,3.6,Internet,"Promotions, Work Satisfaction, Salary"
Medanta the Medicity,4.0,Healthcare,"Job Security, Skill Development, Company Culture"
Mother Dairy Fruit & Vegetable,3.9,Hospitality,"Job Security, Work Life Balance"
Cushman & Wakefield,4.1,Real Estate,"Work Life Balance, Job Security, Company Culture"
BVG India,4.1,Facility Management Services,"Work Life Balance, Company Culture, Work Satisfaction"
Shriram Life Insurance,3.5,Insurance,"Job Security, Promotions, Company Culture"
Suryoday Small Finance Bank,3.9,Banking,"Work Life Balance, Job Security, Skill Development"
Kalyan Jewellers,4.3,Jewellery,"Salary, Company Culture, Job Security"
Orange Business,4.1,IT Services & Consulting,"Work Life Balance, Company Culture, Job Security"
Clover Infotech,3.3,IT Services & Consulting,"Promotions, Company Culture, Work Satisfaction"
Patanjali Foods,3.8,FMCG,"Promotions, Skill Development"
Tata Communications Transformation Services,3.7,Telecom,Work Life Balance
BT Business,3.9,Telecom,"Work Life Balance, Company Culture, Job Security"
Urban Company,3.3,Internet,"Job Security, Promotions, Work Life Balance"
Caterpillar Inc,4.1,Industrial Machinery,"Company Culture, Work Life Balance, Job Security"
Sysnet Global Technologies,3.6,IT Services & Consulting,"Promotions, Salary, Company Culture"
HighRadius,2.4,Software Product,"Job Security, Company Culture, Work Life Balance"
ReNew,4.3,Power,"Job Security, Company Culture, Work Life Balance"
FactSet,3.6,Analytics & KPO,Work Life Balance
Compass Group Support Services,4.0,Hospitality,"Work Life Balance, Company Culture, Job Security"
L.G.Balakrishnan & Bros,3.5,Auto Components,Job Security
Toyota Kirloskar Motor,4.3,Automobile,"Company Culture, Skill Development, Job Security"
Metro Cash & Carry,3.9,Retail,"Promotions, Salary"
Vedantu,3.2,EdTech,"Job Security, Promotions, Work Life Balance"
Cavinkare,3.9,FMCG,Salary
KONE,4.1,Industrial Machinery,"Company Culture, Work Life Balance, Job Security"
Health Care Global Enterprises,4.4,Healthcare,"Company Culture, Work Life Balance, Job Security"
Stellar Migration,1.3,Other,"Company Culture, Work Life Balance, Work Satisfaction"
CG Power and Industrial Solutions,3.8,Electrical Equipment,"Promotions, Work Satisfaction"
Dhani Loans and Services,3.9,NBFC,"Job Security, Promotions"
Frankfinn Institute of Air Hostess Training,3.8,Education & Training,
Indian Navy,4.6,Defence & Aerospace,"Job Security, Skill Development, Company Culture"
Veritas Finance,4.2,NBFC,"Work Life Balance, Company Culture, Salary"
Vardhman Fabrics,4.0,Fashion & Textile,"Job Security, Company Culture, Work Life Balance"
Yamaha Motor,4.0,Automobile,"Work Life Balance, Company Culture, Work Satisfaction"
Future Retail,4.4,Retail,"Company Culture, Skill Development, Work Life Balance"
Satin Creditcare Network,3.9,NBFC,"Work Life Balance, Skill Development, Salary"
Dixon Technologies,3.9,Electronics Manufacturing,Skill Development
DHL Express,4.1,Logistics,"Work Life Balance, Job Security, Company Culture"
NEC,4.1,IT Services & Consulting,"Work Life Balance, Company Culture, Work Satisfaction"
SHYAM METALICS AND ENERGY,3.5,Metals & Mining,"Promotions, Company Culture, Work Satisfaction"
Procter & Gamble,3.9,FMCG,"Skill Development, Company Culture, Work Life Balance"
Rane (Madras),3.8,Auto Components,"Skill Development, Job Security"
Krishna Maruti,3.9,Auto Components,"Work Life Balance, Job Security"
Goldman Sachs,3.3,Financial Services,"Work Life Balance, Job Security, Promotions"
IndiaFirst Life Insurance,3.7,Insurance,Salary
Arvind Group,4.0,Fashion & Textile,"Work Life Balance, Job Security, Company Culture"
Belrise Industries,3.7,Auto Components,"Promotions, Company Culture"
Matrimony.com,3.8,Internet,Company Culture
CMA CGM,4.0,Ports & Shipping,"Job Security, Company Culture, Work Life Balance"
Marico,3.8,FMCG,Promotions
MagicBricks,3.8,Internet,"Work Life Balance, Salary"
iOPEX Technologies,3.0,IT Services & Consulting,"Promotions, Company Culture, Salary"
Coronis Ajuba Solutions,3.8,BPO,Company Culture
JSW Bhushan Power & Steel,4.0,Iron & Steel,"Skill Development, Work Life Balance"
Godrej Industries Group,3.9,Real Estate,Job Security
Teva Pharmaceuticals,3.9,Pharma,"Work Life Balance, Company Culture"
Kotak Mahindra Prime,3.9,NBFC,"Company Culture, Work Life Balance, Job Security"
Wipro Enterprises Ltd,3.7,FMCG,"Promotions, Salary"
BA Continuum,3.9,IT Services & Consulting,"Job Security, Work Life Balance, Company Culture"
Johnson & Johnson,3.9,Healthcare,"Company Culture, Work Life Balance, Skill Development"
mPokket,4.4,NBFC,"Company Culture, Work Life Balance, Work Satisfaction"
Relaxo Footwear,4.0,Fashion & Textile,"Work Life Balance, Job Security, Salary"
Sanofi,4.0,Pharma,"Work Life Balance, Company Culture, Job Security"
Welspun Living Limited,3.9,Fashion & Textile,"Skill Development, Company Culture"
Tata Consumer Products,3.5,FMCG,"Promotions, Company Culture, Work Satisfaction"
Muthoot Microfin,4.1,NBFC,"Work Life Balance, Skill Development, Company Culture"
Troikaa Pharmaceuticals,4.3,Pharma,"Work Life Balance, Skill Development, Salary"
Supreme Industries,3.9,Petrochemicals,"Job Security, Work Life Balance"
Lumax Industries,3.9,Auto Components,"Job Security, Skill Development"
Asahi India Glass,3.8,Auto Components,Job Security
Broadridge Financial Solutions,3.8,FinTech,"Work Life Balance, Job Security"
Chegg,4.1,EdTech,"Work Life Balance, Company Culture, Work Satisfaction"
IFB,3.5,Consumer Electronics & Appliances,"Promotions, Company Culture, Work Satisfaction"
ZF Commercial Vehicle Control Systems,3.8,Auto Components,Promotions
Hero Motors Company,3.9,Automobile,"Work Life Balance, Company Culture, Work Satisfaction"
Karur Vysya Bank,3.5,Banking,"Promotions, Work Satisfaction, Company Culture"
Emami,3.8,FMCG,"Work Life Balance, Job Security"
HERE Technologies,3.7,IT Services & Consulting,"Work Life Balance, Company Culture, Job Security"
Patra India,3.5,BPO,Job Security
Bisleri,4.2,Beverage,"Work Life Balance, Job Security, Salary"
KFC,3.9,Hospitality,"Skill Development, Job Security, Company Culture"
Amul India,4.0,Hospitality,"Job Security, Work Life Balance"
Wockhardt,3.8,Pharma,Work Life Balance
Tata Play,4.0,Broadcasting,"Company Culture, Work Life Balance, Job Security"
Marriott International,4.1,Hospitality,"Job Security, Company Culture, Skill Development"
Gujarat Fluorochemicals,3.9,Chemicals,"Job Security, Work Life Balance"
Mercer,3.7,Management Consulting,Job Security
GE VERNOVA,4.1,Power,"Company Culture, Work Life Balance, Work Satisfaction"
Cemindia Projects,4.2,Engineering & Construction,"Job Security, Salary, Company Culture"
Bajaj Capital,3.5,Financial Services,"Promotions, Job Security, Work Satisfaction"
Chetu,3.7,Software Product,Skill Development
Airtel Payments Bank,3.7,Banking,Promotions
Suguna Foods,3.9,Food Processing,"Company Culture, Work Life Balance, Skill Development"
Piramal Pharma,3.9,Pharma,"Job Security, Company Culture, Work Life Balance"
Steel Strips Wheels,3.8,Auto Components,"Promotions, Company Culture, Work Satisfaction"
V5 Global Services,3.9,Recruitment,Work Life Balance
SAI Life Sciences,3.9,Pharma,Salary
SBFC Finance,3.7,NBFC,Promotions
Tanishq,4.2,Jewellery,"Skill Development, Company Culture, Work Life Balance"
Canara Bank,3.6,Banking,Job Security
PNB Housing Finance,3.7,NBFC,"Promotions, Company Culture, Work Life Balance"
Sonata Software,3.4,IT Services & Consulting,"Promotions, Job Security, Salary"
PharmEasy,3.7,Internet,"Job Security, Promotions, Work Satisfaction"
Page Industries,4.1,Fashion & Textile,"Job Security, Work Life Balance, Salary"
XL Dynamics,3.8,IT Services & Consulting,Salary
Dainik Bhaskar Group,4.1,Printing & Publishing,"Company Culture, Skill Development, Work Life Balance"
Evalueserve,3.0,Analytics & KPO,"Promotions, Work Satisfaction, Skill Development"
Amneal Pharmaceuticals,4.2,Pharma,"Work Life Balance, Company Culture, Job Security"
Wheelseye Technology,3.5,Internet,"Promotions, Job Security, Company Culture"
Acuity Analytics,3.1,Analytics & KPO,"Promotions, Work Satisfaction, Skill Development"
Devyani International,3.7,Hospitality,"Promotions, Work Satisfaction"
GMR Group,3.9,Engineering & Construction,"Job Security, Work Life Balance, Company Culture"
VOIS,3.8,IT Services & Consulting,"Work Life Balance, Company Culture, Job Security"
City Union Bank,2.9,Banking,"Work Life Balance, Promotions, Company Culture"
Honda,4.1,Automobile,"Job Security, Work Life Balance, Company Culture"
QualityKiosk Technologies,3.2,IT Services & Consulting,"Promotions, Salary, Work Satisfaction"
Heritage Foods,4.1,Food Processing,"Company Culture, Job Security, Salary"
Tesco,3.6,Retail,"Job Security, Work Life Balance"
Fusion Finance,3.9,NBFC,
Happiest Minds Technologies,3.4,IT Services & Consulting,"Promotions, Salary, Work Satisfaction"
Apco Infratech,3.8,Engineering & Construction,Salary
Ashoka Buildcon,4.2,Engineering & Construction,"Work Satisfaction, Salary, Company Culture"
Nayara Energy,4.2,Oil & Gas,"Salary, Work Life Balance, Job Security"
Gland Pharma,4.0,Pharma,"Work Life Balance, Job Security"
Altimetrik,3.5,IT Services & Consulting,"Job Security, Promotions, Work Satisfaction"
Oracle Cerner,3.3,Software Product,"Promotions, Job Security, Skill Development"
Daimler India Commercial Vehicles,3.9,Automobile,"Work Life Balance, Job Security, Skill Development"
Apexon,3.3,IT Services & Consulting,"Promotions, Job Security, Work Satisfaction"
ALTEN,3.5,IT Services & Consulting,"Promotions, Skill Development, Work Satisfaction"
Jaquar,4.1,Building Material,"Job Security, Work Life Balance, Company Culture"
Indoco Remedies,3.4,Pharma,"Promotions, Job Security, Company Culture"
ISS Facility Services,4.0,Facility Management Services,"Work Life Balance, Company Culture, Job Security"
Aumovio,3.7,Auto Components,Work Life Balance
American Broadcasting Company,4.0,Engineering & Construction,"Company Culture, Work Life Balance, Work Satisfaction"
R Systems International,3.8,IT Services & Consulting,Work Life Balance
Valeo,3.9,Auto Components,"Work Life Balance, Job Security, Company Culture"
MedPlus,3.5,Retail,"Promotions, Company Culture, Work Satisfaction"
Indegene,3.2,Pharma,"Promotions, Work Satisfaction, Company Culture"
Max Fashion,4.0,Retail,"Job Security, Skill Development, Company Culture"
Bharat Forge,3.8,Auto Components,"Promotions, Salary, Company Culture"
Oberoi Group of Hotels,4.0,Hospitality,"Job Security, Skill Development, Company Culture"
Aerial Telecom Solutions,4.0,Telecom,"Work Life Balance, Company Culture, Work Satisfaction"
Nykaa,3.4,Internet,"Promotions, Company Culture, Work Satisfaction"
Aon,3.8,Management Consulting,"Work Life Balance, Job Security, Company Culture"
Amara Raja Energy & Mobility,4.0,Auto Components,"Job Security, Company Culture, Work Life Balance"
Chandigarh University,4.1,Education & Training,"Work Life Balance, Job Security, Skill Development"
CIE Automotive India Limited (Formerly known as Mahindra CIE Automotive Limited),3.7,Auto Components,"Promotions, Company Culture, Salary"
TEKsystems,3.1,IT Services & Consulting,"Promotions, Job Security, Skill Development"
Morningstar,3.6,Financial Services,"Work Life Balance, Company Culture"
Sansera Engineering,4.0,Auto Components,"Skill Development, Company Culture, Work Life Balance"
Honeywell Technology Solutions,3.7,Industrial Automation,"Promotions, Work Satisfaction"
NIIT,3.4,Education & Training,"Promotions, Salary, Work Satisfaction"
JSW Cement,4.0,Building Material,"Job Security, Company Culture, Work Life Balance"
Hyatt Regency,4.1,Hospitality,"Job Security, Skill Development, Company Culture"
Rashmi Metaliks,3.1,Iron & Steel,"Company Culture, Job Security, Promotions"
Vfs Global Services,3.4,IT Services & Consulting,"Promotions, Salary, Company Culture"
HCL Infosystems,4.0,IT Services & Consulting,"Work Life Balance, Job Security, Company Culture"
Sony,4.2,Consumer Electronics & Appliances,"Company Culture, Work Life Balance, Work Satisfaction"
TÜV SÜD,4.0,"Testing, Inspection and Certification (TIC)","Work Life Balance, Company Culture, Work Satisfaction"
Narayana Educational Society,3.5,Education & Training,"Promotions, Company Culture, Work Life Balance"
AB InBev India,3.3,Beverage,"Promotions, Job Security, Work Satisfaction"
Eaton,3.9,Electronics Manufacturing,"Company Culture, Work Life Balance, Job Security"
EOSGlobe,3.0,BPO,"Salary, Promotions, Work Satisfaction"
Citco,3.2,Management Consulting,"Company Culture, Promotions, Work Life Balance"
Tenarai,3.5,Emerging Technologies,"Promotions, Salary, Job Security"
SK Finance Limited,3.8,NBFC,"Promotions, Salary"
Taurus BPO Services,3.9,BPO,"Company Culture, Work Life Balance, Work Satisfaction"
DCM Shriram,4.1,Chemicals,"Job Security, Work Life Balance, Salary"
Adobe,3.7,Software Product,"Company Culture, Work Life Balance"
iMerit,3.2,IT Services & Consulting,"Promotions, Salary, Skill Development"
Tieto,4.0,IT Services & Consulting,"Work Life Balance, Company Culture, Work Satisfaction"
Incedo,2.9,IT Services & Consulting,"Promotions, Work Satisfaction, Job Security"
J. Kumar Infraprojects,4.1,Engineering & Construction,"Work Life Balance, Job Security, Work Satisfaction"
Kantar,3.5,Analytics & KPO,"Promotions, Salary, Work Satisfaction"
Xiaomi,3.8,Consumer Electronics & Appliances,"Promotions, Job Security"
Grant Thornton,3.3,Accounting & Auditing,"Promotions, Work Satisfaction, Salary"
AtkinsRealis,3.7,Engineering & Construction,Work Life Balance
Fino Payments Bank,3.7,Banking,"Promotions, Salary"
Sunknowledge Services,3.3,BPO,Job Security
NetAmbit,4.0,BPO,"Salary, Company Culture, Work Life Balance"
The Muthoot Group,3.6,Financial Services,"Promotions, Work Satisfaction, Salary"
VLCC,3.2,Beauty & Personal Care,"Promotions, Company Culture, Work Life Balance"
Bajaj Housing Finance,3.5,NBFC,"Work Life Balance, Company Culture, Work Satisfaction"
FedEx Express,4.0,Logistics,"Work Life Balance, Job Security, Company Culture"
Slk Software Services,3.2,IT Services & Consulting,"Promotions, Work Satisfaction, Skill Development"
Unisys,3.4,IT Services & Consulting,"Promotions, Skill Development, Work Satisfaction"
Novo Nordisk,3.7,Pharma,Work Life Balance
Agilus Diagnostics,4.0,Healthcare,"Work Life Balance, Company Culture, Work Satisfaction"
Oracle Financial Services Software,3.2,Software Product,"Promotions, Salary, Work Satisfaction"
Acmegrade,3.9,EdTech,"Company Culture, Work Satisfaction, Job Security"
Amity University,3.5,Education & Training,"Promotions, Skill Development, Work Satisfaction"
Tata Group,4.1,IT Services & Consulting,"Company Culture, Work Life Balance, Job Security"
More Supermarket,3.6,Retail,"Job Security, Promotions, Company Culture"
Hire In Global,4.9,Recruitment,"Company Culture, Work Life Balance, Work Satisfaction"
Worley,4.1,Engineering & Construction,"Work Life Balance, Company Culture, Work Satisfaction"
TE Connectivity,4.1,Electronics Manufacturing,"Company Culture, Work Life Balance, Work Satisfaction"
The Ramco Cements,4.0,Building Material,"Job Security, Company Culture, Work Life Balance"
CenturyPly,3.9,Furniture & Furnishing,Salary
Burger King,3.9,Hospitality,"Salary, Job Security, Skill Development"
Iffco Tokio General Insurance Co.,3.8,Insurance,Job Security
NxtWave,3.4,EdTech,"Job Security, Promotions, Work Life Balance"
Sharekhan,3.6,Financial Services,"Promotions, Salary, Work Satisfaction"
RBL FinServe,3.9,Financial Services,Salary
INDIUM,3.9,IT Services & Consulting,"Company Culture, Work Life Balance, Work Satisfaction"
Unichem Laboratories,3.6,Pharma,Job Security
CreditAccess Grameen,3.9,NBFC,"Company Culture, Job Security, Skill Development"
Aptara,3.1,Content Development,"Promotions, Skill Development, Salary"
Astral Pipe,4.0,Building Material,"Work Life Balance, Job Security, Skill Development"
ZF Steering Gear,3.7,Auto Components,Work Life Balance
Viraj Profiles,4.0,Iron & Steel,"Skill Development, Work Life Balance, Job Security"
FDC,3.7,Pharma,"Promotions, Salary"
Brillio,3.4,IT Services & Consulting,"Promotions, Job Security, Work Satisfaction"
Paytm Payments Bank,3.7,Banking,Work Life Balance
IDC Technologies,3.0,IT Services & Consulting,"Job Security, Promotions, Skill Development"
TCS iON,3.8,IT Services & Consulting,Job Security
Aforeserve,3.3,IT Services & Consulting,"Promotions, Salary, Job Security"
OM Logistics,3.9,Logistics,"Job Security, Work Life Balance"
Hatsun Agro Product,3.8,Food Processing,Skill Development
Decathlon,3.7,Retail,"Skill Development, Company Culture, Job Security"
Punjab National Bank,3.9,Banking,Job Security
Apex Group,2.6,Financial Services,"Promotions, Company Culture, Job Security"
Faurecia,3.9,Auto Components,"Company Culture, Skill Development"
Globant,3.2,IT Services & Consulting,"Promotions, Job Security, Work Satisfaction"
Expleo,3.5,IT Services & Consulting,"Promotions, Salary, Work Satisfaction"
Baroda Global Shared Services,3.8,BPO,Work Life Balance
Spandana Sphoorty Financial,3.8,NBFC,Salary
GEP Worldwide,3.6,IT Services & Consulting,Company Culture
Centre for Development of Advanced Computing,3.6,IT Services & Consulting,"Work Life Balance, Job Security"
Bharat FIH,3.7,Electronics Manufacturing,"Promotions, Job Security, Salary"
Shubham Housing Development Finance,4.0,NBFC,"Work Life Balance, Company Culture, Job Security"
Hindware Limited,3.9,Building Material,Work Life Balance
Ion Exchange India,3.8,Waste Management,"Work Life Balance, Job Security"
Nippon Paint India,4.0,Chemicals,"Work Life Balance, Company Culture, Skill Development"
ManpowerGroup,3.6,Recruitment,"Promotions, Job Security, Skill Development"
Spicejet,3.2,Aviation,"Salary, Promotions, Job Security"
Royal Migration Solutions,4.9,Other,"Company Culture, Work Life Balance, Work Satisfaction"
ICICI Prudential Mutual Fund,3.8,Financial Services,"Work Life Balance, Skill Development, Job Security"
Collabera Talent Solutions,3.4,Recruitment,"Promotions, Salary, Work Satisfaction"
Aarvee Associates,3.7,Engineering & Construction,"Promotions, Company Culture, Skill Development"
Mondelez International,4.2,Food Processing,"Salary, Company Culture, Work Life Balance"
Samsung Research,2.9,IT Services & Consulting,"Promotions, Work Satisfaction, Skill Development"
Cinépolis,3.8,Media & Entertainment,"Company Culture, Job Security"
Birla Opus,4.1,Chemicals,"Skill Development, Work Life Balance, Company Culture"
JioMart,3.9,Retail,"Company Culture, Work Life Balance, Skill Development"
GE,4.1,Defence & Aerospace,"Company Culture, Work Life Balance, Work Satisfaction"
Luminous Power Technologies,4.1,Consumer Electronics & Appliances,"Company Culture, Work Life Balance, Job Security"
Atul,3.9,Chemicals,"Job Security, Work Life Balance"
T-Systems ICT India,3.8,IT Services & Consulting,Work Life Balance
Sheenlac Paints,4.1,Chemicals,"Salary, Work Life Balance, Company Culture"
VIBGYOR Group of Schools,3.5,Education & Training,"Promotions, Job Security, Company Culture"
Jakson Group,4.1,Power,"Salary, Work Life Balance, Company Culture"
Pantaloons,3.9,Retail,"Job Security, Skill Development, Company Culture"
Bluestock ™,4.5,FinTech,"Work Life Balance, Work Satisfaction, Skill Development"
DEXIT Global,3.4,IT Services & Consulting,"Promotions, Salary, Work Satisfaction"
Tenneco,3.6,Auto Components,"Promotions, Company Culture, Work Satisfaction"
Fabindia,3.6,Retail,"Work Life Balance, Job Security"
OpenText Technologies,3.3,Software Product,"Job Security, Promotions, Work Satisfaction"
H.G. Infra Engineering,3.9,Engineering & Construction,"Salary, Skill Development"
DP World,3.8,Logistics,Salary
Diageo,3.7,Beverage,"Work Life Balance, Salary"
Godrej Consumer Products,4.0,FMCG,"Work Life Balance, Company Culture, Job Security"
Hindustan Construction Company,4.2,Engineering & Construction,"Company Culture, Work Life Balance, Work Satisfaction"
Vestas,4.1,Power,"Company Culture, Work Life Balance, Work Satisfaction"
ANZ Banking Group,3.7,Banking,Work Life Balance
Willis Towers Watson,3.7,Financial Services,"Work Life Balance, Job Security"
Big Bazaar,4.4,Retail,"Company Culture, Skill Development, Work Satisfaction"
DLF,4.0,Real Estate,"Salary, Work Life Balance, Job Security"
Intertek,3.7,"Testing, Inspection and Certification (TIC)","Promotions, Salary"
KIMS Hospital,3.8,Healthcare,"Promotions, Salary"
Dassault Systemes,3.8,Software Product,"Work Life Balance, Job Security, Company Culture"
AIIMS,4.1,Education & Training,"Skill Development, Work Satisfaction, Work Life Balance"
Shriram Pistons & Rings,4.0,Auto Components,"Job Security, Company Culture, Work Life Balance"
PNC Infratech,3.8,Engineering & Construction,Promotions
Prodapt,3.5,IT Services & Consulting,"Promotions, Salary, Work Satisfaction"
Fresenius Kabi,4.0,Pharma,"Work Life Balance, Company Culture, Job Security"
Arvind Fashions Limited,3.8,Fashion & Textile,Work Life Balance
SKF,4.0,Auto Components,"Company Culture, Work Life Balance, Skill Development"
Ahluwalia Contracts India,4.0,Engineering & Construction,"Job Security, Salary, Work Life Balance"
Mu Sigma,2.6,Analytics & KPO,"Job Security, Work Life Balance, Company Culture"
Colliers India,3.8,Real Estate,Promotions
Zoho,4.1,Software Product,"Job Security, Company Culture, Work Life Balance"
Electronics Corporation of India Limited,4.2,Electronics Manufacturing,"Work Life Balance, Company Culture, Work Satisfaction"
iSON Xperiences,3.1,BPO,"Promotions, Salary, Company Culture"
Kalpataru Limited,4.1,Real Estate,"Job Security, Work Life Balance, Salary"
Automotive Manufacturers,3.8,Automobile,Promotions
Panasonic,4.0,Consumer Electronics & Appliances,"Company Culture, Work Life Balance, Job Security"
Indostar Capital Finance Limited,4.3,NBFC,"Company Culture, Work Life Balance, Work Satisfaction"
Schaeffler India,4.0,Auto Components,"Job Security, Work Life Balance, Company Culture"
Oil And Natural Gas Corporation,4.4,Oil & Gas,"Work Life Balance, Job Security, Company Culture"
Balkrishna Industries,4.0,Auto Components,"Job Security, Salary, Work Life Balance"
Federal Bank,3.6,Banking,"Salary, Job Security"
Innodata India Private Limited,3.8,IT Services & Consulting,"Work Life Balance, Salary"
Nielsen,3.1,Analytics & KPO,"Promotions, Job Security, Skill Development"
Sigma Electric Manufacturing Corporation,3.9,Industrial Machinery,"Company Culture, Work Life Balance, Job Security"
Parexel International,3.8,Clinical Research,"Company Culture, Job Security"
Rockman Industries,3.8,Auto Components,"Job Security, Skill Development"
JTEKT,4.1,Auto Components,"Company Culture, Job Security, Work Life Balance"
Zetwerk,4.0,Industrial Machinery,"Salary, Company Culture, Work Life Balance"
Kirloskar Oil Engines,4.2,Industrial Machinery,"Work Life Balance, Company Culture, Job Security"
AGS Transact Technologies,2.9,FinTech,"Promotions, Salary, Job Security"
Dell EMC,3.6,IT Services & Consulting,"Promotions, Job Security, Salary"
Wind World,3.9,Power,"Work Life Balance, Job Security, Work Satisfaction"
Synchrony,4.3,Financial Services,"Company Culture, Job Security, Work Life Balance"
Innova Solutions,3.3,IT Services & Consulting,"Promotions, Job Security, Skill Development"
JK Lakshmi Cement,3.7,Building Material,"Promotions, Job Security, Skill Development"
Meril,3.5,Medical Equipment,Job Security
Strides Pharma,3.9,Pharma,"Skill Development, Salary"
Qualcomm,3.7,Semiconductors,Salary
Fidelity Investments,4.1,Financial Services,"Company Culture, Work Life Balance, Work Satisfaction"
Genius HRTech,3.7,Recruitment,"Promotions, Job Security, Salary"
DENSO,4.2,Auto Components,"Job Security, Company Culture, Work Life Balance"
ExcelR,3.5,Education & Training,"Promotions, Job Security, Salary"
Prism Johnson,3.7,Building Material,"Promotions, Work Satisfaction"
Leadec India,4.0,Facility Management Services,"Work Life Balance, Job Security, Company Culture"
Imperial Auto Industries,3.7,Auto Components,"Promotions, Company Culture, Salary"
Aparna Constructions and Estates,3.9,Real Estate,"Job Security, Skill Development, Salary"
IIFL Home Finance,3.7,NBFC,Promotions
Indira IVF Hospital,3.9,Healthcare,"Company Culture, Work Life Balance, Salary"
Aptiv,3.4,Auto Components,"Promotions, Work Satisfaction, Company Culture"
ACG Worldwide,3.8,Pharma,Promotions
Fidelity National Financial,3.7,Financial Services,Job Security
EbixCash Limited,3.5,Software Product,"Promotions, Salary, Skill Development"
HFCL Limited,3.8,Telecom,Work Life Balance
Rupeek,4.1,FinTech,"Work Life Balance, Company Culture, Work Satisfaction"
Deccan Fine Chemicals,3.6,Agro Chemicals,"Company Culture, Work Satisfaction, Promotions"
Salesforce,3.9,Software Product,"Salary, Company Culture, Work Life Balance"
Best Sellers,4.0,Retail,"Company Culture, Work Life Balance, Skill Development"
Jindal X,3.5,BPO,"Job Security, Promotions, Work Satisfaction"
Sri Chaitanya Techno Schools,3.4,Education & Training,"Promotions, Salary, Company Culture"
Birla Corporation,4.0,Building Material,"Work Life Balance, Job Security, Company Culture"
London Stock Exchange Group,3.6,Financial Services,"Promotions, Skill Development, Work Satisfaction"
Baazar Retail Private Limited,4.4,Retail,"Work Life Balance, Company Culture, Work Satisfaction"
Intel,4.1,Semiconductors,"Work Life Balance, Company Culture, Work Satisfaction"
Electronica Finance,4.1,NBFC,"Salary, Work Life Balance, Skill Development"
Svatantra Microfin,3.9,NBFC,"Company Culture, Skill Development"
V2 Retail,3.3,Retail,"Job Security, Company Culture, Work Satisfaction"
Thyrocare Technologies,3.7,Healthcare,"Promotions, Salary"
Johnson Lifts,3.9,Industrial Machinery,"Job Security, Work Life Balance"
Biocon Biologics,3.7,Biotechnology,"Promotions, Work Satisfaction, Job Security"
MDIndia Health Insurance TPA,3.6,Insurance,"Promotions, Salary"
Asirvad Microfinance,3.8,NBFC,"Promotions, Skill Development"
INDO-MIM,4.1,Metals & Mining,"Job Security, Work Life Balance, Company Culture"
Dhoot Transmission,3.7,Auto Components,"Promotions, Salary, Work Satisfaction"
Coca-Cola Company,4.0,Beverage,"Work Life Balance, Skill Development, Company Culture"
Apollo Health and Lifestyle Limited,4.3,Healthcare,"Work Life Balance, Job Security, Company Culture"
PayPal,3.7,FinTech,"Salary, Work Life Balance, Company Culture"
Nilkamal,3.6,Furniture & Furnishing,"Promotions, Skill Development, Company Culture"
Jabil Circuit India,4.0,Electronics Manufacturing,"Company Culture, Skill Development, Work Life Balance"
1Point1 Solutions Ltd,3.7,IT Services & Consulting,"Promotions, Salary"
CaratLane - A Tata Product,4.0,Jewellery,"Skill Development, Company Culture, Job Security"
PHN Technology,4.2,EdTech,"Company Culture, Work Life Balance, Skill Development"
Hinduja Housing Finance,3.7,NBFC,"Promotions, Company Culture"
Stanza Living,3.3,Internet,"Job Security, Promotions, Company Culture"
Unity Small Finance Bank,3.5,Banking,"Promotions, Job Security, Work Satisfaction"
Navitasys India,4.0,Electronics Manufacturing,"Salary, Work Life Balance, Job Security"
The Jaypee Group,3.8,Engineering & Construction,"Job Security, Work Life Balance"
Air India Sats Airport Services,3.6,Aviation,"Promotions, Salary, Company Culture"
Podar International School,4.0,Education & Training,"Company Culture, Job Security, Skill Development"
Kohler,3.6,Building Material,"Promotions, Job Security, Work Satisfaction"
Motilal Oswal Home Finance,4.2,NBFC,"Skill Development, Company Culture, Work Life Balance"
Edelweiss Life Insurance,3.7,Insurance,Promotions
Kinara Capital,4.4,NBFC,"Company Culture, Work Life Balance, Work Satisfaction"
Bajaj Motors,3.9,Auto Components,"Work Life Balance, Work Satisfaction, Skill Development"
TÜV NORD,3.7,"Testing, Inspection and Certification (TIC)","Promotions, Company Culture, Job Security"
Unicharm,3.9,FMCG,Salary
Hitachi Energy,4.0,Power,"Job Security, Work Life Balance, Company Culture"
Jacobs Engineering Group,4.2,Engineering & Construction,"Work Life Balance, Company Culture, Work Satisfaction"
FOCUS EDUMATICS,3.0,EdTech,"Job Security, Promotions, Skill Development"
Dishtv,3.4,Broadcasting,"Promotions, Job Security, Work Satisfaction"
SLMG Beverages,3.9,Beverage,Work Life Balance
TK Elevator,3.8,Industrial Machinery,Promotions
Ocwen Financial Solutions,3.7,Financial Services,"Promotions, Skill Development, Salary"
Onward Technologies Inc,2.8,IT Services & Consulting,"Job Security, Promotions, Skill Development"
MG Motor,3.8,Automobile,Promotions
Barclays Shared Services,3.7,Financial Services,"Promotions, Skill Development, Work Satisfaction"
Aarvi Encon,3.9,Recruitment,"Work Life Balance, Salary"
Hyundai Mobis,3.6,Auto Components,"Job Security, Salary"
Malabar Gold and Diamonds,4.0,Jewellery,"Job Security, Company Culture, Skill Development"
Tata Capital Housing Finance,4.0,NBFC,"Job Security, Skill Development, Salary"
Advantmed,3.9,Healthcare,"Company Culture, Job Security, Skill Development"
Barbeque Nation,3.8,Hospitality,"Company Culture, Job Security, Skill Development"
Sundaram Finance,3.9,NBFC,"Job Security, Company Culture, Work Life Balance"
ICON Plc,4.0,Clinical Research,"Company Culture, Work Life Balance, Job Security"
Zydus Wellness,4.0,FMCG,"Salary, Work Life Balance, Job Security"
Piaggio,3.6,Automobile,"Promotions, Job Security, Company Culture"
MAHLE ANAND Filter Systems,3.9,Auto Components,"Job Security, Company Culture, Work Life Balance"
Edelweiss,3.6,Financial Services,"Promotions, Work Satisfaction, Job Security"
Godrej Agrovet,4.0,Agriculture,"Company Culture, Job Security, Skill Development"
Hikal,3.8,Pharma,"Job Security, Work Life Balance"
HPCL-Mittal Energy Limited,4.4,Petrochemicals,"Work Life Balance, Job Security, Company Culture"
Motherson Sumi Wiring,3.7,Electrical Equipment,Job Security
Kirloskar Brothers,3.8,Industrial Machinery,Work Life Balance
Tube Investments of India,3.8,Auto Components,Job Security
Knorr-Bremse,3.3,Auto Components,"Promotions, Job Security, Work Satisfaction"
BDR Pharmaceuticals International,4.2,Pharma,"Job Security, Company Culture, Work Satisfaction"
Syngenta,4.1,Agriculture,"Work Life Balance, Company Culture, Skill Development"
Shyam Steel Group,3.5,Iron & Steel,"Work Satisfaction, Promotions, Skill Development"
Gmmco,4.1,Industrial Machinery,"Skill Development, Work Life Balance, Job Security"
Sri Chaitanya Educational Institutions,3.5,Education & Training,"Promotions, Company Culture, Work Life Balance"
Vedanta Aluminium Metal,3.8,Metals & Mining,"Salary, Job Security"
CALIBEHR,4.0,IT Services & Consulting,"Company Culture, Work Life Balance, Skill Development"
Power Grid Corporation of India,4.3,Power,"Company Culture, Salary, Work Life Balance"
QX Global Group,3.0,BPO,"Promotions, Job Security, Salary"
Netcracker Technology,2.9,IT Services & Consulting,"Promotions, Job Security, Company Culture"
Thermo Fisher Scientific,3.8,Biotechnology,"Work Life Balance, Job Security"
Wonder Home Finance,4.6,NBFC,"Company Culture, Work Life Balance, Skill Development"
Saipem,4.2,Engineering & Construction,"Job Security, Work Life Balance, Work Satisfaction"
Crompton Greaves Consumer Electricals,3.7,Consumer Electronics & Appliances,Salary
Writer Information Management Services,3.2,BPO,"Promotions, Salary, Company Culture"
ALLEN Career Institute,3.7,Education & Training,"Promotions, Work Satisfaction, Skill Development"
Gharda Chemicals Limited,4.0,Agro Chemicals,"Job Security, Work Life Balance, Skill Development"
Dana Anand,4.0,Auto Components,"Job Security, Company Culture, Skill Development"
Wistron,4.1,Electronics Manufacturing,"Job Security, Company Culture, Work Life Balance"
Pernod Ricard,3.5,Beverage,Salary
TKIL,4.0,Industrial Machinery,"Work Life Balance, Job Security, Company Culture"
Skipper,3.8,Industrial Machinery,Promotions
Siemens Energy,4.0,Power,"Work Life Balance, Job Security, Company Culture"
Vertiv,3.8,Electronics Manufacturing,Job Security
Metropolis Healthcare,3.8,Healthcare,Skill Development
Renault Nissan Automotive India Private Limited,4.2,Automobile,"Company Culture, Work Life Balance, Job Security"
GVPR Engineers,3.9,Engineering & Construction,"Salary, Work Life Balance"
Greenko Group,3.9,Power,"Job Security, Work Life Balance"
Adani Ports and SEZ,3.7,Ports & Shipping,"Promotions, Job Security, Company Culture"
Tata Cummins,4.4,Auto Components,"Company Culture, Work Life Balance, Work Satisfaction"
Fractal Analytics,3.9,Analytics & KPO,"Company Culture, Work Life Balance, Job Security"
Integra Software Services,4.2,IT Services & Consulting,"Job Security, Company Culture, Work Life Balance"
GAIL,4.5,Oil & Gas,"Company Culture, Work Life Balance, Work Satisfaction"
Uber,4.0,Internet,"Work Life Balance, Company Culture, Salary"
Aspire Systems,3.7,IT Services & Consulting,"Job Security, Work Life Balance"
Wheels,3.9,Auto Components,"Job Security, Skill Development"
IB Group,3.7,Food Processing,"Promotions, Company Culture, Work Satisfaction"
ValueMomentum,3.2,IT Services & Consulting,"Promotions, Company Culture, Work Satisfaction"
Syrma SGS Technologies,4.0,Electronics Manufacturing,"Job Security, Company Culture, Work Life Balance"
Vayona Energy,4.0,Power,"Work Life Balance, Company Culture, Work Satisfaction"
Hindustan Zinc,3.7,Metals & Mining,Salary
Zudio,3.9,Retail,"Job Security, Skill Development"
Atlas Copco,4.0,Industrial Machinery,"Job Security, Company Culture, Work Life Balance"
Vaco Binary Semantics,3.0,IT Services & Consulting,"Promotions, Skill Development, Work Satisfaction"
Bajaj Capital Insurance Broking Limited,4.3,Insurance,"Company Culture, Skill Development, Work Life Balance"
United Breweries,3.4,Beverage,"Promotions, Job Security, Company Culture"
Suzuki Motorcycle,4.0,Automobile,"Job Security, Work Life Balance, Company Culture"
VMware Software,4.3,Software Product,"Salary, Company Culture, Work Life Balance"
Zf Rane Automotive,3.9,Auto Components,"Job Security, Skill Development"
Arohan Financial Services,3.8,NBFC,Salary
Hitachi Payment Services,3.6,FinTech,"Promotions, Job Security, Salary"
BirlaNu,3.8,Building Material,Promotions
Lakshmi Machine Works,3.8,Industrial Machinery,Job Security
NBC Bearings,3.9,Auto Components,"Job Security, Work Life Balance"
Otis Elevator,4.1,Industrial Machinery,"Work Life Balance, Job Security, Company Culture"
Amara Raja Group,4.1,Auto Components,"Job Security, Company Culture, Work Life Balance"
Bharat Sanchar Nigam,3.8,Telecom,"Work Life Balance, Job Security"
Thomas Cook,4.1,Travel & Tourism,"Job Security, Company Culture, Skill Development"
Vistaar Finance,3.8,NBFC,Salary
Fortrea Development India Private Limited,3.9,Clinical Research,"Work Life Balance, Company Culture"
Northcorp Software,4.8,IT Services & Consulting,"Company Culture, Work Life Balance, Work Satisfaction"
Merino Industries,3.7,Building Material,"Promotions, Company Culture, Work Satisfaction"
Skoda Auto Volkswagen India,3.8,Automobile,"Work Life Balance, Company Culture"
Aparajitha Corporate Services,3.8,Legal,"Work Life Balance, Job Security, Skill Development"
Technip Energies,3.9,Engineering & Construction,"Job Security, Company Culture, Work Life Balance"
Spencer's Retail,3.7,Retail,"Promotions, Job Security"
Allianz Technology,4.0,IT Services & Consulting,"Work Life Balance, Company Culture, Job Security"
Nexa,3.9,Automobile,Skill Development
Comviva Technology,2.7,Software Product,"Promotions, Salary, Work Satisfaction"
Perfetti Van Melle,4.2,FMCG,"Company Culture, Work Life Balance, Work Satisfaction"
Star Cement,4.0,Building Material,"Job Security, Work Life Balance, Company Culture"
Westside,3.7,Retail,"Job Security, Skill Development"
Wonder Cement,4.2,Building Material,"Salary, Company Culture, Work Life Balance"
Nippon Life India Asset Management,4.5,Financial Services,"Work Life Balance, Company Culture, Work Satisfaction"
Lemon Tree Hotels,4.0,Hospitality,"Company Culture, Job Security, Work Life Balance"
Psp Projects,3.8,Engineering & Construction,Salary
Salcomp Manufacturing,4.0,Electronics Manufacturing,"Job Security, Work Life Balance, Skill Development"
Tiger Analytics,3.8,IT Services & Consulting,"Skill Development, Salary, Company Culture"
Xyz Company,3.8,Financial Services,"Company Culture, Work Life Balance, Job Security"
Bounteous,3.1,IT Services & Consulting,"Promotions, Job Security, Company Culture"
GlobalData,3.3,Analytics & KPO,"Promotions, Salary, Skill Development"
Jet Airways,4.6,Aviation,"Work Satisfaction, Company Culture, Work Life Balance"
Klm Axiva Finvest,4.3,NBFC,"Work Life Balance, Company Culture, Work Satisfaction"
Pristyn Care,3.1,Internet,"Work Life Balance, Job Security, Work Satisfaction"
iQor Global Services,3.2,BPO,"Promotions, Job Security, Work Satisfaction"
MakeMyTrip,3.5,Travel & Tourism,"Promotions, Work Satisfaction, Salary"
Colgate Palmolive,3.9,FMCG,"Company Culture, Work Life Balance"
Visionet Systems,3.3,IT Services & Consulting,"Promotions, Salary, Work Satisfaction"
Secure Meters,3.9,Electronics Manufacturing,"Job Security, Company Culture, Work Life Balance"
SitusAMC,3.2,Financial Services,"Promotions, Skill Development, Company Culture"
Mastek,3.6,IT Services & Consulting,"Promotions, Salary, Work Satisfaction"
Marsh McLennan,3.9,Management Consulting,"Work Life Balance, Job Security, Company Culture"
National Payments Corporation of India,3.9,FinTech,"Job Security, Skill Development, Work Life Balance"
Ceasefire Industries,3.1,Industrial Machinery,"Promotions, Job Security, Company Culture"
MasterCard,3.8,FinTech,"Company Culture, Work Life Balance, Salary"
VeeTechnologies,4.0,IT Services & Consulting,"Job Security, Company Culture, Work Life Balance"
Xebia,2.9,IT Services & Consulting,"Promotions, Job Security, Work Satisfaction"
Cult.fit,3.4,Fitness & Wellness,"Promotions, Job Security, Work Satisfaction"
KEI Industries,4.3,Electrical Equipment,"Salary, Job Security, Work Life Balance"
JSW Group,3.9,Iron & Steel,"Job Security, Company Culture, Work Life Balance"
Collins Aerospace,3.8,Defence & Aerospace,"Work Life Balance, Job Security"
Amazon Web Services,3.8,IT Services & Consulting,Salary
M3M India,4.1,Real Estate,"Salary, Work Life Balance, Skill Development"
AstraZeneca,3.8,Pharma,"Salary, Work Life Balance, Company Culture"
Quantiphi Analytics Solutions Private Limited,3.0,IT Services & Consulting,"Job Security, Promotions, Work Life Balance"
Astral Adhesives,3.8,Chemicals,Salary
TradeIndia (Infocom Network Private Limited),3.3,Internet,"Promotions, Work Satisfaction, Company Culture"
C&S Electric,4.0,Electrical Equipment,"Work Life Balance, Job Security"
Entain,3.6,IT Services & Consulting,Work Life Balance
Rebel Foods,3.7,Hospitality,"Promotions, Work Satisfaction"
Napino Auto & Electronics,4.0,Auto Components,"Work Life Balance, Salary"
JSW Paints,3.8,Chemicals,"Promotions, Work Satisfaction"
Lumina Datamatics,3.1,IT Services & Consulting,"Promotions, Salary, Skill Development"
Natco Pharma,3.9,Pharma,"Work Life Balance, Job Security, Salary"
Mahindra Automotives,3.9,Automobile,"Job Security, Skill Development"
Defence Research & Development Organisation,4.4,Defence & Aerospace,"Work Life Balance, Company Culture, Work Satisfaction"
Guidehouse,3.5,Management Consulting,Salary
Sahara India Pariwar,4.0,Broadcasting,"Work Life Balance, Company Culture"
Yokohama Off-Highway Tires,3.7,Auto Components,"Promotions, Work Satisfaction, Company Culture"
Capacit'e Infraprojects,3.7,Engineering & Construction,"Promotions, Company Culture"
eClinicalWorks,3.6,Software Product,Job Security
General Mills,4.0,Food Processing,"Company Culture, Work Life Balance, Job Security"
Bhanzu,3.7,EdTech,"Job Security, Promotions"
Xceedance,3.5,IT Services & Consulting,"Promotions, Work Satisfaction, Salary"
Temenos,3.2,Software Product,"Promotions, Job Security, Work Satisfaction"
J B Chemicals And Pharmaceuticals,3.9,Pharma,"Work Life Balance, Salary"
Shriram General Insurance,3.5,Insurance,"Salary, Promotions, Company Culture"
Lowe's,4.0,Retail,"Company Culture, Work Life Balance, Job Security"
Jyothy Labs,4.0,FMCG,"Salary, Company Culture, Job Security"
CarDekho Group,3.6,Internet,"Promotions, Job Security, Skill Development"
LanceSoft,3.1,Recruitment,"Promotions, Job Security, Company Culture"
JW Marriott,4.2,Hospitality,"Job Security, Skill Development, Company Culture"
Pizza Hut,4.0,Hospitality,"Skill Development, Job Security, Company Culture"
TechnipFMC,3.8,Engineering & Construction,"Work Life Balance, Company Culture"
Navayuga Engineering Company,3.9,Engineering & Construction,"Job Security, Work Life Balance"
Amphenol Interconnect,4.2,Electrical Equipment,"Work Life Balance, Work Satisfaction, Job Security"
Softenger,4.0,IT Services & Consulting,"Company Culture, Work Life Balance, Work Satisfaction"
Kendriya Vidyalaya Sangathan,4.2,Education & Training,"Work Life Balance, Company Culture, Skill Development"
Everest Industries,3.9,Building Material,Work Life Balance
LOREAL,3.7,Beauty & Personal Care,"Promotions, Work Satisfaction"
Hiranandani Financial Services,4.4,NBFC,"Company Culture, Salary, Work Life Balance"
Cohance Lifesciences,3.9,Pharma,"Work Life Balance, Salary"
Signify,3.4,Consumer Electronics & Appliances,"Promotions, Work Satisfaction, Company Culture"
VIP Industries,3.8,Retail,"Promotions, Job Security, Company Culture"
Aristo Pharmaceuticals,3.9,Pharma,"Work Life Balance, Job Security"
Barclays Global Service Centre,3.8,IT Services & Consulting,Work Life Balance
Incheon Motors,4.7,Automobile,"Company Culture, Job Security, Skill Development"
Adani Enterprises,3.7,Metals & Mining,"Promotions, Company Culture, Work Satisfaction"
Pricol,3.9,Auto Components,Skill Development
KreditBee,4.0,FinTech,"Work Life Balance, Company Culture, Work Satisfaction"
MAS Financial Services Ltd,3.5,NBFC,"Promotions, Job Security, Work Satisfaction"
Timken,3.9,Industrial Machinery,"Work Life Balance, Job Security"
Financial Software & Systems,3.6,Software Product,"Promotions, Salary, Work Satisfaction"
SFO Technologies,3.4,Electronics Manufacturing,"Promotions, Salary, Company Culture"
Knight Frank,4.0,Real Estate,"Company Culture, Work Life Balance, Job Security"
Jaro Education,3.4,Education & Training,Salary
SYSKA LED Lights,2.8,Consumer Electronics & Appliances,"Promotions, Job Security, Salary"
Pramerica Life Insurance,3.6,Insurance,"Promotions, Skill Development, Work Satisfaction"
ICCS,3.0,BPO,"Promotions, Job Security, Salary"
KMV Projects Limited,4.2,Engineering & Construction,"Salary, Company Culture, Work Life Balance"
CIEL HR,3.9,Recruitment,"Work Life Balance, Company Culture"
Greenlam Industries,4.1,Building Material,"Job Security, Salary, Company Culture"
Medha Servo Drives,4.3,Electrical Equipment,"Job Security, Skill Development, Company Culture"
Reliance Power,4.1,Power,"Job Security, Work Life Balance, Company Culture"
"Commonwealth Bank of Australia, India",2.7,Financial Services,"Promotions, Job Security, Work Satisfaction"
Re Sustainability Limited,3.8,Waste Management,"Job Security, Work Life Balance"
Target,4.1,Retail,"Work Life Balance, Company Culture, Job Security"
Velocis Systems,3.8,IT Services & Consulting,"Work Life Balance, Job Security"
Regulated Council of Immigration Consultants,4.9,Other,"Company Culture, Work Life Balance, Work Satisfaction"
Godfrey Phillips India,3.9,FMCG,"Work Life Balance, Job Security, Skill Development"
Steag Energy Services,4.3,Power,"Job Security, Work Life Balance, Company Culture"
Gannon Dunkerley & Co.,3.4,Engineering & Construction,"Salary, Promotions, Company Culture"
Sandhar Technologies,3.7,Auto Components,"Promotions, Company Culture, Work Satisfaction"
Tafe Motors & Tractors,3.8,Industrial Machinery,"Promotions, Salary"
Shivalik Small Finance Bank,4.2,Banking,"Job Security, Skill Development, Company Culture"
Wakefit,3.8,Furniture & Furnishing,Promotions
Volvo,4.0,Automobile,"Work Life Balance, Job Security, Company Culture"
Volvo,4.0,Automobile,"Work Life Balance, Job Security, Company Culture"
Altisource,3.5,Real Estate,"Promotions, Job Security, Skill Development"
Alorica,3.1,BPO,"Promotions, Company Culture, Work Satisfaction"
Wipro PARI,3.2,Industrial Automation,"Promotions, Company Culture, Work Life Balance"
OCS Group,4.1,Facility Management Services,"Work Life Balance, Company Culture, Work Satisfaction"
Orient Electric,3.7,Consumer Electronics & Appliances,Work Life Balance
Renault-Nissan,3.8,Automobile,"Work Life Balance, Job Security"
Nasser S. Al Hajri Corporation,3.6,Engineering & Construction,Job Security
Sona Comstar,4.0,Auto Components,"Company Culture, Work Life Balance, Job Security"
Hathway,3.3,Telecom,"Promotions, Work Satisfaction, Job Security"
Bayer,4.0,Pharma,"Work Life Balance, Company Culture, Work Satisfaction"
Ascendion,3.1,IT Services & Consulting,"Promotions, Job Security, Work Satisfaction"
Medhaj Techno Concept,4.0,Management Consulting,"Work Life Balance, Company Culture, Work Satisfaction"
Deepak Fertilisers and Petrochemicals,4.0,Chemicals,"Job Security, Work Life Balance, Skill Development"
Aviva Life Insurance India,3.3,Insurance,"Job Security, Promotions, Work Satisfaction"
ACL Digital,3.5,IT Services & Consulting,"Promotions, Job Security, Skill Development"
WSP in India,4.2,Oil & Gas,"Work Life Balance, Company Culture, Job Security"
Test Yantra Software Solutions,2.9,IT Services & Consulting,"Promotions, Job Security, Company Culture"
Mando Automotive,4.0,Auto Components,"Job Security, Skill Development, Company Culture"
Naukri,4.0,Internet,"Job Security, Company Culture, Work Life Balance"
Petrofac,4.3,Oil & Gas,"Salary, Work Life Balance, Company Culture"
Jubilant Pharmova,3.8,Pharma,Promotions
Vijay Sales,3.9,Retail,"Job Security, Salary, Company Culture"
Intellipaat Software Solutions,3.7,EdTech,
Tikona Infinet,3.4,Telecom,"Promotions, Salary, Job Security"
FLSmidth,3.6,Industrial Machinery,Work Life Balance
Schlumberger,3.7,Oil & Gas,"Work Life Balance, Company Culture"
Yashoda Hospitals,3.9,Healthcare,"Company Culture, Work Life Balance, Job Security"
Carborundum Universal Limited,3.6,Industrial Machinery,"Promotions, Work Satisfaction, Company Culture"
FastInfo,4.2,Internet,"Company Culture, Skill Development, Work Life Balance"
Michelin,3.7,Auto Components,"Work Life Balance, Job Security, Company Culture"
GE Healthcare,3.9,Medical Equipment,"Company Culture, Work Life Balance, Job Security"
Truhome Finance,3.7,Financial Services,Salary
Satya MicroCapital,3.7,NBFC,Salary
HomeLane,3.3,Architecture & Interior Design,"Job Security, Promotions, Work Life Balance"
Experis IT,2.9,Recruitment,"Promotions, Job Security, Skill Development"
Episource,3.9,IT Services & Consulting,"Company Culture, Job Security, Skill Development"
Ather Energy,4.1,Automobile,"Company Culture, Work Life Balance, Skill Development"
Impact Infotech Pvt. Ltd.,3.8,IT Services & Consulting,Promotions
Nibav Lifts,4.0,Industrial Machinery,"Salary, Work Satisfaction, Skill Development"
HT Media,3.0,Media & Entertainment,"Promotions, Work Satisfaction, Skill Development"
Ageas Federal Life Insurance,3.5,Insurance,"Promotions, Job Security, Skill Development"
Alok Industries,3.6,Fashion & Textile,"Promotions, Company Culture, Salary"
Nirma,4.3,FMCG,"Job Security, Work Life Balance, Work Satisfaction"
Apotex Research,3.7,Pharma,"Promotions, Job Security, Work Satisfaction"
Simplilearn,3.7,EdTech,"Promotions, Salary"
Nityo Infotech,3.2,IT Services & Consulting,"Job Security, Promotions, Company Culture"
Apar Industries,4.1,Semiconductors,"Company Culture, Work Life Balance, Job Security"
Silaris Informations,3.0,BPO,"Promotions, Salary, Company Culture"
Ashirvad Pipes,3.8,Building Material,"Salary, Skill Development"
Netscribes,2.7,Analytics & KPO,"Promotions, Salary, Job Security"
Acme Cleantech Solutions,4.0,Power,"Salary, Work Life Balance, Work Satisfaction"
Casagrand,3.7,Real Estate,Job Security
Amazon Sellers Services,4.0,Internet,"Salary, Company Culture, Skill Development"
Neel Metal Products,4.0,Auto Components,"Job Security, Skill Development, Work Life Balance"
Egis India Consulting Engineers,4.3,Engineering & Construction,"Work Life Balance, Company Culture, Work Satisfaction"
Sundaram Clayton,3.9,Auto Components,"Skill Development, Salary"
Musashi Auto Parts,3.9,Auto Components,Company Culture
UKG,2.8,Software Product,"Job Security, Promotions, Work Satisfaction"
Victura Technologies Private Limited,4.0,Automobile,"Job Security, Skill Development, Work Life Balance"
Updater Services,3.6,Facility Management Services,"Promotions, Company Culture, Job Security"
Fedbank Financial Services,4.0,NBFC,"Work Life Balance, Company Culture, Job Security"
India Shelter Finance Corporation,3.8,NBFC,Promotions
Bosch Chassis Systems,4.1,Auto Components,"Company Culture, Work Life Balance, Work Satisfaction"
Ups Logistics,3.6,Logistics,"Promotions, Skill Development, Company Culture"
H&M,3.8,Fashion & Textile,"Work Life Balance, Company Culture, Job Security"
MOURI Tech,3.6,IT Services & Consulting,"Job Security, Promotions, Salary"
Epsilon,3.6,Marketing & Advertising,"Company Culture, Work Life Balance"
Centum Electronics,3.3,Electronics Manufacturing,"Promotions, Salary, Company Culture"
BDO,3.1,Accounting & Auditing,"Promotions, Company Culture, Work Satisfaction"
Rohan Builders,4.1,Real Estate,"Job Security, Salary, Company Culture"
RAMTeCH Software Solutions,3.6,IT Services & Consulting,Job Security
National Health Mission,3.4,Healthcare,"Promotions, Salary, Job Security"
TNQ Tech Private Limited,3.6,Printing & Publishing,"Promotions, Salary, Work Satisfaction"
Tata Starbucks,4.1,Hospitality,"Job Security, Company Culture, Work Life Balance"
Aircel,4.4,Telecom,"Company Culture, Work Life Balance, Work Satisfaction"
IDEMIA,3.8,Electronics Manufacturing,"Work Life Balance, Job Security"
Magna International,3.9,Auto Components,Work Life Balance
Patel Infrastructure Limited,4.4,Engineering & Construction,"Company Culture, Work Life Balance, Work Satisfaction"
Waaree Energies,3.9,Power,"Salary, Work Life Balance, Job Security"
Swaraj Tractors,4.1,Automobile,"Job Security, Company Culture, Work Life Balance"
Marks & Spencer,3.8,Retail,"Job Security, Work Life Balance"
RR kabel,4.1,Electrical Equipment,"Company Culture, Work Life Balance, Job Security"
Metso,4.0,Metals & Mining,"Company Culture, Work Life Balance, Job Security"
Clarivate,3.7,Analytics & KPO,"Work Life Balance, Company Culture"
Rico Auto Industries,3.8,Auto Components,Job Security
Vedanta Limited,3.6,Metals & Mining,Salary
Parag Milk Foods,3.8,Food Processing,Work Life Balance
Tata Chemicals,3.9,Chemicals,"Job Security, Work Life Balance, Skill Development"
Shilpa Medicare,3.3,Pharma,"Company Culture, Job Security, Work Satisfaction"
Athena BPO,3.2,BPO,"Promotions, Salary, Company Culture"
Porter,3.5,Internet,"Promotions, Job Security, Skill Development"
Five-Star Business Finance,4.1,NBFC,"Work Life Balance, Job Security, Company Culture"
Tata Power Solar,4.1,Power,"Job Security, Work Life Balance, Work Satisfaction"
Volkswagen,4.1,Automobile,"Work Life Balance, Company Culture, Work Satisfaction"
KGISL,3.2,IT Services & Consulting,"Promotions, Salary, Company Culture"
Nlb Services,3.5,Recruitment,"Promotions, Job Security, Skill Development"
Khazana Jewellery,4.3,Jewellery,"Company Culture, Skill Development, Job Security"
Shaktiman Tirth Agro Technology,3.9,Industrial Machinery,Job Security
C.R.I. Pumps,3.8,Industrial Machinery,Promotions
Panacea Biotec,3.5,Biotechnology,"Promotions, Job Security, Work Satisfaction"
Sutherland Healthcare Solutions,3.6,Analytics & KPO,Job Security
Union Bank of India,3.9,Banking,Job Security
Petpooja,3.8,Software Product,"Company Culture, Work Life Balance, Skill Development"
Jaya Hind Industries,3.7,Auto Components,"Promotions, Job Security, Company Culture"
HP India,3.7,Consumer Electronics & Appliances,Work Life Balance
Nexdigm,3.6,Management Consulting,"Promotions, Salary"
Dineshchandra R. Agrawal Infracon,4.0,Engineering & Construction,"Job Security, Salary, Work Life Balance"
Future Focus Infotech,3.3,IT Services & Consulting,"Promotions, Job Security, Skill Development"
enGen Global,3.8,IT Services & Consulting,"Work Life Balance, Company Culture"
Parekh Integrated Services,4.0,Logistics,"Job Security, Work Life Balance, Company Culture"
K Raheja Corp,4.1,Hospitality,"Work Life Balance, Company Culture, Job Security"
Eris Lifesciences,3.5,Pharma,"Company Culture, Work Satisfaction, Work Life Balance"
Welspun Corp,3.9,Iron & Steel,"Skill Development, Salary"
Rockwell Automation,3.8,Industrial Automation,"Work Life Balance, Company Culture"
Rashmi Group,3.5,Iron & Steel,"Company Culture, Promotions, Work Life Balance"
Ugro Capital,3.7,NBFC,Salary
AJIO,3.6,Internet,"Promotions, Company Culture, Work Satisfaction"
Tata Hitachi Construction Machinery,4.0,Industrial Machinery,"Job Security, Work Life Balance, Company Culture"
Lumen Technologies,3.7,Hardware & Networking,Work Life Balance
Rodic Consultants,4.2,Engineering & Construction,"Work Life Balance, Company Culture, Work Satisfaction"
BGR Energy Systems,3.9,Engineering & Construction,"Work Life Balance, Work Satisfaction"
Next Education India,3.2,EdTech,"Promotions, Job Security, Salary"
Precision Infomatic M Pvt Ltd,3.8,IT Services & Consulting,Job Security
Principal Financial Group,3.6,Insurance,Job Security
Bechtel,3.9,Engineering & Construction,"Salary, Company Culture"
Syneos Health,3.4,Clinical Research,"Promotions, Skill Development, Work Satisfaction"
Ramkrishna Forgings,3.5,Auto Components,"Promotions, Company Culture, Work Satisfaction"
Poly Medicure,3.4,Medical Equipment,"Job Security, Promotions, Company Culture"
Torry Harris Integration Solutions,4.1,IT Services & Consulting,Work Life Balance
DBG Technology,3.7,Electronics Manufacturing,Salary
AuthBridge Research Services,3.0,IT Services & Consulting,"Promotions, Job Security, Skill Development"
LEAD School,3.2,EdTech,"Job Security, Promotions, Work Satisfaction"
Sanden Vikas,4.1,Auto Components,"Job Security, Company Culture, Work Life Balance"
Vastu Housing Finance,4.2,NBFC,"Salary, Company Culture, Work Life Balance"
IBS Software Services,3.6,Software Product,Job Security
Bank of India,3.9,Banking,"Job Security, Salary, Company Culture"
Greaves Cotton,4.0,Travel & Tourism,"Work Life Balance, Company Culture"
Praj Industries,4.0,Biotechnology,"Company Culture, Work Life Balance, Job Security"
Luxoft,3.6,IT Services & Consulting,Work Life Balance
Amber Enterprises India,3.9,Electronics Manufacturing,Promotions
Credence Resource Management,2.9,BPO,"Promotions, Company Culture, Skill Development"
Fareportal,3.0,Travel & Tourism,"Promotions, Company Culture, Work Satisfaction"
Royal Sundaram General Insurance,3.7,Insurance,Work Life Balance
Universal Sompo General Insurance,4.4,Insurance,"Company Culture, Work Life Balance, Work Satisfaction"
JK Paper,3.8,Pulp & Paper,Job Security
Guardian India,3.8,Insurance,"Company Culture, Work Life Balance"
Mahindra Tractors,4.2,Automobile,"Skill Development, Company Culture, Work Life Balance"
Bpo Convergence,3.4,BPO,"Promotions, Salary, Company Culture"
Advik Hi Tech,3.7,Auto Components,Skill Development
Mahindra First Choice,3.8,Internet,"Company Culture, Work Life Balance"
Jio-bp,3.6,Oil & Gas,Job Security
eTeam,3.2,Recruitment,"Promotions, Job Security, Work Satisfaction"
Zydus Healthcare,4.0,Pharma,"Salary, Skill Development"
Sunbeam Auto,3.9,Auto Components,"Work Life Balance, Work Satisfaction, Skill Development"
Medusind Solutions,3.4,IT Services & Consulting,"Promotions, Skill Development, Salary"
Baxter International,3.8,Healthcare,"Work Life Balance, Company Culture, Salary"
Bill Gosling Outsourcing India,3.5,Gurugram +15 other locations,"Promotions, Job Security, Skill Development"
Teamware Solutions,4.0,Recruitment,"Work Life Balance, Salary, Company Culture"
Linde India,3.9,Chemicals,"Work Life Balance, Company Culture, Job Security"
JSW Energy,4.1,Power,"Job Security, Salary, Work Life Balance"
Encore Capital Group,3.8,Financial Services,"Company Culture, Work Life Balance"
Prince Pipes & Fittings,4.1,Building Material,"Company Culture, Work Life Balance, Job Security"
Ask Automotive,4.1,Auto Components,"Work Life Balance, Job Security, Company Culture"
Prama Hikvision India,3.6,Electronics Manufacturing,"Promotions, Company Culture, Work Satisfaction"
Creative Synergies Group,3.8,IT Services & Consulting,"Work Life Balance, Salary"
Radical Minds,2.7,BPO,"Promotions, Job Security, Salary"
Redcliffe Labs,4.1,Healthcare,"Skill Development, Salary, Company Culture"
Vijaya Diagnostic Centre,3.7,Healthcare,"Promotions, Job Security, Salary"
Transrail Lighting,4.0,Engineering & Construction,"Job Security, Salary, Work Life Balance"
Freshworks,3.3,Software Product,"Job Security, Promotions, Work Satisfaction"
Novac Technology Solutions,3.5,Software Product,Job Security
Artech Infosystems,3.2,Recruitment,"Promotions, Job Security, Work Satisfaction"
Duck Creek Technologies,4.4,Software Product,"Company Culture, Work Life Balance, Work Satisfaction"
Zuventus Healthcare,3.8,Pharma,Salary
Aequs,3.4,Defence & Aerospace,"Promotions, Company Culture, Work Satisfaction"
THE LEELA PALACES HOTELS & RESORTS,3.9,Hospitality,"Job Security, Skill Development, Company Culture"
Wabtec,3.8,Auto Components,Promotions
Avaada Group,4.4,Power,"Job Security, Company Culture, Work Life Balance"
RenewBuy,3.4,Internet,"Job Security, Promotions, Skill Development"
RenewBuy,3.4,Internet,"Job Security, Promotions, Skill Development"
Border Security Force,4.4,Law Enforcement & Security,"Job Security, Salary, Company Culture"
Progressive Techserve,3.1,IT Services & Consulting,"Promotions, Work Satisfaction, Salary"
Feedback Infrastructure Services,3.5,Engineering & Construction,"Promotions, Job Security, Salary"
Nippon Koei India,4.7,Engineering & Construction,"Company Culture, Work Life Balance, Salary"
Travel Food Services Ltd,4.0,Hospitality,"Work Life Balance, Job Security, Company Culture"
Serco,4.3,Analytics & KPO,"Work Satisfaction, Company Culture, Skill Development"
IFFCO,4.1,Agro Chemicals,"Work Life Balance, Job Security, Salary"
Consolidated Contractors,4.3,Engineering & Construction,"Work Life Balance, Work Satisfaction, Job Security"
Orion Edutech,4.1,EdTech,"Company Culture, Work Life Balance, Work Satisfaction"
Forever Living Products,4.2,Fitness & Wellness,"Company Culture, Skill Development, Work Life Balance"
Engineers India,4.2,Engineering & Construction,"Work Life Balance, Company Culture, Work Satisfaction"
Denave,3.5,Marketing & Advertising,"Promotions, Job Security, Skill Development"
Volkswagen Group Digital Solutions [India],4.0,IT Services & Consulting,"Work Life Balance, Job Security, Company Culture"
Y-Axis Overseas Careers,4.0,Other,"Work Life Balance, Skill Development, Work Satisfaction"
PUMA,4.1,Fashion & Textile,"Company Culture, Skill Development, Work Life Balance"
FIITJEE,3.2,Education & Training,"Promotions, Skill Development, Salary"
AISIN,4.1,Auto Components,"Job Security, Company Culture, Work Life Balance"
Eastman Auto and Power Limited,3.9,Electronics Manufacturing,"Salary, Company Culture"
Ramco Systems,3.7,Software Product,Job Security
Chennai Radha Engineering Works,4.0,Engineering & Construction,"Job Security, Skill Development, Company Culture"
Wipro Consumer Care & Lighting,3.6,FMCG,"Promotions, Salary, Company Culture"
Ford Business Solutions,4.0,IT Services & Consulting,"Company Culture, Work Life Balance, Work Satisfaction"
Somany Ceramics,4.1,Building Material,"Work Life Balance, Job Security, Company Culture"
Axtria,2.7,Software Product,"Work Satisfaction, Promotions, Company Culture"
Zaalima Development,4.3,IT Services & Consulting,"Work Life Balance, Work Satisfaction, Skill Development"
Huhtamaki,4.0,Packaging,"Work Life Balance, Skill Development, Company Culture"
Careernet,3.4,Recruitment,"Promotions, Work Satisfaction, Job Security"
Allied Digital Services,3.1,IT Services & Consulting,"Promotions, Skill Development, Salary"
Padget Electronics,3.8,Electronics Manufacturing,Promotions
Neurealm,3.4,IT Services & Consulting,"Promotions, Work Satisfaction, Job Security"
ManipalCigna Health Insurance,3.7,Insurance,Promotions
Mindsprint,3.5,IT Services & Consulting,"Promotions, Company Culture, Work Satisfaction"
Indo Autotech,4.0,Auto Components,"Salary, Skill Development, Work Life Balance"
Eveready Industries,3.8,Consumer Electronics & Appliances,Salary
Protiviti,3.0,Management Consulting,"Promotions, Work Satisfaction, Company Culture"
Alivus Life Sciences,3.8,Pharma,Job Security
Action Construction Equipment,3.7,Industrial Machinery,"Promotions, Company Culture, Job Security"
Hitachi,3.9,Industrial Machinery,"Work Life Balance, Company Culture, Job Security"
Neuland Laboratories,3.9,Pharma,"Company Culture, Work Life Balance"
Jai Balaji Group,3.2,Iron & Steel,"Promotions, Salary, Company Culture"
Lenovo,4.0,Consumer Electronics & Appliances,"Company Culture, Work Life Balance, Work Satisfaction"
Qinecsa Solutions,2.7,Clinical Research,"Job Security, Promotions, Company Culture"
R.V.R. PROJECTS,3.9,Engineering & Construction,Salary
Celebal Technologies,3.1,IT Services & Consulting,"Job Security, Promotions, Company Culture"
Isuzu Motors,4.2,Automobile,"Company Culture, Work Life Balance, Job Security"
JM Financial,3.7,Financial Services,Work Life Balance
Ksb Pumps,3.7,Industrial Machinery,Job Security
ReSource Pro,3.7,BPO,"Work Satisfaction, Promotions, Work Life Balance"
Wapcos,3.1,Engineering & Construction,"Promotions, Job Security, Salary"
Hilti,3.4,Industrial Machinery,"Promotions, Work Satisfaction, Job Security"
First Advantage,3.5,Recruitment,"Promotions, Skill Development, Work Satisfaction"
Toyo Engineering,4.0,Engineering & Construction,"Salary, Company Culture, Work Satisfaction"
Fluor Corporation,4.1,Engineering & Construction,"Work Life Balance, Salary, Company Culture"
Rallis India,3.9,Agro Chemicals,"Job Security, Work Life Balance, Company Culture"
Investors Clinic,3.5,Real Estate,"Promotions, Salary, Work Satisfaction"
Fleetguard Filters Private Limited,4.3,Auto Components,"Work Life Balance, Company Culture, Job Security"
Maveric Systems,3.3,IT Services & Consulting,"Promotions, Salary, Work Satisfaction"
Stellantis,3.4,Automobile,"Promotions, Work Satisfaction, Job Security"
Microtek International,3.7,Consumer Electronics & Appliances,"Promotions, Salary, Company Culture"
Reliance Smart,4.1,Retail,"Job Security, Company Culture, Work Life Balance"
Exicom,3.9,Semiconductors,"Work Life Balance, Job Security, Company Culture"
Bses Rajdhani Power,3.8,Power,"Job Security, Work Life Balance"
Genus Power Infrastructures,3.8,Electronics Manufacturing,"Job Security, Work Life Balance, Skill Development"
Hitachi Digital Services,3.5,IT Services & Consulting,"Promotions, Work Satisfaction, Company Culture"
Punj Lloyd,4.0,Engineering & Construction,"Work Life Balance, Work Satisfaction, Company Culture"
Lea Associates South Asia,4.2,Engineering & Construction,"Company Culture, Work Life Balance, Work Satisfaction"
Pratap Technocrats,3.7,Telecom,"Promotions, Salary"
People Tech Group,2.4,IT Services & Consulting,"Job Security, Promotions, Salary"
Bunge India,3.9,Food Processing,"Job Security, Work Life Balance, Salary"
BDO RISE Private Limited,3.5,Accounting & Auditing,"Promotions, Salary, Work Satisfaction"
Franklin Templeton Investments,3.8,Financial Services,"Work Life Balance, Company Culture"
Vaaman Engineers,3.8,Engineering & Construction,Salary
Zidio Development,4.3,IT Services & Consulting,"Work Life Balance, Work Satisfaction, Skill Development"
Steel Authority Of India,4.1,Iron & Steel,"Job Security, Work Life Balance, Work Satisfaction"
Central Bank of India,4.0,Banking,"Skill Development, Company Culture, Work Life Balance"
Ameriprise Financial,3.7,Financial Services,"Work Life Balance, Job Security"
VA Tech Wabag,3.8,Waste Management,Job Security
Mott MacDonald,3.9,Management Consulting,"Work Life Balance, Company Culture, Salary"
Forvia Hella,3.7,Auto Components,Work Life Balance
CMS Computers Limited (INDIA),3.5,IT Services & Consulting,"Promotions, Salary, Skill Development"
Sterling Tools,4.4,Auto Components,"Company Culture, Work Life Balance, Work Satisfaction"
TO THE NEW,3.4,IT Services & Consulting,"Promotions, Work Satisfaction, Salary"
National Informatics Centre,3.9,Government,Work Life Balance
bp,3.7,Oil & Gas,"Work Life Balance, Salary"
Intex Technologies,3.5,Consumer Electronics & Appliances,"Job Security, Promotions, Company Culture"
Times Internet,3.3,Internet,"Promotions, Skill Development, Work Satisfaction"
Livguard,3.9,Electronics Manufacturing,Promotions
Creambell,3.8,Hospitality,"Salary, Work Life Balance"
India Japan Lighting,4.0,Auto Components,"Job Security, Company Culture, Work Life Balance"
Fidelity International,3.5,Financial Services,"Promotions, Work Satisfaction, Job Security"
Revolut,2.3,FinTech,"Job Security, Company Culture, Work Satisfaction"
Eugia Pharma Specialities,4.0,Pharma,"Job Security, Salary, Work Life Balance"
Greenply,3.8,Building Material,Salary
Electrosteel Casting,3.6,Building Material,Job Security
Assystem,3.3,Engineering & Construction,"Promotions, Job Security, Company Culture"
Amadeus,3.7,Software Product,"Work Life Balance, Job Security"
ESL Steel,3.8,Iron & Steel,Skill Development
JioStar,3.5,Media & Entertainment,"Promotions, Job Security, Company Culture"
Sharda Motor Industries,3.7,Auto Components,"Promotions, Company Culture, Work Satisfaction"
Wipro Infrastructure Engineering,3.7,Industrial Machinery,Job Security
AI Airport Services,3.2,Aviation,"Promotions, Company Culture, Salary"
Google Operations Center,3.5,BPO,"Promotions, Work Satisfaction, Skill Development"
NTT,3.9,IT Services & Consulting,"Work Life Balance, Job Security, Skill Development"
Bitwise Solutions,3.5,IT Services & Consulting,"Promotions, Job Security, Salary"
Turtlemint,3.7,Internet,"Promotions, Job Security"
Central Industrial Security Force,4.2,Law Enforcement & Security,"Job Security, Salary, Skill Development"
McDermott International,4.2,Engineering & Construction,"Company Culture, Work Life Balance, Salary"
Quatrro Business Support Services,3.2,Recruitment,"Promotions, Skill Development, Company Culture"
Hapag-Lloyd,3.8,Ports & Shipping,"Company Culture, Job Security, Work Life Balance"
Smollan Group,3.9,Marketing & Advertising,"Work Life Balance, Company Culture"
Finolex Cables,3.7,Electrical Equipment,"Job Security, Work Life Balance"
Tredence,3.3,IT Services & Consulting,"Promotions, Work Life Balance, Work Satisfaction"
Edubridge Learning,3.7,EdTech,
RITES,3.9,Engineering & Construction,"Work Life Balance, Work Satisfaction, Skill Development"
UnitedLex,2.7,Analytics & KPO,"Promotions, Job Security, Skill Development"
Rackspace,3.6,IT Services & Consulting,Work Life Balance
Sterlite Electric,4.0,Power,"Salary, Company Culture, Work Life Balance"
LG Soft India,2.6,IT Services & Consulting,"Promotions, Work Satisfaction, Company Culture"
Delta Electronics,3.8,Electronics Manufacturing,Job Security
Thriveni Earthmovers and Infra Pvt. Ltd.,4.0,Metals & Mining,"Job Security, Skill Development, Salary"
BNP Paribas India Solutions,3.5,IT Services & Consulting,Job Security
Zee Entertainment Enterprises,3.4,Media & Entertainment,"Promotions, Job Security, Work Satisfaction"
EMERSON PROCESS MANAGEMENT,4.0,Industrial Automation,"Company Culture, Job Security, Work Life Balance"
LifeCell International,3.3,Biotechnology,"Job Security, Promotions, Work Satisfaction"
ASG Eye Hospital,3.5,Healthcare,"Promotions, Salary, Company Culture"
Razorpay,3.4,FinTech,"Promotions, Work Satisfaction, Job Security"
Mitsubishi Electric India,4.1,Electronics Manufacturing,"Work Life Balance, Company Culture, Job Security"
Skill Lync,3.1,EdTech,"Job Security, Promotions, Work Satisfaction"
B. G. Shirke Construction Technology,4.2,Engineering & Construction,"Job Security, Company Culture, Work Life Balance"
Samsung E&A,3.9,Engineering & Construction,"Job Security, Salary, Work Life Balance"
V-Trans,3.8,Logistics,Job Security
Integreon,3.3,BPO,"Promotions, Salary, Work Satisfaction"
Kissht,3.9,FinTech,"Work Life Balance, Salary"
Aurigo Software Technologies,4.6,Software Product,"Company Culture, Work Life Balance, Salary"
URC Construction,3.6,Engineering & Construction,"Promotions, Company Culture, Work Life Balance"
Adani Cement,3.4,Building Material,"Job Security, Promotions, Company Culture"
Primus Global Technologies,3.6,IT Services & Consulting,"Promotions, Job Security, Skill Development"
BDO INDIA SERVICES PRIVATE LIMITED,3.0,Accounting & Auditing,"Promotions, Company Culture, Salary"
Home First Finance Company India,3.6,NBFC,Salary
Home First Finance Company India,3.6,NBFC,Salary
Religare,3.6,Financial Services,"Promotions, Skill Development, Work Satisfaction"
India Cements,3.9,Building Material,"Job Security, Work Life Balance"
Boeing,3.8,Aviation,Work Life Balance
Trianz,3.6,IT Services & Consulting,"Job Security, Promotions"
HSBC Software Development,4.0,Software Product,"Work Life Balance, Company Culture, Job Security"
Care Hospital,4.1,Healthcare,"Company Culture, Work Life Balance, Skill Development"
Deepak Nitrite,3.8,Chemicals,"Job Security, Work Life Balance"
Veradigm,3.7,Software Product,Work Life Balance
Bikanervala,4.0,FMCG,"Work Life Balance, Skill Development"
Shalby Hospitals,4.2,Healthcare,"Skill Development, Company Culture, Work Life Balance"
Lohia Corp,4.0,Industrial Machinery,"Job Security, Skill Development, Work Life Balance"
Koch Business Solutions,3.1,IT Services & Consulting,"Promotions, Job Security, Work Satisfaction"
Bahwan CyberTek,3.3,IT Services & Consulting,"Promotions, Job Security, Company Culture"
Cotiviti,3.4,Analytics & KPO,"Promotions, Work Satisfaction, Skill Development"
Jubilant Ingrevia,3.7,Chemicals,"Promotions, Skill Development"
TDK India Private Limited,3.9,Semiconductors,"Work Life Balance, Job Security"
Better.com,3.0,Financial Services,"Job Security, Promotions, Skill Development"
Nvidia,3.4,Hardware & Networking,"Promotions, Skill Development, Work Satisfaction"
Rentokil Pest Control,3.4,Facility Management Services,"Promotions, Work Satisfaction, Salary"
Sun Life Financial,3.8,Financial Services,"Work Life Balance, Job Security, Company Culture"
Paytm Payments Services,3.3,FinTech,"Job Security, Company Culture, Promotions"
Ag Industries,3.9,Auto Components,"Work Life Balance, Job Security, Work Satisfaction"
BCD Travel,4.3,Travel & Tourism,"Job Security, Company Culture, Work Life Balance"
Brane Enterprises,2.1,Software Product,"Job Security, Company Culture, Work Satisfaction"
CtrlS,3.6,IT Services & Consulting,Salary
The Akshaya Patra Foundation,4.3,Non-Profit,"Work Life Balance, Company Culture, Work Satisfaction"
GirnarSoft,3.8,IT Services & Consulting,"Promotions, Job Security"
YOKOGAWA,3.8,Industrial Automation,Job Security
Dodla Dairy,4.2,Food Processing,"Job Security, Company Culture, Work Life Balance"
Mswipe Technologies,3.3,FinTech,"Promotions, Job Security, Work Satisfaction"
Galfar,3.8,Engineering & Construction,"Job Security, Work Life Balance"
CADD Centre Training Services,3.8,Education & Training,Skill Development
Molex,3.8,Electronics Manufacturing,"Company Culture, Work Life Balance"
McKinsey & Company,3.9,Management Consulting,Company Culture
Dunzo,3.5,Internet,"Job Security, Promotions, Work Satisfaction"
1 India Family Mart,4.6,Retail,"Company Culture, Work Life Balance, Work Satisfaction"
OLX India,3.9,Internet,"Salary, Work Life Balance"
Adidas,3.8,Fashion & Textile,"Salary, Work Life Balance"
Goodyear,3.4,Auto Components,"Promotions, Company Culture, Work Satisfaction"
Medreich,3.9,Pharma,Job Security
Magic Bus India Foundation,3.9,Non-Profit,"Work Life Balance, Skill Development, Salary"
Belstar Microfinance,3.9,NBFC,"Company Culture, Work Life Balance, Work Satisfaction"
Magic EdTech,3.5,EdTech,"Promotions, Job Security, Salary"
TransUnion,3.6,Financial Services,"Promotions, Job Security, Skill Development"
Bristlecone,3.6,IT Services & Consulting,"Promotions, Work Satisfaction, Skill Development"
Wolters Kluwer,3.8,Software Product,"Work Life Balance, Job Security"
Visteon,3.1,Auto Components,"Work Life Balance, Promotions, Company Culture"
Vindhya Telelinks,4.0,Engineering & Construction,"Salary, Work Life Balance"
Biba Apparels,3.5,Fashion & Textile,"Promotions, Company Culture, Work Satisfaction"
Infor Global Solution,3.9,Software Product,"Work Life Balance, Company Culture, Job Security"
Indusind Marketing & Financial Services,3.7,Financial Services,"Promotions, Salary"
Tejas Networks,3.8,Hardware & Networking,"Promotions, Salary"
Patel Engineering,4.1,Engineering & Construction,"Job Security, Company Culture, Work Life Balance"
CJ Darcl Logistics Limited,3.9,Logistics,"Work Life Balance, Job Security"
Expleo Solutions,,IT Services & Consulting,"Promotions, Job Security, Salary"
Apple,4.3,Consumer Electronics & Appliances,"Company Culture, Skill Development, Work Life Balance"
Vizag Steel,3.9,Iron & Steel,"Work Life Balance, Job Security"
HRH Next Services,2.9,BPO,"Salary, Promotions, Company Culture"
Technotask Business Solutions,3.4,BPO,"Promotions, Salary, Job Security"
BSH Home Appliances Group,3.7,Consumer Electronics & Appliances,"Promotions, Job Security"
SLK Global Services,4.0,BPO,"Company Culture, Job Security, Work Life Balance"
TTK Prestige,3.9,Consumer Electronics & Appliances,Job Security
Autoliv,3.9,Auto Components,"Job Security, Company Culture, Salary"
Progressive Infovision,3.9,Recruitment,Work Life Balance
Radico Khaitan,3.9,Beverage,"Job Security, Work Life Balance"
Tavant Technologies,3.9,IT Services & Consulting,"Company Culture, Work Life Balance"
NephroPlus,3.9,Healthcare,"Skill Development, Work Life Balance"
LEAP India Limited,4.5,Packaging,"Work Life Balance, Salary, Company Culture"
Gartner,3.8,Management Consulting,"Work Life Balance, Company Culture"
Lovely Professional University,3.2,Education & Training,"Promotions, Company Culture, Work Satisfaction"
Amrit Cement,3.9,Building Material,"Work Life Balance, Skill Development"
Grihum Housing Finance,3.7,NBFC,Salary
Bisk Farm,3.9,Food Processing,"Work Life Balance, Job Security, Skill Development"
Ramky Infrastructure,4.2,Engineering & Construction,"Job Security, Salary, Work Life Balance"
Impetus Technologies,3.2,IT Services & Consulting,"Work Satisfaction, Promotions, Company Culture"
Asb International,3.7,Industrial Machinery,"Job Security, Skill Development"
Finova Capital,3.9,NBFC,"Salary, Work Life Balance"
VRL Logistics,3.8,Logistics,"Promotions, Job Security"
Mahindra Integrated Business Solutions,3.4,BPO,"Promotions, Job Security, Work Satisfaction"
Rane NSK Steering Systems,4.0,Auto Components,"Skill Development, Company Culture, Work Life Balance"
Evision Technoserve,4.8,IT Services & Consulting,"Company Culture, Work Life Balance, Work Satisfaction"
Emami Agrotech,3.9,Food Processing,"Work Life Balance, Job Security"
PPG Asian Paints,3.8,Chemicals,"Job Security, Salary"
Diebold Nixdorf,3.6,Software Product,"Promotions, Skill Development, Work Satisfaction"
Ness Digital Engineering,3.2,IT Services & Consulting,"Job Security, Promotions, Work Satisfaction"
Bridgestone - Global Capability Center,4.0,Auto Components,"Company Culture, Work Life Balance, Job Security"
IHG,3.7,Hospitality,"Promotions, Salary, Work Satisfaction"
DuPont,4.2,Waste Management,"Company Culture, Work Life Balance, Job Security"
Elite Elevators,4.2,Industrial Machinery,"Salary, Skill Development, Company Culture"
Nomura Holdings,3.6,Investment Banking / Venture Capital / Private Equity,Job Security
R.S. Infraprojects,3.9,Engineering & Construction,"Job Security, Work Life Balance"
Kaar Tech,4.2,IT Services & Consulting,"Job Security, Skill Development, Work Satisfaction"
Moglix,3.3,Internet,"Job Security, Promotions, Work Satisfaction"
Joyalukkas,4.5,Retail,"Salary, Job Security, Skill Development"
Surya Roshni,4.1,Building Material,"Work Life Balance, Job Security, Work Satisfaction"
SG Analytics,2.6,IT Services & Consulting,"Promotions, Work Satisfaction, Job Security"
NecLife,3.5,Pharma,Job Security
Blue Yonder,3.4,Software Product,"Promotions, Work Satisfaction, Salary"
Wuerth,3.5,Industrial Machinery,"Promotions, Work Satisfaction, Skill Development"
TVS Electronics,3.7,Electronics Manufacturing,"Promotions, Salary"
Bharat Serums and Vaccines,3.9,Pharma,Work Life Balance
Raychem RPG,3.8,Electrical Equipment,Work Life Balance
CSC,3.7,Financial Services,"Work Life Balance, Job Security"
ChannelPlay,3.8,Marketing & Advertising,"Promotions, Job Security"
TDS Lithium-Ion Battery,4.2,Auto Components,"Company Culture, Work Life Balance, Job Security"
Keventer,3.7,FMCG,Work Life Balance
Sigma Engineered Solutions,3.9,Industrial Machinery,"Company Culture, Skill Development, Work Life Balance"
Capco Technologies,3.8,IT Services & Consulting,"Work Life Balance, Company Culture"
Triveni Engineering & Industries,4.1,Food Processing,"Job Security, Work Life Balance, Salary"
Vertex Customer Solutions,3.6,IT Services & Consulting,"Salary, Work Satisfaction, Promotions"
Medtronic,3.8,Medical Equipment,Salary
TCI Express,3.9,Logistics,"Job Security, Work Life Balance, Skill Development"
HCL Healthcare,4.5,Healthcare,"Work Life Balance, Skill Development, Company Culture"
Caparo Engineering India,4.1,Auto Components,"Skill Development, Work Life Balance, Work Satisfaction"
Narayana e-Techno School,3.6,Education & Training,"Promotions, Company Culture, Work Life Balance"
ANAROCK Property Consultants,3.5,Real Estate,"Promotions, Work Satisfaction, Job Security"
Mynd Solutions Private,3.7,BPO,"Promotions, Salary"
ffreedom app,3.5,Internet,"Job Security, Work Satisfaction, Promotions"
Transsion,3.8,Consumer Electronics & Appliances,Work Life Balance
Titan Eye Plus,4.1,Other,"Skill Development, Company Culture, Work Life Balance"
Lavender Technology,4.9,IT Services & Consulting,"Company Culture, Promotions, Skill Development"
Myk Laticrete,3.8,Building Material,Salary
Quislex Legal Services,4.1,Legal,"Company Culture, Work Life Balance, Work Satisfaction"
Orient Technologies,3.7,IT Services & Consulting,"Promotions, Salary, Work Satisfaction"
Vasudha Pharma Chem,4.0,Pharma,"Company Culture, Work Life Balance, Job Security"
Micro Turners,3.9,Auto Components,Skill Development
Corteva Agriscience,4.2,Agro Chemicals,"Company Culture, Work Life Balance, Work Satisfaction"
PCBL Chemical Limited,3.9,Petrochemicals,Salary
Solv,3.5,Internet,Salary
BASF,4.3,Chemicals,"Work Life Balance, Company Culture, Work Satisfaction"
Welspun World,3.7,Building Material,Promotions
My Home Industries,4.1,Building Material,"Work Life Balance, Company Culture, Job Security"
Flash Electronics,3.6,Electronics Manufacturing,"Promotions, Salary, Work Satisfaction"
BrightCHAMPS,4.1,EdTech,"Skill Development, Company Culture, Work Life Balance"
Dhanuka Agritech,3.6,Agro Chemicals,"Promotions, Company Culture, Work Satisfaction"
Csc E Governance Services,3.8,Government,"Promotions, Salary, Company Culture"
Suroj Buildcon,4.0,Engineering & Construction,"Company Culture, Job Security, Skill Development"
Lionbridge Technologies,3.3,Content Development,"Promotions, Skill Development, Salary"
Infinity Learn,4.0,EdTech,"Salary, Company Culture, Skill Development"
Wissen Technology,3.7,IT Services & Consulting,Promotions
Indorama,3.9,Agro Chemicals,"Job Security, Work Life Balance"
Doosan Power Systems,4.4,Power,"Company Culture, Work Life Balance, Work Satisfaction"
Saint Gobain Glass,3.9,Building Material,"Job Security, Company Culture, Skill Development"
DeHaat,3.5,Internet,"Job Security, Promotions, Company Culture"
Leverage Edu,3.9,EdTech,"Salary, Company Culture, Work Satisfaction"
North East Small Finance Bank,3.5,Banking,"Promotions, Job Security, Work Satisfaction"
SMC Global Securities,3.6,Financial Services,"Promotions, Salary, Work Satisfaction"
JoulestoWatts Business Solutions,3.2,IT Services & Consulting,"Promotions, Job Security, Company Culture"
Krsnaa Diagnostics,3.5,Healthcare,"Promotions, Salary, Work Satisfaction"
Livpure,3.7,Consumer Electronics & Appliances,Promotions
Wow Momo Foods,4.1,Hospitality,"Job Security, Skill Development, Company Culture"
Wissen Infotech,3.5,IT Services & Consulting,"Promotions, Job Security, Skill Development"
uFaber,2.2,Education & Training,"Promotions, Job Security, Salary"
Vyapar,3.6,Software Product,"Job Security, Promotions, Work Life Balance"
Teamlease Digital,3.3,Recruitment,"Promotions, Job Security, Skill Development"
Testbook.com,3.3,EdTech,"Job Security, Promotions, Work Life Balance"
MPS Limited,3.4,Content Development,"Promotions, Salary, Skill Development"
National Stock Exchange of India,3.5,Financial Services,Job Security
Cohesity,3.7,Software Product,Work Life Balance
SOLAR INDUSTRIES INDIA,3.7,Defence & Aerospace,Job Security
Monte Carlo,4.3,Fashion & Textile,"Salary, Work Life Balance, Company Culture"
Bayer Crop Science Vegetable Seeds,4.2,Bengaluru +145 other locations,"Work Life Balance, Company Culture, Work Satisfaction"
MAQ Software,2.8,IT Services & Consulting,"Company Culture, Work Life Balance, Work Satisfaction"
NSB Bpo Solutions,2.8,BPO,"Promotions, Salary, Job Security"
HSBC Bank,4.0,Banking,"Work Life Balance, Company Culture, Job Security"
Licious,3.5,Hospitality,"Promotions, Work Satisfaction, Job Security"
Osource Global,3.3,BPO,"Promotions, Salary, Work Life Balance"
TCNS Clothing Company,4.2,Fashion & Textile,"Skill Development, Work Life Balance, Company Culture"
Neeyamo Enterprise Solutions,3.4,Madurai +10 other locations,Job Security
Samunnati,4.5,NBFC,"Work Life Balance, Company Culture, Work Satisfaction"
XcelServ Solutions,4.4,IT Services & Consulting,"Company Culture, Work Life Balance, Work Satisfaction"
Sintex BAPL,3.6,Petrochemicals,Salary
EPL Limited,3.9,Packaging,"Job Security, Skill Development, Company Culture"
Kiya.ai,3.9,IT Services & Consulting,"Work Life Balance, Work Satisfaction, Job Security"
Vikram Solar,3.5,Power,"Promotions, Company Culture, Job Security"
Vindhya e-Info Media,4.1,BPO,"Company Culture, Work Life Balance, Job Security"
Chaitanya India Fin Credit,4.0,NBFC,"Company Culture, Skill Development, Work Life Balance"
InsuranceDekho,3.5,Internet,"Promotions, Job Security, Work Life Balance"
Surin Automotive,3.8,Industrial Machinery,"Salary, Job Security"
Optimum Infosystem,3.2,IT Services & Consulting,"Job Security, Promotions, Skill Development"
Carrier,3.6,Industrial Machinery,Work Life Balance
Housing.com,3.5,Internet,Salary
InternEzy,4.9,EdTech,"Company Culture, Work Life Balance, Work Satisfaction"
Airports Authority of India,4.3,Aviation,"Work Life Balance, Company Culture, Work Satisfaction"
Inspirisys Solution,3.6,IT Services & Consulting,"Promotions, Salary, Work Satisfaction"
Orient Cement,4.4,Building Material,"Work Life Balance, Company Culture, Work Satisfaction"
Tata Power Delhi Distribution,3.8,Power,"Job Security, Work Life Balance"
Redington,4.1,Hardware & Networking,"Job Security, Company Culture, Work Life Balance"
Nihilent,3.2,IT Services & Consulting,"Promotions, Job Security, Work Satisfaction"
Kaizen IT Services,3.7,IT Services & Consulting,Work Life Balance
Sykes Business Services Of India,3.4,BPO,"Promotions, Salary, Company Culture"
Gainwell Commosales,4.0,Industrial Machinery,"Job Security, Company Culture, Skill Development"
Corporate Infotech,3.5,IT Services & Consulting,"Promotions, Salary, Job Security"
RealPage,3.6,Software Product,"Promotions, Job Security, Work Satisfaction"
NiCE,3.5,Software Product,"Promotions, Job Security, Work Satisfaction"
Quality Austria Central Asia,3.4,Other,"Promotions, Salary, Work Life Balance"
Careon Healthcare Solutions,3.9,Medical Equipment,"Company Culture, Work Life Balance, Job Security"
Centaur Pharmaceuticals,3.6,Pharma,"Promotions, Work Satisfaction, Skill Development"
Sir H. N. Reliance Foundation Hospital and Research,4.3,Healthcare,"Job Security, Skill Development, Salary"
Ingram Micro,3.6,IT Services & Consulting,"Promotions, Work Satisfaction, Skill Development"
Office Beacon,4.5,BPO,"Company Culture, Work Life Balance, Work Satisfaction"
AML RightSource,2.5,IT Services & Consulting,"Job Security, Company Culture, Promotions"
DAV Public School,4.0,Education & Training,Skill Development
B.L. Kashyap & Sons,3.7,Engineering & Construction,Job Security
Infotact Solutions,4.4,IT Services & Consulting,"Work Life Balance, Skill Development, Company Culture"
Omaxe,4.2,Real Estate,"Work Life Balance, Salary, Company Culture"
FCC Clutch,3.8,Auto Components,Job Security
Government of India,4.2,Government,"Job Security, Work Life Balance, Skill Development"
Pennar Industries,3.4,Engineering & Construction,"Promotions, Salary, Company Culture"
3M,3.8,Electronics Manufacturing,"Company Culture, Work Life Balance"
Embibe,3.4,EdTech,"Job Security, Promotions, Company Culture"
Collegedunia,3.1,Internet,"Job Security, Promotions, Work Satisfaction"
Anudip Foundation,4.0,Non-Profit,"Work Life Balance, Skill Development, Salary"
Kurlon,4.3,Furniture & Furnishing,"Work Life Balance, Company Culture, Work Satisfaction"
Varindera Constructions,4.4,Engineering & Construction,"Salary, Job Security, Company Culture"
Hetero Healthcare,3.5,Pharma,"Promotions, Salary, Work Satisfaction"
Times Group,3.6,Printing & Publishing,Work Life Balance
Blackrock,3.4,Financial Services,"Promotions, Work Satisfaction, Company Culture"
Qatar Airways,3.4,Aviation,Salary
South Indian Bank,3.3,Banking,"Job Security, Salary"
Sapphire Foods India,3.8,Hospitality,"Skill Development, Company Culture"
Marlabs,3.5,IT Services & Consulting,Work Life Balance
Motilal Oswal Wealth Management,4.4,Financial Services,"Skill Development, Company Culture, Work Life Balance"
Talentpro,3.8,Recruitment,Promotions
Snapdeal,3.4,Internet,"Promotions, Job Security, Work Satisfaction"
Serum Institute of India,4.1,Biotechnology,"Job Security, Salary, Work Life Balance"
Schwing Stetter,3.8,Industrial Machinery,Job Security
Quess IT Staffing Solutions,3.4,Bengaluru +56 other locations,"Promotions, Job Security, Skill Development"
PeopleStrong,3.3,Recruitment,"Promotions, Work Satisfaction, Salary"
Cashify,3.8,Internet,Promotions
Toppr,3.4,EdTech,"Job Security, Promotions, Work Life Balance"
Sapiens,2.9,Software Product,"Promotions, Work Satisfaction, Skill Development"
QSpiders,3.7,Education & Training,"Promotions, Salary, Job Security"
Kirloskar Ferrous Industries,3.6,Iron & Steel,Job Security
Yatra,3.3,Travel & Tourism,"Promotions, Skill Development, Salary"
TVS Eurogrip,3.6,Auto Components,"Promotions, Job Security, Company Culture"
Premier Energies,4.1,Electronics Manufacturing,"Company Culture, Work Life Balance, Job Security"
Varun Motors,3.7,Automobile,Job Security
Avalon Technologies,3.8,Electronics Manufacturing,"Job Security, Skill Development"
Ramboll,3.9,Engineering & Construction,"Work Life Balance, Company Culture, Job Security"
Hamilton Housewares,3.8,Consumer Electronics & Appliances,Work Life Balance
Global Healthcare Billing Partners,3.4,BPO,"Company Culture, Promotions, Work Satisfaction"
Jubilant Agri and Consumer Products,4.0,Chemicals,"Salary, Work Life Balance"
Geojit Financial Services,3.3,Financial Services,"Promotions, Work Satisfaction, Salary"
GKN,4.0,Defence & Aerospace,"Work Life Balance, Company Culture, Job Security"
Danfoss Industries,3.8,Industrial Machinery,"Work Life Balance, Company Culture"
Fiat India Automobiles,3.6,Automobile,"Promotions, Company Culture, Work Life Balance"
ACKO,3.2,Insurance,"Job Security, Promotions, Work Satisfaction"
Healthians,4.1,Internet,"Skill Development, Company Culture, Work Life Balance"
Epicenter Technologies,3.4,BPO,"Promotions, Salary, Work Satisfaction"
Action Tesa,3.8,Building Material,Job Security
BankBazaar,3.3,FinTech,"Promotions, Work Satisfaction, Skill Development"
Eli Lilly and Company,3.2,Pharma,"Promotions, Work Satisfaction, Company Culture"
Cyfuture,2.9,Emerging Technologies,"Promotions, Salary, Company Culture"
FNP,3.8,Retail,Promotions
Celebi Aviation Holding,4.1,Aviation,"Job Security, Skill Development, Company Culture"
Kutumbh Care,3.9,Recruitment,"Work Life Balance, Work Satisfaction, Skill Development"
Me n Moms,4.1,Retail,"Skill Development, Work Life Balance, Salary"
Mrs Bector's Food Specialities,3.8,Hospitality,"Promotions, Company Culture"
Sterling Oil Exploration & Energy Production,3.5,Oil & Gas,"Promotions, Job Security, Work Life Balance"
Alshaya Group,3.8,Retail,Work Life Balance
The Saraswat Co-operative Bank,3.2,Banking,"Promotions, Work Satisfaction, Salary"
Forbes Marshall,4.0,Industrial Machinery,"Job Security, Company Culture, Work Life Balance"
Ferrero,4.0,Food Processing,"Salary, Skill Development, Job Security"
Philips Innovation Campus,3.7,Software Product,Work Life Balance
Uno Mindarika,4.0,Auto Components,"Job Security, Skill Development"
UKB Electronics Limited,3.4,Electronics Manufacturing,"Company Culture, Job Security, Work Satisfaction"
ICA Edu Skills,3.7,Education & Training,Work Life Balance
Reliance Jewels,3.9,Jewellery,"Job Security, Skill Development, Company Culture"
NRB Bearings,4.0,Auto Components,"Work Life Balance, Job Security, Skill Development"
IDBI Intech Limited,3.2,IT Services & Consulting,"Promotions, Salary, Company Culture"
Lulu International Shopping Mall,3.8,Retail,Job Security
Sasken,3.5,IT Services & Consulting,"Promotions, Job Security, Work Satisfaction"
TIAA Global Business Services,3.7,Financial Services,"Work Life Balance, Salary"
Future Supply Chain Solutions,4.4,Logistics,"Company Culture, Work Satisfaction, Work Life Balance"
Maharashtra Seamless,3.5,Building Material,Job Security
NextComm Corporation,4.8,Software Product,"Work Life Balance, Company Culture, Work Satisfaction"
L&T Power,3.9,Power,"Job Security, Skill Development"
Suraksha Diagnostic,3.5,Healthcare,"Promotions, Salary, Work Satisfaction"
Electrotherm,4.1,Iron & Steel,"Job Security, Work Life Balance, Company Culture"
AM InfoWeb,4.0,BPO,"Skill Development, Work Life Balance, Job Security"
Central Reserve Police Force,4.5,Government,"Job Security, Salary, Company Culture"
Finolex Industries,3.7,Building Material,Work Life Balance
The Lalit,3.3,Hospitality,"Promotions, Salary, Company Culture"
Medcode,3.6,IT Services & Consulting,"Work Life Balance, Promotions"
Manjushree Technopack,3.6,Bengaluru +36 other locations,"Promotions, Company Culture, Work Satisfaction"
Nspira Management Services,3.7,Management Consulting,"Promotions, Work Satisfaction, Skill Development"
Varthana,3.9,NBFC,"Company Culture, Work Life Balance, Salary"
Mount Litera Zee School,3.7,Education & Training,"Promotions, Salary, Job Security"
NoBrokerHood,2.7,Software Product,"Job Security, Work Satisfaction, Company Culture"
Ebixcash Global Services,3.1,BPO,"Promotions, Salary, Work Satisfaction"
HDFC Asset Management Company,4.0,Financial Services,"Job Security, Company Culture, Work Life Balance"
HashedIn by Deloitte,3.8,IT Services & Consulting,"Job Security, Company Culture, Skill Development"
Iron Mountain Inc,3.6,IT Services & Consulting,"Promotions, Job Security, Work Satisfaction"
Tecnimont,3.8,Engineering & Construction,"Job Security, Salary"
Cogoport,3.2,Internet,"Job Security, Company Culture, Work Life Balance"
Bams LLC,3.9,Pune +200 other locations,"Work Life Balance, Skill Development, Work Satisfaction"
NetConnectGlobal,3.1,IT Services & Consulting,"Promotions, Job Security, Skill Development"
EaseMyTrip.com,3.8,Travel & Tourism,Work Life Balance
Titan Engineering & Automation,3.8,Engineering & Construction,"Job Security, Skill Development"
IRB Infrastructure,3.9,Engineering & Construction,"Work Life Balance, Salary"
Hpl Electric & Power,3.7,Electrical Equipment,Work Life Balance
Finastra,3.6,Software Product,Work Life Balance
Emids Technologies Limited,3.5,IT Services & Consulting,"Job Security, Promotions, Skill Development"
Trigent Software,3.3,IT Services & Consulting,"Job Security, Promotions, Skill Development"
Pyramid IT Consulting,3.2,IT Services & Consulting,"Job Security, Promotions, Skill Development"
Shriram Automall,4.0,Internet,"Company Culture, Job Security, Work Life Balance"
Turbo Energy,4.1,Auto Components,"Skill Development, Work Satisfaction, Company Culture"
ExportersIndia,4.9,Internet,"Company Culture, Work Life Balance, Work Satisfaction"
HLL Lifecare,3.8,Healthcare,"Promotions, Salary"
Data Entry,4.2,BPO,"Company Culture, Work Satisfaction, Skill Development"
Royaloak Incorporation,3.5,Furniture & Furnishing,"Company Culture, Job Security, Promotions"
Aster Dm Healthcare,3.7,Healthcare,"Promotions, Salary"
Sandvik Asia,4.0,Industrial Machinery,"Salary, Company Culture, Work Life Balance"
Suma Soft,3.5,IT Services & Consulting,"Promotions, Salary, Work Satisfaction"
Fiem Industries,3.7,Auto Components,Salary
Rocket India,4.0,Financial Services,"Job Security, Company Culture, Work Life Balance"
SAEL Industries Limited,4.0,Power,"Work Life Balance, Salary"
Sudarshan Chemical Industries,3.8,Chemicals,Skill Development
Okaya Power,3.9,Electronics Manufacturing,Work Life Balance
Godrej Industries,4.1,Real Estate,"Work Life Balance, Job Security, Company Culture"
Bharat Biotech International,3.2,Biotechnology,"Promotions, Company Culture, Work Satisfaction"
Athenahealth Technology,2.7,Hospitality,"Promotions, Work Satisfaction, Job Security"
Nucleus Software Exports,3.1,Software Product,Job Security
Heidelberg Cement,3.9,Building Material,"Work Life Balance, Job Security"
Toyoda Gosei Minda,4.2,Auto Components,"Job Security, Company Culture, Work Life Balance"
IKEA,4.0,Retail,"Work Life Balance, Company Culture, Salary"
"eInfochips, An Arrow Company",3.5,IT Services & Consulting,"Promotions, Salary, Work Satisfaction"
Becton Dickinson,3.9,Medical Equipment,"Company Culture, Work Life Balance, Job Security"
Continental,3.7,Auto Components,Work Life Balance
Pinnacle,3.4,IT Services & Consulting,"Company Culture, Work Life Balance, Work Satisfaction"
Videocon d2h,3.7,Internet,"Company Culture, Work Life Balance"
Jayaswal Neco Industries Limited,4.1,Iron & Steel,"Job Security, Work Life Balance, Skill Development"
ArcelorMittal,3.9,Iron & Steel,"Work Life Balance, Job Security"
Hettich,3.4,Furniture & Furnishing,"Promotions, Work Satisfaction, Company Culture"
OfBusiness,3.1,Internet,"Job Security, Company Culture, Work Life Balance"
Super Smelters,3.7,Iron & Steel,"Promotions, Salary"
Family Health Plan,3.7,Insurance,Work Life Balance
Sl Lumax,3.3,Auto Components,"Work Life Balance, Work Satisfaction, Promotions"
Family Health Plan,3.7,Insurance,Work Life Balance
Renovision Automation Services,3.2,IT Services & Consulting,"Promotions, Work Satisfaction, Salary"
CSG International,3.4,IT Services & Consulting,Work Life Balance
Aurionpro Solutions,3.4,Software Product,"Promotions, Work Satisfaction, Skill Development"
Annalect,3.4,Marketing & Advertising,Work Life Balance
UTL Solar,3.5,Electronics Manufacturing,"Promotions, Company Culture, Work Satisfaction"
Amara Raja Infra,4.0,Engineering & Construction,"Job Security, Salary, Company Culture"
Hitachi Systems,4.0,IT Services & Consulting,"Work Life Balance, Job Security, Company Culture"
Consulting Engineers Group,4.1,Engineering & Construction,"Work Life Balance, Company Culture, Work Satisfaction"
Dr. Batras' Positive Health Clinic,3.6,Healthcare,"Promotions, Salary, Company Culture"
Ambit Finvest,4.0,NBFC,"Salary, Company Culture, Work Life Balance"
Equifax,3.9,FinTech,"Work Life Balance, Skill Development, Company Culture"
APL Apollo Tubes,4.0,Iron & Steel,"Salary, Work Life Balance, Work Satisfaction"
ITC Limited Foods Division,4.0,Food Processing,"Job Security, Skill Development"
Crowne Plaza,4.2,Hospitality,"Job Security, Company Culture, Skill Development"
Anmol Industries,4.0,FMCG,"Company Culture, Work Life Balance"
Sintex Industries,3.8,Industrial Machinery,Job Security
CSM Technologies,3.9,IT Services & Consulting,
SIS Prosegur Holdings,3.4,Law Enforcement & Security,"Promotions, Salary, Work Satisfaction"
Chennai Civil Construction,5.0,Engineering & Construction,"Work Life Balance, Skill Development"
Chennai Civil Construction,5.0,Engineering & Construction,"Work Life Balance, Skill Development"
Vishwa Samudra Engineering,3.5,Engineering & Construction,"Job Security, Promotions, Company Culture"
Ongc Petro Additions,4.0,Petrochemicals,"Job Security, Work Life Balance, Company Culture"
Jaipur Rugs,4.1,Fashion & Textile,"Company Culture, Skill Development, Work Life Balance"
DHL Global Forwarding,3.9,Logistics,"Work Life Balance, Job Security, Company Culture"
Mavenir Systems,3.4,IT Services & Consulting,"Promotions, Job Security, Company Culture"
C5i,4.2,Analytics & KPO,"Work Life Balance, Company Culture, Work Satisfaction"
Vedang Cellular Services,3.7,Telecom,Salary
AgroStar,4.0,Agriculture,"Company Culture, Skill Development"
Laxmi Organic Industries,3.6,Chemicals,"Promotions, Company Culture"
Gestamp,3.7,Auto Components,"Promotions, Company Culture, Work Satisfaction"
Grab A Grub Services,3.8,Logistics,"Promotions, Job Security, Salary"
VDA Infosolutions,3.7,IT Services & Consulting,"Promotions, Salary"
ThoughtWorks,3.9,IT Services & Consulting,"Work Life Balance, Company Culture, Skill Development"
Allianz Services,4.0,Insurance,"Job Security, Company Culture, Work Life Balance"
Maxicus,3.7,BPO,Promotions
Unified Mentor,3.9,IT Services & Consulting,"Work Life Balance, Skill Development, Work Satisfaction"
BT E Serv,3.9,BPO,"Work Life Balance, Company Culture"
Kauvery Hospital,3.9,Healthcare,"Skill Development, Company Culture, Job Security"
Accion Labs,3.5,IT Services & Consulting,"Promotions, Job Security, Company Culture"
Perficient,3.7,IT Services & Consulting,Work Life Balance
DealShare,3.5,Internet,"Job Security, Promotions, Company Culture"
United Colors of Benetton,4.4,Fashion & Textile,"Company Culture, Work Life Balance, Skill Development"
Fenesta Building Systems,4.0,Building Material,"Job Security, Company Culture, Work Life Balance"
Orra Fine Jewellery,3.6,Jewellery,Salary
Dr. Reddy's Foundation,3.7,Non-Profit,Promotions
Blackberrys,3.8,Fashion & Textile,"Job Security, Promotions"
Shivam Autotech,3.5,Auto Components,"Promotions, Salary, Company Culture"
Pathkind Diagnostics Private Limited,3.9,Healthcare,"Skill Development, Work Life Balance, Salary"
House of EdTech,4.2,EdTech,"Promotions, Salary, Skill Development"
BMC Software,4.0,Software Product,"Work Life Balance, Company Culture, Salary"
BAXY Limited,4.0,Auto Components,"Work Life Balance, Job Security, Skill Development"
MR.DIY,3.3,Retail,"Company Culture, Work Satisfaction, Work Life Balance"
Holiday Inn,3.9,Hospitality,Skill Development
Empower,4.0,Financial Services,"Job Security, Work Life Balance, Company Culture"
HUDL,3.1,Software Product,"Promotions, Skill Development, Job Security"
Jain Irrigation Systems,3.6,Agriculture,Job Security
EdgeVerve Systems,3.2,Software Product,Job Security
Vadilal Industries,4.2,FMCG,"Work Life Balance, Job Security, Company Culture"
Gandhi Automations,4.1,Industrial Machinery,"Salary, Job Security, Promotions"
Royal Caribbean International,4.1,Travel & Tourism,"Company Culture, Salary, Skill Development"
Congruex Asia Pacific,3.9,Engineering & Construction,"Company Culture, Work Life Balance"
Country Delight,3.9,Hospitality,Salary
Netmeds.com,3.9,Pharma,"Work Life Balance, Salary"
Sandoz,4.0,Pharma,"Salary, Company Culture, Work Life Balance"
Pamac Finserve,3.1,BPO,"Promotions, Salary, Work Life Balance"
NLC India Limited,4.3,Metals & Mining,"Work Life Balance, Job Security, Work Satisfaction"
Mahendra NextWealth IT,3.4,IT Services & Consulting,"Promotions, Salary, Company Culture"
Crystal Crop Protection,3.8,Agro Chemicals,Promotions
PTC,4.1,Software Product,"Work Life Balance, Company Culture, Job Security"
Inspira Enterprise India Limited,3.6,IT Services & Consulting,"Promotions, Company Culture, Work Satisfaction"
IDP Education Limited,3.6,Education & Training,Work Life Balance
Excitel Broadband,3.7,Telecom,"Promotions, Job Security, Company Culture"
Hitachi Cash Management Services,3.0,Other,"Promotions, Company Culture, Work Satisfaction"
Karvy Stock Broking,3.6,Hyderabad +107 other locations,"Promotions, Company Culture, Work Life Balance"
National Australia Bank,3.1,Banking,"Promotions, Work Satisfaction, Skill Development"
Pawzz,4.6,Gurugram +17 other locations,"Work Life Balance, Company Culture, Work Satisfaction"
Voyants Solutions,3.7,Engineering & Construction,"Promotions, Job Security, Skill Development"
Coal India,3.9,Metals & Mining,"Job Security, Salary, Work Life Balance"
Maharashtra State Electricity Distribution Company,4.2,Power,"Skill Development, Company Culture, Work Life Balance"
Head Field Solutions,4.3,Recruitment,"Company Culture, Work Life Balance, Skill Development"
BUSINESSNEXT,3.4,Software Product,"Work Satisfaction, Promotions, Skill Development"
Hitachi Systems Micro Clinic,3.9,IT Services & Consulting,"Work Life Balance, Company Culture, Job Security"
Magma General Insurance Limited,3.6,Insurance,"Promotions, Work Satisfaction, Job Security"
Alcon,3.8,Medical Equipment,"Work Life Balance, Salary, Company Culture"
Prochant,3.7,Analytics & KPO,Promotions
Medley Pharmaceuticals,3.8,Pharma,Work Life Balance
Andritz Hydro Location India,3.8,Industrial Machinery,Job Security
McCain Foods,4.0,FMCG,"Salary, Company Culture, Work Life Balance"
Maxop Engineering Co.,4.1,Auto Components,"Salary, Work Life Balance, Work Satisfaction"
Ascent HR Technologies Private Limited,3.6,Software Product,"Promotions, Salary, Company Culture"
Carnival Cruise Lines,4.2,Travel & Tourism,"Company Culture, Work Life Balance, Work Satisfaction"
J K Fenner,3.8,Engineering & Construction,"Promotions, Salary"
Colt Technology Services,4.1,Hardware & Networking,"Work Life Balance, Company Culture, Work Satisfaction"
Jubilant Generics,3.9,Pharma,Promotions
Haldiram Snacks,3.8,Food Processing,"Promotions, Company Culture"
Efs Facilities Services,3.8,Facility Management Services,"Promotions, Salary"
Axiscades,3.3,IT Services & Consulting,"Promotions, Salary, Company Culture"
Datamatics Business Solutions,3.3,Management Consulting,"Promotions, Salary, Work Satisfaction"
Statusneo,4.1,IT Services & Consulting,"Salary, Company Culture, Work Life Balance"
NAV Backoffice,3.9,Accounting & Auditing,"Salary, Company Culture, Promotions"
Affinity Express,2.7,Marketing & Advertising,"Promotions, Work Satisfaction, Company Culture"
Indecomm Global Services,4.2,IT Services & Consulting,"Job Security, Company Culture, Work Life Balance"
Prestige Group,4.3,Real Estate,"Work Life Balance, Job Security, Company Culture"
Paramount Health Services Tpa,3.9,Insurance,Work Life Balance
MothersonSumi INfotech & Designs,3.4,IT Services & Consulting,Job Security
Cvent,3.2,Software Product,"Promotions, Work Satisfaction, Salary"
PayU Payments,3.3,FinTech,"Promotions, Job Security, Work Satisfaction"
Kellogg,4.2,FMCG,"Company Culture, Work Life Balance, Job Security"
Jindal Poly Films,3.5,Packaging,"Promotions, Company Culture, Job Security"
Wood Group,3.7,Engineering & Construction,"Salary, Work Life Balance"
Bridge & Roof Co,3.4,Engineering & Construction,"Promotions, Company Culture, Work Life Balance"
Genesys International Corporation,3.2,IT Services & Consulting,"Promotions, Job Security, Salary"
BEML,3.6,Industrial Machinery,Job Security
Harman Finochem,3.6,Pharma,"Company Culture, Promotions, Work Satisfaction"
Saudi Aramco,4.4,Oil & Gas,"Company Culture, Work Life Balance, Salary"
FiveS Digital,3.2,BPO,"Salary, Promotions, Job Security"
Marelli,3.5,Auto Components,"Promotions, Company Culture, Work Satisfaction"
AVTEC,3.6,Auto Components,"Promotions, Salary, Job Security"
Brigade Group,4.2,Real Estate,"Company Culture, Job Security, Skill Development"
Polaris Consulting,4.1,IT Services & Consulting,"Work Life Balance, Job Security, Skill Development"
Damco Solutions,3.2,IT Services & Consulting,"Promotions, Work Satisfaction, Skill Development"
Bajaj Consumer Care,3.8,FMCG,"Company Culture, Work Life Balance, Salary"
Western Refrigeration,3.8,Industrial Machinery,"Job Security, Salary"
Hilton,4.2,Hospitality,"Company Culture, Job Security, Skill Development"
Addverb Technologies,3.6,Industrial Automation,Salary
AVIOM,4.0,NBFC,"Work Life Balance, Salary, Work Satisfaction"
"DATAMARK, Inc.",3.5,BPO,"Promotions, Salary, Work Satisfaction"
Saksoft,3.3,IT Services & Consulting,"Promotions, Job Security, Skill Development"
Allianz Partners,3.6,Insurance,Job Security
Capital Numbers Infotech,3.9,IT Services & Consulting,"Work Life Balance, Work Satisfaction, Company Culture"
Kirloskar Pneumatic,4.0,Industrial Machinery,"Job Security, Company Culture, Work Life Balance"
Paras Dairy,3.4,Food Processing,"Job Security, Promotions, Company Culture"
Transport Corporation Of India,3.8,Logistics,Job Security
My Home Constructions,4.3,Real Estate,"Job Security, Work Life Balance, Company Culture"
Baker Hughes,4.0,Oil & Gas,"Work Life Balance, Company Culture, Salary"
LendingKart,3.7,NBFC,"Promotions, Job Security, Skill Development"
Welspun Enterprises,4.2,Engineering & Construction,"Salary, Company Culture, Work Life Balance"
Lear Corporation,3.9,Auto Components,"Company Culture, Work Life Balance, Job Security"
ShareChat,3.6,Internet,Salary
Lear Corporation,3.9,Auto Components,"Company Culture, Work Life Balance, Job Security"
ShareChat,3.6,Internet,Salary
GSPANN Technologies,3.9,IT Services & Consulting,"Company Culture, Work Life Balance, Salary"
DB Schenker,4.3,Logistics,"Work Life Balance, Company Culture, Work Satisfaction"
Navin Fluorine International,3.8,Chemicals,"Job Security, Salary"
PureSoftware,2.9,Software Product,"Job Security, Promotions, Skill Development"
Vidal Health Insurance,3.6,Insurance,"Promotions, Work Satisfaction, Salary"
WPP Media,3.5,Marketing & Advertising,Job Security
Dishman Carbogen Amcis,3.5,Pharma,Work Life Balance
Matrimonialsindia,4.9,Internet,"Company Culture, Work Life Balance, Work Satisfaction"
Columbia Asia,4.6,Healthcare,"Company Culture, Skill Development, Work Life Balance"
Dr. Agarwal's Eye Hospital,3.8,Healthcare,Salary
smartData Enterprises,3.8,IT Services & Consulting,Skill Development
Ugam Solution,3.5,IT Services & Consulting,Job Security
The Times of India,3.5,Media & Entertainment,"Promotions, Work Satisfaction, Job Security"
Innovaccer,2.5,Software Product,"Job Security, Promotions, Company Culture"
PC Solutions,4.5,IT Services & Consulting,"Company Culture, Work Life Balance, Job Security"
Quest Retail Private Limited,3.8,Retail,Salary
Innovatiview India Ltd,4.1,Emerging Technologies,"Company Culture, Work Life Balance, Job Security"
Adda 247,3.3,EdTech,"Job Security, Promotions, Work Life Balance"
Kellogg Brown and Root,4.1,Engineering & Construction,"Company Culture, Work Life Balance, Work Satisfaction"
OutworX,3.5,IT Services & Consulting,"Promotions, Job Security, Salary"
Artemis Hospitals,4.1,Healthcare,"Work Life Balance, Skill Development, Work Satisfaction"
Spectrum Talent Management,3.6,Recruitment,"Promotions, Job Security, Salary"
Icl Fincorp,4.7,NBFC,"Company Culture, Work Life Balance, Work Satisfaction"
Levi Strauss & Co.,4.1,Fashion & Textile,"Company Culture, Work Life Balance, Work Satisfaction"
Macawber Beekay,4.2,Industrial Machinery,"Work Life Balance, Job Security, Salary"
Indian Bank,3.5,Banking,"Company Culture, Promotions, Work Life Balance"
Applied Materials,3.6,Semiconductors,"Promotions, Work Satisfaction, Skill Development"
Pierian Services,3.1,Management Consulting,"Promotions, Job Security, Salary"
Carlsberg,3.9,Beverage,Salary
Virtual Employee,3.2,Recruitment,"Promotions, Job Security, Skill Development"
Toyota Industries Engine India,4.3,Auto Components,"Company Culture, Work Life Balance, Job Security"
Bharat Fritz Werner,3.9,Industrial Machinery,"Work Satisfaction, Skill Development"
Craftsman Automation,3.8,Auto Components,"Salary, Skill Development"
RuralShores,3.6,BPO,"Promotions, Salary, Skill Development"
HBL Power Systems,4.0,Electrical Equipment,Work Life Balance
Herbalife International,4.0,Healthcare,"Work Life Balance, Company Culture, Job Security"
Roop Polymers,4.0,Auto Components,"Work Life Balance, Company Culture, Work Satisfaction"
Renault,3.8,Automobile,"Work Life Balance, Job Security"
Mobikwik,3.3,FinTech,"Promotions, Company Culture, Job Security"
Voya India,3.7,Financial Services,"Work Life Balance, Job Security"
TSYS|Total System Services,4.2,FinTech,"Work Life Balance, Company Culture, Salary"
Capital Business Systems,3.5,IT Services & Consulting,"Promotions, Salary, Company Culture"
Pitti Engineering,3.8,Industrial Machinery,"Promotions, Company Culture"
Ralson Tyres Limited,3.6,Auto Components,"Promotions, Salary, Company Culture"
GAMMON INDIA,3.9,Engineering & Construction,"Skill Development, Work Satisfaction, Job Security"
RSB Transmissions,4.0,Auto Components,Job Security
RSM India,3.3,Accounting & Auditing,"Promotions, Company Culture, Salary"
Tuaman Engineering,4.3,Engineering & Construction,"Job Security, Salary, Work Life Balance"
Enco Engineers Combine,3.6,Auto Components,"Company Culture, Job Security, Promotions"
RAK Ceramics,3.6,Building Material,"Promotions, Company Culture, Work Satisfaction"
Amway India Enterprises,4.0,Fitness & Wellness,"Work Life Balance, Company Culture, Work Satisfaction"
Legrand,3.7,Electrical Equipment,"Promotions, Work Satisfaction, Company Culture"
Micron Electricals,4.1,Engineering & Construction,"Job Security, Skill Development, Work Life Balance"
Yokohama,3.5,Auto Components,"Promotions, Work Satisfaction, Company Culture"
Solara Active Pharma Sciences,3.7,Pharma,"Promotions, Company Culture"
ExxonMobil,3.6,Oil & Gas,Salary
NMDC Limited,4.2,Metals & Mining,"Work Life Balance, Skill Development, Salary"
Vimta Labs,3.4,Clinical Research,"Promotions, Salary, Company Culture"
Sulzer,3.8,Industrial Machinery,Salary
BLK Super Speciality Hospital,3.9,Healthcare,"Skill Development, Job Security"
MITS Global Consulting,4.5,Recruitment,"Company Culture, Work Life Balance, Work Satisfaction"
Atomberg Technologies,3.9,Consumer Electronics & Appliances,Salary
Alight Solutions,3.0,IT Services & Consulting,"Promotions, Work Satisfaction, Skill Development"
Zolo,3.2,Internet,"Promotions, Company Culture, Work Satisfaction"
BOBCARD Ltd.,3.8,NBFC,"Work Life Balance, Job Security, Salary"
AVEVA,4.0,Software Product,"Work Life Balance, Company Culture"
TAO Digital,3.5,IT Services & Consulting,"Promotions, Job Security, Skill Development"
WayCool Foods and Products,3.5,FMCG,"Job Security, Promotions, Company Culture"
Fena,4.1,FMCG,"Company Culture, Work Life Balance, Job Security"
L & W Constructions,4.1,Engineering & Construction,"Salary, Work Satisfaction, Job Security"
DFM Foods,4.0,FMCG,"Salary, Company Culture, Work Life Balance"
Courtyard by Marriott,4.2,Hospitality,"Job Security, Skill Development, Company Culture"
Offshore Infrastructures,4.1,Engineering & Construction,"Work Life Balance, Job Security, Company Culture"
SoftAge Information Technology,3.7,IT Services & Consulting,"Promotions, Job Security"
United Spirits,4.0,Beverage,"Skill Development, Company Culture, Work Life Balance"
Regalix,2.7,Marketing & Advertising,"Promotions, Job Security, Company Culture"
Tracxn,2.5,Internet,"Job Security, Promotions, Skill Development"
Unimoni,3.8,Travel & Tourism,"Work Life Balance, Company Culture, Skill Development"
Insolutions Global,3.2,FinTech,Job Security
Innominds Software,3.2,IT Services & Consulting,"Promotions, Job Security, Company Culture"
BharatPe,3.5,FinTech,"Promotions, Work Satisfaction, Job Security"
Stylebaazar,3.9,Retail,Work Life Balance
Aptus Value Housing Finance India,4.0,NBFC,"Work Life Balance, Work Satisfaction, Company Culture"
Kidzee,4.0,EdTech,"Work Life Balance, Skill Development, Company Culture"
ThoughtSol Infotech Limited,4.6,IT Services & Consulting,"Company Culture, Work Life Balance, Work Satisfaction"
Emaar India Limited,3.6,Real Estate,"Promotions, Work Satisfaction, Skill Development"
Indiabulls,3.7,NBFC,"Job Security, Promotions"
Toothsi,2.6,Internet,"Job Security, Promotions, Company Culture"
Titagarh Rail Systems,2.8,Railways,"Company Culture, Promotions, Work Life Balance"
Larsen & Toubro Group,4.0,Engineering & Construction,"Job Security, Skill Development, Company Culture"
Uttar Pradesh Power Corporation,4.0,Power,"Work Life Balance, Work Satisfaction, Skill Development"
Bluestone.com,3.3,Jewellery,"Promotions, Company Culture, Work Satisfaction"
Practo,2.8,Internet,"Job Security, Promotions, Company Culture"
Eicher Motors,4.1,Automobile,"Company Culture, Work Life Balance, Skill Development"
Sanmina Sci,4.1,Electronics Manufacturing,"Company Culture, Work Life Balance, Work Satisfaction"
Dusters Total Solutions Services,3.9,Facility Management Services,Promotions
African Industries,4.0,Iron & Steel,"Work Life Balance, Salary, Job Security"
FMC Corporation,3.9,Agro Chemicals,"Work Life Balance, Salary, Company Culture"
African Industries,4.0,Iron & Steel,"Work Life Balance, Salary, Job Security"
Reliance Life Sciences,3.6,Clinical Research,Job Security
Dalmia Bharat Group,3.9,Building Material,"Job Security, Salary"
Hi Tech Gears,3.9,Auto Components,Work Life Balance
Castrol,4.3,Petrochemicals,"Company Culture, Work Life Balance, Work Satisfaction"
Hafele,4.0,Furniture & Furnishing,"Work Life Balance, Company Culture, Job Security"
Canon,4.0,Consumer Electronics & Appliances,"Company Culture, Work Life Balance, Skill Development"
V.S.T Tillers Tractors,3.6,Industrial Machinery,"Promotions, Work Satisfaction, Company Culture"
Scaler Academy,3.5,EdTech,"Job Security, Promotions, Work Satisfaction"
Micromax Informatics,3.9,Consumer Electronics & Appliances,Work Life Balance
Metalman Auto,3.7,Auto Components,"Promotions, Salary"
Aculife Healthcare,3.7,Pharma,Promotions
Propertypistol Realty,3.8,Internet,"Job Security, Promotions"
Suprajit Engineering,3.8,Auto Components,"Job Security, Work Life Balance, Skill Development"
Inox Wind,3.8,Power,Job Security
Wellness Forever Medicare,3.8,Retail,Skill Development
Hamdard,4.0,FMCG,"Work Life Balance, Salary"
5paisa Capital Ltd.,4.0,Financial Services,"Salary, Work Life Balance, Company Culture"
Maini Precision Products,3.5,Auto Components,"Promotions, Job Security, Salary"
SunTec Web Services,3.1,BPO,"Promotions, Salary, Job Security"
Walkaroo International,3.6,Fashion & Textile,Job Security
Maini Precision Products,3.5,Auto Components,"Promotions, Job Security, Salary"
SunTec Web Services,3.1,BPO,"Promotions, Salary, Job Security"
Muthoot MCred,3.4,NBFC,"Promotions, Salary, Work Satisfaction"
Communications Test Design,3.6,IT Services & Consulting,"Promotions, Salary, Company Culture"
Chemplast Sanmar,3.4,Chemicals,"Company Culture, Promotions, Salary"
General Motors,4.0,Automobile,"Company Culture, Work Life Balance, Work Satisfaction"
ServiceNow,3.6,Software Product,Salary
Gayatri Projects,4.1,Engineering & Construction,"Work Life Balance, Work Satisfaction"
Amar Ujala,3.8,Printing & Publishing,"Promotions, Salary"
Signature Global,3.8,Real Estate,Salary
F1 Info Solutions and Services,3.6,IT Services & Consulting,"Promotions, Job Security, Salary"
RadiSys,3.7,Telecom,"Work Life Balance, Skill Development"
Jindal Power Limited,4.2,Power,"Job Security, Skill Development, Work Satisfaction"
Utility Powertech,3.9,Power,Work Life Balance
Zycus Infotech,2.5,Software Product,"Promotions, Company Culture, Work Life Balance"
Morepen Laboratories,3.8,Pharma,"Work Life Balance, Job Security"
Consero Global Solutions,3.0,Financial Services,"Promotions, Salary, Company Culture"
Chaayos,3.3,Hospitality,"Work Satisfaction, Job Security, Promotions"
Bharat Gears,4.0,Auto Components,"Work Life Balance, Skill Development"
MathCo,3.1,Analytics & KPO,"Job Security, Work Life Balance, Work Satisfaction"
Chaayos,3.3,Hospitality,"Work Satisfaction, Job Security, Promotions"
Satyam Auto Components,3.8,Auto Components,Job Security
Metro Group of Hospitals,3.8,Healthcare,"Promotions, Salary"
HSBC Global Banking and Markets,3.8,Banking,"Work Life Balance, Job Security, Company Culture"
Alchemy Techsol India,3.3,IT Services & Consulting,"Promotions, Job Security, Skill Development"
Safari Industries India,4.0,Retail,"Work Life Balance, Company Culture, Job Security"
RMC Readymix,3.5,Building Material,"Promotions, Company Culture, Job Security"
Comcast,4.0,Telecom,"Work Life Balance, Company Culture, Salary"
Kokilaben Dhirubhai Ambani Hospital,3.8,Healthcare,Skill Development
InCred Finance,3.8,NBFC,Work Life Balance
ASM Technologies,3.6,Engineering & Construction,"Promotions, Skill Development, Company Culture"
Cpf India,4.1,Food Processing,"Work Life Balance, Company Culture, Job Security"
Kalyani Technoforge,3.8,Auto Components,"Promotions, Job Security"
Vestige,4.3,Fitness & Wellness,"Company Culture, Work Life Balance, Work Satisfaction"
TÜV Rheinland,4.2,"Testing, Inspection and Certification (TIC)","Work Life Balance, Company Culture, Work Satisfaction"
N.C.L. Industries,3.7,Building Material,"Promotions, Salary"
Mecon,3.9,Metals & Mining,Work Life Balance
Protium Finance,3.7,NBFC,Salary
Ramraj Cotton,4.0,Fashion & Textile,"Company Culture, Job Security, Work Life Balance"
Hero Cycles,3.2,Automobile,"Promotions, Company Culture, Job Security"
Micron Technology,3.7,Semiconductors,"Promotions, Work Satisfaction"
Bajaj Auto Credit,3.9,NBFC,"Skill Development, Company Culture, Work Life Balance"
S P Singla Constructions,3.4,Engineering & Construction,"Promotions, Salary, Company Culture"
Epiroc,4.0,Industrial Machinery,"Work Life Balance, Job Security, Company Culture"
Gyan Dairy,4.1,Food Processing,"Company Culture, Work Life Balance, Skill Development"
Z X Learning,4.3,EdTech,"Company Culture, Work Life Balance, Work Satisfaction"
Coats,3.6,Fashion & Textile,"Promotions, Salary, Work Satisfaction"
Maxgen Technologies,4.5,IT Services & Consulting,"Skill Development, Company Culture, Work Life Balance"
Lotus Herbals Private Limited,4.2,Beauty & Personal Care,"Work Life Balance, Company Culture, Work Satisfaction"
Systra Consulting,4.0,Engineering & Construction,"Work Life Balance, Company Culture, Work Satisfaction"
Avalara Technologies,2.8,Software Product,"Job Security, Promotions, Work Satisfaction"
LearningMate Solutions,2.8,EdTech,"Promotions, Job Security, Salary"
Aparna Enterprises,4.0,Building Material,"Work Life Balance, Job Security, Company Culture"
BCG,3.6,Management Consulting,"Promotions, Work Life Balance, Work Satisfaction"
Vedanta Resources,3.6,Metals & Mining,"Salary, Job Security"
Williams Lea,3.6,BPO,"Promotions, Skill Development, Company Culture"
Hitech Projects Limited,4.5,Engineering & Construction,"Company Culture, Job Security, Skill Development"
Ascent Business Solutions,3.4,Healthcare,"Salary, Promotions, Company Culture"
Galaxy Surfactants,3.9,Chemicals,"Job Security, Skill Development, Company Culture"
Galaxy Surfactants,3.9,Chemicals,"Job Security, Skill Development, Company Culture"
Vishvaraj Environment,4.0,Waste Management,"Salary, Work Life Balance"
CMR Green Technologies,3.4,Metals & Mining,"Job Security, Company Culture, Work Life Balance"
MindGate Solutions,3.1,IT Services & Consulting,"Work Life Balance, Company Culture, Work Satisfaction"
Axa XL,3.8,Insurance,"Work Life Balance, Job Security, Company Culture"
Moon Beverages,3.8,Beverage,Work Life Balance
CompuCom,3.8,IT Services & Consulting,Work Life Balance
Hindusthan National Glass,3.8,Packaging,Work Life Balance
BKT Tyres,4.2,Auto Components,"Job Security, Salary, Company Culture"
Akal Information Systems,4.4,Software Product,"Work Life Balance, Company Culture, Work Satisfaction"
Wockhardt Hospital,3.9,Healthcare,"Company Culture, Work Life Balance, Job Security"
NTPC GE Power Services,4.0,Power,"Salary, Work Life Balance, Work Satisfaction"
Tekion,4.0,Software Product,"Salary, Skill Development, Company Culture"
Kandhari Beverages,3.8,Beverage,"Promotions, Company Culture"
Dhani Healthcare,3.4,FinTech,"Job Security, Promotions, Company Culture"
Stock Holding Corporation of India,3.4,Financial Services,"Job Security, Work Life Balance"
Orcapod Consulting Services,2.9,IT Services & Consulting,"Promotions, Job Security, Salary"
WaniWani,,New Delhi +173 other locations,"Work Life Balance, Skill Development"
Securitas,3.8,Law Enforcement & Security,Promotions
CDK Global,3.7,IT Services & Consulting,Work Life Balance
Vivanta by Taj,4.0,Hospitality,"Job Security, Skill Development, Company Culture"
AT&T,3.7,Telecom,Salary
Rusan Pharma,3.4,Pharma,"Promotions, Salary, Company Culture"
House Of Anita Dongre,3.8,Fashion & Textile,"Promotions, Job Security"
Great Learning,3.3,EdTech,"Promotions, Work Satisfaction, Skill Development"
Sarovar Hotels & Resorts,3.9,Hospitality,"Work Life Balance, Job Security"
Infiniti Research,3.3,Analytics & KPO,"Company Culture, Promotions, Work Life Balance"
Insuremile,4.7,Internet,"Work Life Balance, Company Culture, Work Satisfaction"
PEGATRON,4.0,Electronics Manufacturing,"Skill Development, Work Satisfaction, Job Security"
UNIVO Education,3.7,EdTech,Salary
N+A,4.0,Financial Services,"Company Culture, Work Satisfaction, Job Security"
Yardi Systems,3.6,Software Product,"Job Security, Work Life Balance"
ZEISS India,3.6,Industrial Machinery,"Promotions, Work Satisfaction, Skill Development"
Bharti Infratel,4.5,Telecom,"Company Culture, Work Satisfaction, Skill Development"
Metriqe Solutions,3.8,BPO,"Job Security, Skill Development, Salary"
Realty Assistant,3.7,Real Estate,
Nivea,4.2,Beauty & Personal Care,"Work Life Balance, Company Culture, Job Security"
EC-Council,3.8,EdTech,"Job Security, Work Life Balance, Work Satisfaction"
JK Tech,3.8,IT Services & Consulting,Work Life Balance
Webskitters,3.5,IT Services & Consulting,"Job Security, Promotions, Company Culture"
QHTalbros,3.9,Auto Components,Work Life Balance
Gilbarco Veeder Root,3.7,Industrial Machinery,"Promotions, Job Security, Work Satisfaction"
Cairn Vedanta Oil and Gas,3.8,Oil & Gas,"Salary, Work Life Balance"
Visa,3.3,FinTech,"Promotions, Work Satisfaction, Job Security"
Welspun Transformation Services Limited,4.0,IT Services & Consulting,"Skill Development, Company Culture, Work Life Balance"
RapiPay,3.5,FinTech,"Promotions, Job Security, Company Culture"
Lakme,4.2,Beauty & Personal Care,"Skill Development, Work Life Balance, Job Security"
Johnson Matthey,3.8,Metals & Mining,"Work Life Balance, Salary"
Leighton Contractors,4.1,Engineering & Construction,"Salary, Company Culture, Work Life Balance"
KRBL Limited,3.8,Food Processing,"Work Life Balance, Job Security"
Foray Software,3.5,IT Services & Consulting,"Job Security, Promotions, Skill Development"
LogixHealth,3.4,Analytics & KPO,"Promotions, Work Satisfaction, Skill Development"
Hinduja Tech,3.2,IT Services & Consulting,"Promotions, Job Security, Salary"
Par Health,4.2,Pharma,"Work Life Balance, Salary, Company Culture"
Iol Chemicals & Pharmaceuticals,3.8,Pharma,"Salary, Job Security"
Kaynes Technology,3.2,Electronics Manufacturing,"Promotions, Salary, Company Culture"
QUICK HEAL TECHNOLOGIES,3.5,Software Product,"Promotions, Job Security, Work Satisfaction"
DM Immigration Consultant,1.0,Other,"Company Culture, Work Life Balance, Work Satisfaction"
Saxo Bank,3.8,Banking,"Work Life Balance, Salary, Company Culture"
2COMS,3.2,Recruitment,"Promotions, Company Culture, Work Satisfaction"
2COMS,3.2,Recruitment,"Promotions, Company Culture, Work Satisfaction"
Saxo Bank,3.8,Banking,"Work Life Balance, Salary, Company Culture"
MediBuddy,3.2,Internet,"Promotions, Job Security, Company Culture"
Aditya Birla Housing Finance,3.7,NBFC,"Work Satisfaction, Promotions"
Deloitte Digital,3.7,IT Services & Consulting,"Promotions, Work Life Balance, Work Satisfaction"
Mars International India,4.2,Food Processing,"Salary, Company Culture, Work Life Balance"
India Post,3.7,Government,Job Security
India Glycols,4.0,Chemicals,"Work Life Balance, Job Security, Company Culture"
Mobile Programming,2.9,IT Services & Consulting,"Job Security, Promotions, Skill Development"
Namaste India Foods,3.9,Food Processing,"Work Life Balance, Job Security"
Tractebel,4.0,Power,"Work Life Balance, Work Satisfaction, Salary"
India Private Driver,,Travel & Tourism,"Work Life Balance, Skill Development"
Ge India Industrial,4.1,Industrial Machinery,"Company Culture, Job Security, Work Life Balance"
SBI Mutual Fund,3.7,Financial Services,"Job Security, Work Life Balance"
LIC Housing Finance,4.0,NBFC,"Work Life Balance, Job Security, Company Culture"
Common Service Centres,4.4,Government,"Work Life Balance, Work Satisfaction, Skill Development"
Samsung Display,3.8,Electronics Manufacturing,"Job Security, Work Life Balance, Company Culture"
WM Universal Solutions Private Limited,3.6,Waste Management,"Job Security, Work Life Balance"
Brainvire,2.7,IT Services & Consulting,"Job Security, Promotions, Company Culture"
Varuna Integrated Logistics,3.7,Logistics,Promotions
Telenor,4.2,Telecom,"Company Culture, Work Life Balance, Salary"
CollegeDekho,2.6,EdTech,"Job Security, Promotions, Company Culture"
CTS Consulting & Technical Support,3.7,Engineering & Construction,"Promotions, Salary, Work Satisfaction"
Pace Setters Business Solutions,3.3,BPO,"Promotions, Salary, Skill Development"
Poorvika Mobiles,4.0,Retail,"Job Security, Company Culture, Skill Development"
Encube Ethicals,3.8,Pharma,"Job Security, Skill Development"
IDS Infotech,3.7,IT Services & Consulting,Work Life Balance
Sri Krishna Pharmaceuticals,3.9,Pharma,"Work Life Balance, Job Security"
Paradeep Phosphates,3.7,Agro Chemicals,Job Security
Kirby Building Systems,4.0,Building Material,"Job Security, Work Life Balance"
Infovision,3.7,IT Services & Consulting,"Job Security, Promotions"
Mahanagar Gas,4.1,Oil & Gas,"Work Life Balance, Company Culture, Job Security"
AIG Hospital,4.2,Healthcare,"Job Security, Skill Development, Company Culture"
Techwave Consulting,3.6,IT Services & Consulting,"Promotions, Salary, Work Satisfaction"
Voltech,3.5,Electrical Equipment,Skill Development
Karvy Data Management Services,4.0,Analytics & KPO,"Work Satisfaction, Company Culture, Work Life Balance"
Nelito System,3.2,IT Services & Consulting,"Promotions, Salary, Company Culture"
Cuemath,3.3,EdTech,"Promotions, Job Security, Work Satisfaction"
Allana Group of Companies,3.8,Food Processing,Salary
Mediamint,2.8,Marketing & Advertising,"Promotions, Work Satisfaction, Skill Development"
ATS Infrastructure,4.2,Real Estate,"Work Life Balance, Company Culture, Work Satisfaction"
Clix Capital Services,3.9,NBFC,"Salary, Company Culture, Work Life Balance"
Kellton,2.9,IT Services & Consulting,"Promotions, Company Culture, Work Satisfaction"
QBurst Technologies,4.2,Software Product,"Work Life Balance, Company Culture, Salary"
Rakuten,3.5,Internet,Work Life Balance
Tradeshala,4.5,Education & Training,"Work Life Balance, Skill Development, Company Culture"
Ppap Automotive,3.8,Auto Components,Work Life Balance
Emerson Electric Co.,3.9,Software Product,"Company Culture, Work Life Balance, Job Security"
Centum Learning,3.8,Education & Training,"Promotions, Job Security, Salary"
ACTE,4.5,Education & Training,"Work Satisfaction, Job Security, Company Culture"
L. N. Malviya Infra Projects Group,3.1,Engineering & Construction,"Promotions, Salary, Company Culture"
Equiniti,3.5,Financial Services,Work Life Balance
Romsons Group Of Industries,3.6,Medical Equipment,"Promotions, Company Culture, Work Satisfaction"
Value Point Systems,3.5,IT Services & Consulting,"Promotions, Salary, Company Culture"
Symbiotec Pharmalab,3.8,Pharma,Job Security
C-Edge Technologies,3.8,IT Services & Consulting,"Job Security, Work Life Balance"
TRINAMIX,4.4,IT Services & Consulting,"Job Security, Company Culture, Skill Development"
Aludecor Lamination,3.7,Building Material,Promotions
OMICS International,2.4,Printing & Publishing,"Promotions, Job Security, Salary"
Invesco,3.7,Financial Services,Work Life Balance
Onshore Construction,3.8,Engineering & Construction,"Promotions, Company Culture"
Dow Chemical International Private Limited,3.4,Chemicals,"Promotions, Job Security, Work Satisfaction"
Quikr,3.6,Internet,"Promotions, Job Security, Work Satisfaction"
Markets and Markets,2.7,Analytics & KPO,"Promotions, Skill Development, Company Culture"
Technico Industries,3.6,Auto Components,"Promotions, Company Culture, Work Satisfaction"
Ministry of Defence,4.5,Government,"Work Life Balance, Company Culture, Job Security"
Knowledgeworks Global,2.8,Printing & Publishing,"Promotions, Company Culture, Skill Development"
Flowserve,3.7,Industrial Machinery,"Promotions, Skill Development, Work Satisfaction"
Cosmo Films,3.7,Packaging,Job Security
Texmo Industries,3.7,Industrial Machinery,"Promotions, Salary"
Thales,3.5,Defence & Aerospace,"Promotions, Work Satisfaction, Skill Development"
Grant Thornton Bharat,3.2,Accounting & Auditing,"Promotions, Work Satisfaction, Work Life Balance"
Otsuka Pharmaceutical India Private Limited,4.1,Pharma,"Job Security, Company Culture, Work Life Balance"
Dhani Services,3.8,Mumbai +79 other locations,"Job Security, Promotions"
Lite Bite Foods,4.4,Hospitality,"Company Culture, Work Life Balance, Work Satisfaction"
DiGibizz,,Mumbai +162 other locations,"Work Life Balance, Skill Development"
MKC Infrastructure Ltd.,3.4,Engineering & Construction,"Promotions, Company Culture, Salary"
Siemens Healthineers,3.9,Healthcare,"Work Life Balance, Job Security, Company Culture"
BharatMatrimony.com,3.7,Internet,"Promotions, Skill Development"
Everforth Quinnox,3.9,IT Services & Consulting,"Work Life Balance, Company Culture, Salary"
Bhagwati Products,3.6,Consumer Electronics & Appliances,"Promotions, Company Culture, Job Security"
Global Autotech,3.9,Auto Components,"Job Security, Skill Development"
RND Softech,3.1,BPO,"Promotions, Salary, Company Culture"
TresVista,2.2,Analytics & KPO,"Work Life Balance, Company Culture, Work Satisfaction"
Pepperfry,3.0,Hospitality,"Promotions, Job Security, Work Satisfaction"
SBI Capital Markets,3.6,Financial Services,"Promotions, Company Culture, Salary"
GD Goenka Public School,3.4,Education & Training,"Job Security, Promotions, Company Culture"
Mediterranean Shipping Company,4.0,Ports & Shipping,"Job Security, Company Culture, Work Life Balance"
CS TECH Ai,3.8,IT Services & Consulting,"Salary, Work Life Balance"
Clove Dental,3.9,Healthcare,"Job Security, Skill Development"
Realme,3.7,Consumer Electronics & Appliances,"Job Security, Promotions, Company Culture"
Gopal Snacks Limited,4.2,FMCG,"Company Culture, Work Life Balance, Work Satisfaction"
Think Gas,3.7,Oil & Gas,"Job Security, Company Culture, Work Life Balance"
SUEZ Group,4.1,Waste Management,"Work Life Balance, Job Security, Company Culture"
Atyati Technologies,3.9,IT Services & Consulting,Work Life Balance
Matrix Business Services,3.5,Analytics & KPO,"Promotions, Salary, Company Culture"
Jiva Ayurvedic Pharmacy,3.8,Healthcare,"Work Life Balance, Company Culture, Job Security"
Buzzworks Business Services,3.6,Recruitment,"Promotions, Job Security, Skill Development"
ZF Friedrichshafen,3.8,Auto Components,Work Life Balance
Sterling Holiday Resort,3.8,Hospitality,"Promotions, Work Satisfaction, Skill Development"
Purplle.com,3.5,Retail,"Promotions, Work Satisfaction, Company Culture"
Elevanceskills,4.4,Education & Training,"Work Life Balance, Skill Development, Work Satisfaction"
Grindwell Norton,3.7,Industrial Machinery,"Promotions, Salary, Work Satisfaction"
GM Modular,3.9,Electrical Equipment,"Work Life Balance, Job Security, Salary"
Vakrangee,3.4,BPO,"Promotions, Job Security, Company Culture"
Numeric UPS,4.0,Electrical Equipment,"Company Culture, Job Security, Skill Development"
CARE,4.3,Non-Profit,"Company Culture, Salary, Work Life Balance"
Giesecke & Devrient,3.4,IT Services & Consulting,"Promotions, Salary, Skill Development"
Godrej Interio,3.8,Furniture & Furnishing,Job Security
Alpla,3.9,Packaging,"Job Security, Skill Development, Work Life Balance"
Medikabazaar,4.1,Medical Equipment,"Work Life Balance, Salary, Company Culture"
Pocket FM,2.8,Media & Entertainment,"Job Security, Promotions, Company Culture"
Jumbotail Technologies,3.6,Retail,"Promotions, Work Life Balance, Job Security"
Cera Sanitaryware,4.0,Building Material,"Salary, Work Life Balance, Company Culture"
Xanadu,3.6,Real Estate,"Job Security, Salary"
Kiswok Industries,3.2,Iron & Steel,"Promotions, Company Culture, Work Satisfaction"
Ramco Industries,4.1,Building Material,"Job Security, Work Life Balance, Work Satisfaction"
AQM Technologies,3.1,IT Services & Consulting,"Company Culture, Work Life Balance, Promotions"
Westin,4.1,Hospitality,"Job Security, Company Culture, Work Life Balance"
Cloud4C,3.5,IT Services & Consulting,Job Security
Confidence Petroleum India,3.2,Oil & Gas,"Promotions, Job Security, Salary"
Akamai Technologies,4.4,Software Product,"Company Culture, Work Life Balance, Salary"
Avery Dennison,3.6,Packaging,"Promotions, Skill Development, Work Satisfaction"
ESDS Software Solutions,3.3,IT Services & Consulting,"Promotions, Salary, Job Security"
Zenex Animal Health,4.7,Pharma,"Company Culture, Work Life Balance, Work Satisfaction"
Plastic Omnium,3.8,Automobile,Promotions
Fynd,2.9,Software Product,"Job Security, Promotions, Company Culture"
NeoGrowth Credit,3.5,NBFC,"Job Security, Company Culture, Work Life Balance"
Bridgestone India Automotive Products,4.1,Auto Components,"Work Life Balance, Company Culture, Job Security"
Paharpur Cooling Towers,3.9,Industrial Machinery,"Job Security, Salary"
Jindal Aluminium,3.9,Metals & Mining,Salary
Honda Logistics,3.7,Logistics,Work Life Balance
Maersk Line,3.9,Logistics,"Work Life Balance, Company Culture, Work Satisfaction"
Haleon,3.4,Healthcare,"Promotions, Work Satisfaction, Job Security"
Meghmani Organics,3.8,Chemicals,Job Security
HealthifyMe,2.7,Internet,"Job Security, Promotions, Work Satisfaction"
Tetra Pak,4.2,Packaging,"Company Culture, Work Life Balance, Job Security"
Paper Boat(Hector Beverages Pvt. Ltd.),3.9,Beverage,"Salary, Work Life Balance"
Nash Industries,3.3,Manufacturing,"Company Culture, Promotions, Salary"
Yethi Consulting,3.2,IT Services & Consulting,"Promotions, Company Culture, Salary"
Paper Boat(Hector Beverages Pvt. Ltd.),3.9,Beverage,"Salary, Work Life Balance"
Star Bazaar,3.7,Retail,"Promotions, Work Satisfaction, Salary"
NJ India Invest,3.7,Financial Services,Job Security
Future Lifestyle Fashion,4.2,Retail,"Work Life Balance, Skill Development, Company Culture"
Sany Heavy Industry,3.7,Industrial Machinery,"Promotions, Company Culture, Work Satisfaction"
Hyundai Glovis,3.6,Logistics,"Promotions, Work Satisfaction, Company Culture"
Bira 91,3.3,Beverage,"Job Security, Promotions, Company Culture"
Cadbury,4.3,Food Processing,"Company Culture, Work Life Balance, Work Satisfaction"
Mikuni,4.1,Auto Components,"Job Security, Work Life Balance, Company Culture"
Stovekraft,3.9,Consumer Electronics & Appliances,Work Life Balance
Anunta Technology Management Services,3.3,IT Services & Consulting,"Promotions, Work Satisfaction, Job Security"
Gulf Oil Lubricants,4.0,Oil & Gas,"Salary, Work Life Balance"
Henkel Adhesives Technologies,4.1,Chemicals,"Work Life Balance, Company Culture, Salary"
Bharat Seats,3.8,Auto Components,"Promotions, Company Culture"
Jupiter Hospital,3.9,Healthcare,"Job Security, Skill Development"
Zypp Electric,3.9,Internet,"Company Culture, Work Life Balance, Skill Development"
Yutika Natural,3.5,Beauty & Personal Care,"Job Security, Promotions, Company Culture"
Bandhan Life,3.3,Insurance,"Work Satisfaction, Promotions, Job Security"
Juniper Networks,4.2,Hardware & Networking,"Company Culture, Work Life Balance, Salary"
Shalimar Paints,3.5,Chemicals,"Promotions, Job Security, Company Culture"
Ozone Corp Private Limited,3.8,Building Material,"Promotions, Job Security"
Bhilosa Industries,3.6,Fashion & Textile,"Promotions, Salary, Company Culture"
Thought Focus,3.3,IT Services & Consulting,"Promotions, Skill Development, Company Culture"
Anthem Biosciences,3.9,Pharma,"Salary, Job Security"
Espire Infolabs,2.2,IT Services & Consulting,"Job Security, Promotions, Company Culture"
Visaka Industries,3.8,Building Material,Work Life Balance
SMFG India Home Finance Co,3.7,NBFC,Salary
SolarSquare Energy,2.9,Power,"Work Life Balance, Work Satisfaction, Promotions"
Midland Microfin Limited,3.4,NBFC,"Salary, Company Culture, Work Satisfaction"
TruBridge Healthcare Private Limited,3.7,Analytics & KPO,Promotions
Landis+Gyr,2.8,Electrical Equipment,"Job Security, Skill Development, Promotions"
Loadshare Networks,3.5,Logistics,"Job Security, Promotions, Company Culture"
Go First,3.8,Aviation,"Job Security, Promotions, Salary"
Sayaji Hotels,4.2,Hospitality,"Company Culture, Work Life Balance, Job Security"
Greenpanel Industries,4.0,Furniture & Furnishing,"Salary, Work Life Balance"
Birla White,4.0,Building Material,"Job Security, Company Culture, Work Life Balance"
Ivrcl Infrastructures & Projects,4.5,Engineering & Construction,"Work Life Balance, Work Satisfaction, Company Culture"
AIRBUS,3.5,Aviation,"Work Life Balance, Job Security"
Tata International,3.5,Import & Export,"Promotions, Salary, Work Satisfaction"
Stryker,3.8,Medical Equipment,"Work Life Balance, Company Culture"
National Commodities Management Services,4.0,Logistics,"Work Life Balance, Job Security, Company Culture"
LT Foods,3.8,FMCG,Work Life Balance
Polestar Analytics,4.0,IT Services & Consulting,"Salary, Work Life Balance, Promotions"
Stryker,3.8,Medical Equipment,"Work Life Balance, Company Culture"
Keysight Technologies,3.8,Electronics Manufacturing,"Work Life Balance, Company Culture, Job Security"
Aimil Pharmaceuticals,3.5,Pharma,"Promotions, Salary, Work Satisfaction"
Liberty General Insurance,3.7,Insurance,"Promotions, Work Satisfaction, Job Security"
Caresoft Global,3.3,Automobile,"Promotions, Work Satisfaction, Skill Development"
Speridian Technologies,3.5,IT Services & Consulting,"Job Security, Promotions, Skill Development"
MagicPin,2.4,Internet,"Work Life Balance, Job Security, Company Culture"
Puravankara,3.5,Real Estate,"Promotions, Skill Development, Company Culture"
NBTC GROUP,3.2,Oil & Gas,"Company Culture, Promotions, Work Life Balance"
Qcon,4.4,Engineering & Construction,"Work Satisfaction, Company Culture, Work Life Balance"
Yusen Logistics,4.1,Logistics,"Job Security, Work Life Balance, Skill Development"
Honour Lab,3.9,Pharma,Job Security
Xerox,3.6,Printing & Publishing,Work Life Balance
Dana India,4.1,Auto Components,"Company Culture, Work Life Balance, Work Satisfaction"
Central Public Works Department,4.1,Government,"Work Life Balance, Work Satisfaction, Skill Development"
Torrent Gas,3.2,Oil & Gas,"Promotions, Salary, Work Satisfaction"
Riya Travel,3.6,Travel & Tourism,"Promotions, Salary"
Aizant Drug Research Solutions,4.3,Clinical Research,"Skill Development, Company Culture, Work Life Balance"
GHCL Limited,3.9,Chemicals,"Work Life Balance, Company Culture, Job Security"
CommScope,3.8,Telecom,"Work Life Balance, Salary"
SISL Infotech,3.4,IT Services & Consulting,"Promotions, Job Security, Skill Development"
Synopsys,3.4,Semiconductors,"Promotions, Job Security, Skill Development"
Symphony,4.6,Consumer Electronics & Appliances,"Work Life Balance, Company Culture, Work Satisfaction"
Indian Institute of Technology Gandhinagar,4.2,Education & Training,"Work Life Balance, Skill Development, Company Culture"
Go Colors,4.0,Fashion & Textile,"Work Life Balance, Job Security, Work Satisfaction"
Gokaldas Exports,3.9,Fashion & Textile,Job Security
Freecharge,3.8,FinTech,Work Life Balance
Orion Innovation,3.4,IT Services & Consulting,"Promotions, Company Culture, Job Security"
Gaurs Group,4.2,Real Estate,"Work Life Balance, Work Satisfaction, Company Culture"
Cipla Health,4.2,Pharma,"Salary, Company Culture, Work Life Balance"
Trimax IT Infrastructure Services,3.9,IT Services & Consulting,Work Life Balance
Indofil Industries,4.0,Agro Chemicals,"Work Life Balance, Salary, Company Culture"
Ashapura Group Of Industries,4.1,Metals & Mining,"Work Life Balance, Job Security, Company Culture"
CMA CGM Global Business Services,4.0,Ports & Shipping,"Job Security, Work Life Balance"
Mahle Anand Thermal Systems,4.0,Auto Components,"Company Culture, Job Security, Skill Development"
Balmer Lawrie,3.5,Packaging,Job Security
Saud Bahwan Group,3.7,Automobile,Work Life Balance
In Time Tec Visionsoft,3.1,IT Services & Consulting,"Promotions, Salary, Work Life Balance"
Suzlon Global Services,3.8,Pune +65 other locations,"Skill Development, Job Security"
Texmaco Rail and Engineering,3.8,Engineering & Construction,Promotions
The Indian Hotels Company,3.9,Hospitality,"Job Security, Company Culture"
Nuvama Wealth and Investment,3.3,Financial Services,"Promotions, Work Satisfaction, Job Security"
NOON.COM,3.2,Internet,"Promotions, Job Security, Skill Development"
Vision India Services,4.0,Recruitment,"Work Life Balance, Skill Development, Company Culture"
Sahyadri Hospital,4.2,Healthcare,"Job Security, Skill Development, Company Culture"
Red Hat,4.3,Software Product,"Work Life Balance, Company Culture, Skill Development"
Sadbhav Engineering,4.2,Engineering & Construction,"Work Life Balance, Company Culture, Work Satisfaction"
Falcon Autotech,3.8,Industrial Automation,"Promotions, Salary"
Teradata,3.6,Software Product,Work Life Balance
SMEC,3.7,Real Estate,Work Life Balance
Majesco,3.2,IT Services & Consulting,"Job Security, Promotions, Skill Development"
McNally Bharat Engineering,3.8,Engineering & Construction,"Work Life Balance, Job Security"
Webkul Software,3.7,Software Product,
Rapido,3.5,Internet,"Promotions, Work Satisfaction, Job Security"
Eurokids,4.0,Education & Training,"Work Life Balance, Skill Development, Company Culture"
Bahwan Engineering,4.1,Engineering & Construction,"Work Life Balance, Job Security, Company Culture"
Axis Finance,3.8,NBFC,"Salary, Work Life Balance"
Kolte Patil Developers,4.0,Real Estate,"Work Life Balance, Salary, Job Security"
IKF Finance,4.1,Financial Services,"Work Life Balance, Salary, Company Culture"
NIFTEL COMMUNICATIONS,3.5,BPO,"Promotions, Company Culture, Job Security"
Kyungshin Industrial Motherson,3.3,Electrical Equipment,"Promotions, Salary, Company Culture"
Prime Focus Technologies,3.1,Software Product,"Promotions, Salary, Job Security"
Del Monte Foods,4.0,Food Processing,"Work Life Balance, Salary, Job Security"
Thrillophilia,3.7,Travel & Tourism,
Bengal Beverages,2.9,Beverage,"Promotions, Company Culture, Work Satisfaction"
Dharampal Premchand,4.3,FMCG,"Work Life Balance, Job Security, Company Culture"
Seoyon E-hwa Automotive,3.4,Auto Components,"Promotions, Company Culture, Work Satisfaction"
Novotel Hotels,3.9,Hospitality,"Job Security, Skill Development"
Oriental Structural Engineers,4.3,Engineering & Construction,"Company Culture, Work Life Balance, Work Satisfaction"
Prodair Air Products,3.7,Oil & Gas,"Work Life Balance, Salary, Company Culture"
Neilsoft,3.1,Engineering & Construction,"Promotions, Work Satisfaction, Skill Development"
Dun & Bradstreet,3.1,Analytics & KPO,"Job Security, Promotions, Work Satisfaction"
Revent Group,3.8,Auto Components,"Promotions, Company Culture"
Tyger Capital,3.9,Financial Services,"Company Culture, Work Life Balance, Salary"
St. Xavier's High School,3.6,Pharma,"Promotions, Company Culture, Job Security"
Kataria Automobiles,3.6,Automobile,"Promotions, Work Satisfaction, Job Security"
British Council,3.5,Education & Training,"Promotions, Job Security, Salary"
NKG Infrastructure,3.2,Engineering & Construction,"Promotions, Job Security, Salary"
Flatworld Solutions,3.2,IT Services & Consulting,"Promotions, Skill Development, Salary"
Sulekha.com,3.3,Internet,"Promotions, Work Satisfaction, Skill Development"
Knack RCM,3.0,BPO,"Company Culture, Work Life Balance, Work Satisfaction"
Indian Immunologicals,4.0,Biotechnology,"Work Life Balance, Job Security, Salary"
Konexions Back Office Services,2.6,BPO,"Promotions, Company Culture, Work Satisfaction"
Godrej Jersey,4.1,Food Processing,"Company Culture, Work Life Balance, Job Security"
Corona Remedies,4.2,Pharma,"Company Culture, Work Life Balance, Work Satisfaction"
Regency Hospital Ltd,4.1,Healthcare,"Work Life Balance, Job Security, Skill Development"
HealthKart,4.0,Internet,"Work Life Balance, Company Culture, Job Security"
Mintifi,3.5,Financial Services,Salary
Railtel Corporation Of India,3.6,Hardware & Networking,"Promotions, Company Culture, Salary"
Iksula,3.3,IT Services & Consulting,"Job Security, Promotions, Company Culture"
CodeClouds,3.6,Software Product,"Work Life Balance, Salary, Company Culture"
ELGI Equipments,4.0,Industrial Machinery,"Company Culture, Work Life Balance, Job Security"
Flamingo Pharmaceuticals,3.1,Pharma,"Promotions, Company Culture, Salary"
Tata Steel Utilities and Infrastructure Services,3.7,Engineering & Construction,"Work Life Balance, Job Security"
Mymd Healthcare,4.2,Internet,"Salary, Company Culture, Work Life Balance"
Magneti Marelli Motherson Auto System,3.9,Auto Components,"Job Security, Skill Development"
Fuji Electric,3.6,Electronics Manufacturing,"Promotions, Salary, Work Satisfaction"
Nidec Corporation,3.7,Electronics Manufacturing,Work Life Balance
LKQ INDIA,3.3,IT Services & Consulting,"Promotions, Salary, Skill Development"
ByteDance,4.1,Internet,"Work Life Balance, Company Culture, Salary"
InfoBeans,3.3,IT Services & Consulting,"Promotions, Job Security, Skill Development"
Venky's,3.7,Food Processing,"Job Security, Work Life Balance"
Bharat Bijlee,4.1,Electrical Equipment,"Job Security, Work Life Balance, Company Culture"
Clean Harbors,3.3,Waste Management,"Promotions, Skill Development, Company Culture"
ITI,3.7,Hardware & Networking,"Work Life Balance, Skill Development, Company Culture"
Allegis Group,3.4,Recruitment,"Promotions, Work Satisfaction, Skill Development"
Marble Box,3.8,BPO,"Job Security, Promotions"
Pratham Education Foundation,4.2,Education & Training,"Company Culture, Skill Development, Work Life Balance"
Ergode,3.1,IT Services & Consulting,"Job Security, Promotions, Company Culture"
JNS Instruments,4.0,Industrial Machinery,"Work Life Balance, Work Satisfaction, Job Security"
Tata Steel Colors,3.7,Iron & Steel,"Promotions, Salary, Work Satisfaction"
Ingersoll Rand,3.8,Industrial Machinery,Work Life Balance
Subex,3.4,Telecom,"Promotions, Salary, Work Satisfaction"
Zscaler Softech,3.1,Software Product,"Job Security, Promotions, Company Culture"
Shiprocket Private Limited,3.3,Internet,"Promotions, Job Security, Work Satisfaction"
Rieter,3.2,Hospitality,"Promotions, Job Security, Skill Development"
Miracle Software Systems,3.7,IT Services & Consulting,Skill Development
Transasia Bio-Medicals,3.3,Medical Equipment,"Promotions, Company Culture, Work Satisfaction"
Khadims,3.5,Fashion & Textile,"Promotions, Salary, Skill Development"
Reliance Infrastructure,4.0,Engineering & Construction,"Work Life Balance, Salary, Company Culture"
RPG Life Sciences,3.7,Pharma,"Promotions, Salary, Company Culture"
Mjunction Services,3.8,IT Services & Consulting,"Work Life Balance, Job Security"
TCL,4.1,Consumer Electronics & Appliances,"Company Culture, Work Life Balance, Work Satisfaction"
Meyer Organics,3.7,Pharma,"Promotions, Salary, Company Culture"
Freyr Solutions,3.6,IT Services & Consulting,Work Life Balance
Theobroma Foods,3.8,Hospitality,"Promotions, Job Security"
Ciena,4.0,Telecom,"Company Culture, Work Life Balance, Salary"
Brembo Brake India,4.0,Auto Components,"Job Security, Company Culture, Work Life Balance"
Emergys,3.3,IT Services & Consulting,"Promotions, Salary, Work Satisfaction"
Citykart Retail,3.7,Retail,Salary
Tata Steel Downstream Products,3.7,Iron & Steel,Job Security
NetApp,3.7,IT Services & Consulting,Salary
iNurture Education Solutions,2.5,EdTech,"Promotions, Salary, Job Security"
State Street Bank,3.4,Banking,"Promotions, Job Security, Salary"
Bada Business,4.0,Internet,"Company Culture, Skill Development, Salary"
Intercontinental Exchange,3.2,Financial Services,"Promotions, Skill Development, Company Culture"
Echobooom Management & Entrepreneurial Solutions,4.0,Marketing & Advertising,"Skill Development, Company Culture, Work Satisfaction"
Fitelo,3.1,Fitness & Wellness,"Job Security, Promotions, Company Culture"
Adani Logistics,3.7,Logistics,"Promotions, Job Security"
Tutopia,4.5,EdTech,"Company Culture, Work Life Balance, Work Satisfaction"
B. Braun Medical,4.1,Healthcare,"Work Life Balance, Company Culture, Job Security"
Flipkart Health+,3.5,Internet,"Promotions, Company Culture, Work Satisfaction"
Group Bayport,4.1,Printing & Publishing,"Work Life Balance, Job Security, Salary"
Deluxe Entertainment,3.5,Media & Entertainment,"Promotions, Skill Development, Job Security"
Cimpress,3.8,Printing & Publishing,"Work Life Balance, Company Culture"
Mungi Group,3.9,Auto Components,"Work Life Balance, Skill Development"
Hero Housing Finance,3.8,NBFC,Salary
Dee Piping System,4.1,Engineering & Construction,"Work Life Balance, Work Satisfaction, Skill Development"
Saudi Binladin Group,4.3,Engineering & Construction,"Work Life Balance, Company Culture, Work Satisfaction"
Indian Political Action Committee,3.0,Other,"Job Security, Promotions, Work Life Balance"
Prism Cement,3.9,Building Material,"Job Security, Company Culture, Work Life Balance"
Toyota,4.1,Automobile,"Work Life Balance, Skill Development, Company Culture"
Premium Transmission,3.4,Industrial Machinery,"Promotions, Company Culture, Work Satisfaction"
e2open,3.4,Hospitality,"Promotions, Job Security, Skill Development"
Fossil Group,3.8,Fashion & Textile,"Work Life Balance, Company Culture"
SirionLabs,3.8,Software Product,"Salary, Work Life Balance, Skill Development"
BSCPL Infrastructure,3.9,Engineering & Construction,Skill Development
Bonfiglioli Transmissions Limited,3.5,Industrial Machinery,"Work Life Balance, Promotions, Company Culture"
Mashreq Global Services,3.1,Banking,"Promotions, Skill Development, Company Culture"
Essjay Ericsson,4.1,Analytics & KPO,"Company Culture, Work Life Balance, Work Satisfaction"
ZUCOL Services,3.7,IT Services & Consulting,"Promotions, Salary"
Portea Medical,3.6,Healthcare,"Promotions, Job Security"
Sunwoda Electronic India Pvt Ltd,3.9,Electronics Manufacturing,"Job Security, Company Culture"
Almarai,4.3,Food Processing,"Job Security, Skill Development, Company Culture"
AVAYA,3.3,Software Product,Work Life Balance
Paynearby Technologies,3.8,FinTech,"Salary, Company Culture, Work Life Balance"
Skillmine Technology Consulting,3.7,Software Product,"Job Security, Promotions"
OnePlus,3.8,Consumer Electronics & Appliances,"Job Security, Promotions"
Vijai Electricals,3.6,Power,"Promotions, Salary"
National Organic Chemical Industries,3.7,Chemicals,"Work Life Balance, Job Security"
Flipkart Wholesale,3.8,Internet,Promotions
Marksans Pharma,3.3,Pharma,"Promotions, Company Culture, Salary"
Jyoti CNC Automation,4.0,Industrial Machinery,"Job Security, Skill Development, Work Life Balance"
Vcare Trichology,3.5,Healthcare,"Promotions, Company Culture, Work Life Balance"
Nexteer Automotive,3.8,Auto Components,Promotions
Usha Martin,3.9,Iron & Steel,"Job Security, Work Life Balance"
FabHotels,3.0,Hospitality,"Job Security, Promotions, Company Culture"
Vcare Trichology,3.5,Healthcare,"Promotions, Company Culture, Work Life Balance"
Usha Martin,3.9,Iron & Steel,"Job Security, Work Life Balance"
Spice Money,4.1,FinTech,"Work Life Balance, Company Culture, Work Satisfaction"
Kaya Skin Clinic,3.2,Beauty & Personal Care,"Promotions, Company Culture, Work Satisfaction"
SABIC,4.1,Chemicals,"Work Life Balance, Company Culture, Salary"
Lotte India Corporation,4.0,FMCG,"Work Life Balance, Company Culture"
FM LOGISTIC,4.0,Logistics,"Work Life Balance, Job Security"
Slice,3.2,Banking,"Promotions, Job Security, Company Culture"
Chettinad Cements,3.8,Building Material,Salary
Talbros,3.9,Auto Components,Promotions
Baramati Agro,3.8,Food Processing,Promotions
Imarticus Learning,4.0,EdTech,"Company Culture, Work Life Balance, Work Satisfaction"
Indigo Paints,3.9,Chemicals,"Salary, Work Life Balance"
Haldia Petrochemicals,3.7,Petrochemicals,Job Security
AppInventiv Technologies,3.9,IT Services & Consulting,"Company Culture, Work Satisfaction, Job Security"
OLX Autos,3.9,Internet,Salary
Motherhood Hospital,3.6,Healthcare,"Promotions, Salary"
GTL Infrastructure,4.3,Hardware & Networking,"Work Life Balance, Company Culture, Work Satisfaction"
Adani Infra,3.7,Engineering & Construction,Salary
Silver Touch Technologies,3.0,IT Services & Consulting,"Promotions, Company Culture, Skill Development"
Ami Lifesciences,3.8,Pharma,Salary
H & R Johnson,3.6,Building Material,Salary
SoftwareOne,3.7,Software Product,Work Life Balance
Asian Granito India,3.6,Building Material,"Promotions, Skill Development, Work Satisfaction"
Carrier Midea,3.6,Consumer Electronics & Appliances,"Promotions, Company Culture, Job Security"
DesignTech Systems,3.3,IT Services & Consulting,Job Security
TriGeo Technologies,3.4,IT Services & Consulting,"Promotions, Company Culture, Salary"
Tessolve,3.3,Semiconductors,"Promotions, Salary, Work Satisfaction"
NR Consulting,4.6,IT Services & Consulting,"Company Culture, Work Life Balance, Work Satisfaction"
Ashiana Housing,4.1,Real Estate,"Skill Development, Company Culture, Job Security"
KLAY Preschool and Daycare,3.6,Education & Training,"Promotions, Company Culture, Work Satisfaction"
Rakuten Symphony,3.6,Telecom,"Promotions, Work Satisfaction, Job Security"
CES,3.3,IT Services & Consulting,"Job Security, Promotions, Skill Development"
Bmm Ispat,3.9,Iron & Steel,"Job Security, Work Life Balance"
Aptech,3.3,Education & Training,"Promotions, Work Satisfaction, Skill Development"
RSWM Limited,4.1,Fashion & Textile,"Company Culture, Work Life Balance, Job Security"
Montecarlo Construction,4.2,Engineering & Construction,"Work Life Balance, Salary, Company Culture"
DB Power Limited,4.6,Power,"Job Security, Company Culture, Work Life Balance"
SPAR Hypermarkets,4.0,Retail,"Company Culture, Job Security, Skill Development"
Mahindra Lifespace Developers,4.2,Real Estate,"Work Life Balance, Job Security, Company Culture"
Siyaram Silk Mills,3.9,Fashion & Textile,Job Security
FCM Travel,3.5,Travel & Tourism,"Promotions, Job Security, Work Satisfaction"
Astra Microwave Products,3.9,Defence & Aerospace,"Job Security, Work Life Balance, Skill Development"
Intelizign Lifecycle Services,3.8,IT Services & Consulting,"Company Culture, Job Security"
Mazagon Dock,4.1,Ports & Shipping,"Company Culture, Work Life Balance, Work Satisfaction"
Mann And Hummel Filter,3.8,Auto Components,Work Life Balance
Calsoft,2.7,IT Services & Consulting,"Job Security, Promotions, Company Culture"
Orient Craft,3.8,Fashion & Textile,"Skill Development, Company Culture, Work Satisfaction"
Pon Pure Chemical,3.6,Chemicals,Job Security
GE Aerospace,4.1,Defence & Aerospace,"Company Culture, Job Security, Work Life Balance"
TotalEnergies,3.8,Oil & Gas,"Promotions, Work Satisfaction, Salary"
Daimler Truck,3.6,Automobile,"Work Life Balance, Job Security"
Desun Hospital & Heart Institute,3.8,Healthcare,Skill Development
Leixir Dental Group,4.6,Healthcare,"Job Security, Work Life Balance, Company Culture"
Mahindra Last Mile Mobility,3.8,Automobile,"Job Security, Skill Development"
Adroit Synergies,3.2,BPO,"Promotions, Salary, Company Culture"
International Automotive Components,3.8,Auto Components,Skill Development
Western Union,2.8,FinTech,"Job Security, Promotions, Company Culture"
Groupon,2.9,Internet,"Job Security, Promotions, Skill Development"
Le Méridien,4.0,Hospitality,"Skill Development, Company Culture, Work Satisfaction"
Balaji Wafers,4.3,FMCG,"Work Life Balance, Company Culture, Work Satisfaction"
Sagar Cements,4.4,Building Material,"Job Security, Work Life Balance, Work Satisfaction"
Orient Bell,3.4,Building Material,"Promotions, Company Culture, Work Satisfaction"
IMS People,3.5,Recruitment,"Promotions, Salary, Work Satisfaction"
Chambal Fertilisers And Chemicals,3.7,Agro Chemicals,"Job Security, Salary"
Nous Infosystems,3.5,IT Services & Consulting,"Promotions, Salary, Work Satisfaction"
Infosys Consulting,3.4,IT Services & Consulting,"Job Security, Work Life Balance"
Euler Motors,3.6,Automobile,"Promotions, Job Security, Company Culture"
Ramada,3.8,Hospitality,Work Life Balance
YKK,3.7,Fashion & Textile,"Job Security, Work Life Balance"
Alankit,3.2,Financial Services,"Promotions, Salary, Company Culture"
A. O. Smith India Water Products Private Limited,3.5,Consumer Electronics & Appliances,Salary
Samsonite,4.1,Retail,"Company Culture, Work Life Balance, Work Satisfaction"
Copeland,3.8,Electronics Manufacturing,Work Life Balance
NCSI Technologies Pvt Ltd,3.6,IT Services & Consulting,"Promotions, Work Satisfaction, Job Security"
Omnicom Global Solutions,3.3,Marketing & Advertising,"Promotions, Job Security, Skill Development"
Europa Locks,3.8,Building Material,"Work Life Balance, Job Security"
Systems Plus,4.2,IT Services & Consulting,"Work Life Balance, Company Culture, Salary"
India Nippon Electricals,3.6,Electrical Equipment,"Promotions, Salary"
Shyam Sel & Power,3.8,Electronics Manufacturing,Promotions
Samsung SDS,2.9,IT Services & Consulting,"Promotions, Skill Development, Work Satisfaction"
Lambda Therapeutic Research,3.7,Clinical Research,"Job Security, Skill Development, Salary"
SKH Y-TEC,3.9,Auto Components,"Job Security, Skill Development, Work Life Balance"
Ind-Swift Laboratories,3.9,Pharma,"Job Security, Work Life Balance"
ABCI Infrastructures,3.4,Engineering & Construction,"Promotions, Company Culture, Work Satisfaction"
Universal Corporation,3.5,Consumer Electronics & Appliances,"Promotions, Company Culture, Work Life Balance"
Tally Solutions,4.0,Software Product,"Company Culture, Job Security, Work Life Balance"
Indian Overseas Bank,3.5,Banking,Job Security
RSM US in India,3.4,Management Consulting,"Promotions, Work Satisfaction, Job Security"
Aker Solutions,4.0,Engineering & Construction,"Work Life Balance, Company Culture, Salary"
Nettur Technical Training Foundation,3.7,Education & Training,Job Security
T.v. Sundram Iyengar & Sons,4.1,Automobile,"Company Culture, Skill Development, Work Life Balance"
Karvy Data Management,3.3,Hyderabad +41 other locations,"Promotions, Salary, Company Culture"
Powerweave,3.2,BPO,"Promotions, Job Security, Skill Development"
ARMSOFTECH.AIR,3.1,IT Services & Consulting,"Promotions, Salary, Company Culture"
AIMLAY,4.7,EdTech,"Company Culture, Work Life Balance, Work Satisfaction"
K D Hospital,4.5,Healthcare,"Skill Development, Company Culture, Work Satisfaction"
Kothari Agritech,4.1,Building Material,"Work Life Balance, Job Security, Company Culture"
GS Lab,3.6,IT Services & Consulting,Work Life Balance
Ensono,4.0,IT Services & Consulting,"Company Culture, Work Life Balance, Salary"
Bangalore International Airport,4.3,Aviation,"Job Security, Company Culture, Work Life Balance"
Rama Medical College Hospital & Research Centre,3.6,Healthcare,"Job Security, Promotions"
Impact Guru,3.4,Internet,"Promotions, Work Life Balance, Work Satisfaction"
Starbucks,4.1,Hospitality,"Job Security, Company Culture, Skill Development"
Kutchina,3.4,Consumer Electronics & Appliances,"Promotions, Salary, Job Security"
ZTE Corporation,4.0,Telecom,"Work Life Balance, Company Culture, Work Satisfaction"
Aka Logistics,3.1,Logistics,"Promotions, Company Culture, Job Security"
Honeywell International India,3.9,Defence & Aerospace,"Company Culture, Work Life Balance"
Oberoi Realty,4.4,Real Estate,"Work Life Balance, Salary, Company Culture"
IndusInd Capital,4.0,Financial Services,"Company Culture, Work Life Balance, Salary"
Learning Routes,4.4,EdTech,"Company Culture, Skill Development, Work Satisfaction"
360 Realtors,3.4,Real Estate,"Job Security, Work Life Balance, Work Satisfaction"
ANR Software Private Limited,4.0,IT Services & Consulting,"Company Culture, Job Security, Skill Development"
Samsung C&T,4.2,Engineering & Construction,"Salary, Company Culture, Work Life Balance"
Hike Education Private Limited,4.3,EdTech,"Company Culture, Skill Development, Work Satisfaction"
Jubilant Biosys,3.4,Biotechnology,"Promotions, Company Culture, Work Satisfaction"
Franchise India Brands,3.2,Management Consulting,"Job Security, Company Culture, Promotions"
Buhler,3.7,Industrial Machinery,"Promotions, Work Satisfaction, Skill Development"
Uniparts Group,3.7,Industrial Machinery,Work Life Balance
Amartex Industries,4.5,Fashion & Textile,"Skill Development, Company Culture, Work Life Balance"
Eurofins It Solutions,2.7,IT Services & Consulting,"Promotions, Work Satisfaction, Job Security"
Entrata,3.8,Software Product,"Company Culture, Work Life Balance"
MyMoneyMantra,3.2,Internet,"Promotions, Job Security, Work Satisfaction"
V-Xpress,3.8,Logistics,"Promotions, Skill Development, Work Satisfaction"
IIMI Image Management Private Limited,4.0,BPO,"Company Culture, Work Life Balance, Work Satisfaction"
myGate,3.0,Law Enforcement & Security,"Job Security, Promotions, Work Life Balance"
ITC Limited - Paperboards Specialty Papers Division,3.9,Packaging,"Job Security, Skill Development, Company Culture"
Novartis Healthcare,4.0,Pharma,"Work Life Balance, Company Culture, Salary"
Owens Corning,3.7,Building Material,Job Security
CANTABIL RETAIL INDIA,3.8,Fashion & Textile,Skill Development
Enphase Energy,2.5,Power,"Company Culture, Work Life Balance, Work Satisfaction"
Nowfloats Technologies,3.8,Software Product,Company Culture
Indus Net Technologies,2.8,IT Services & Consulting,"Job Security, Promotions, Company Culture"
Accelya Solutions India Limited,3.4,IT Services & Consulting,"Promotions, Skill Development, Work Satisfaction"
Virchow Biotech,3.3,Pharma,"Promotions, Salary, Company Culture"
The Hans Foundation,4.2,Non-Profit,"Work Life Balance, Salary, Company Culture"
HYT Engineering Company Pvt Ltd,3.3,Industrial Machinery,"Job Security, Promotions, Company Culture"
VRB Consumer Products Private Limited,4.0,FMCG,"Salary, Work Life Balance, Job Security"
Apex Laboratories,3.8,Pharma,Job Security
IL&FS Engineering and Construction,4.4,Engineering & Construction,"Work Life Balance, Company Culture, Work Satisfaction"
Raptakos Brett and Company,3.2,Pharma,"Promotions, Skill Development, Company Culture"
PULSUS HealthTech Group,3.2,Printing & Publishing,"Salary, Promotions, Job Security"
National Bulk Handling Corporation,4.1,Agriculture,"Work Life Balance, Company Culture, Work Satisfaction"
Saama Technologies,3.6,IT Services & Consulting,"Promotions, Job Security, Work Satisfaction"
Ipsos,3.0,Analytics & KPO,"Work Satisfaction, Work Life Balance, Promotions"
Merck,4.1,Pharma,"Work Life Balance, Company Culture, Job Security"
Auro Realty Private Limited,4.4,Real Estate,"Work Life Balance, Job Security, Salary"
Qwik Supply Chain,3.9,Mumbai +146 other locations,"Work Life Balance, Skill Development"
Gtpl Hathway,4.0,Broadcasting,"Work Life Balance, Job Security"
Bonace Engineers,4.0,Recruitment,"Work Life Balance, Salary, Company Culture"
Hindustan Foods,3.6,FMCG,"Promotions, Company Culture, Work Satisfaction"
Nagarjuna Fertilizers and Chemicals,4.1,Agro Chemicals,"Company Culture, Work Life Balance, Skill Development"
Capital Foods,4.2,Food Processing,"Salary, Work Life Balance, Company Culture"
V-bazaar Retail,3.8,Retail,Promotions
CogentHubCX.AI,3.2,BPO,"Promotions, Company Culture, Job Security"
Self Practice,4.4,Analytics & KPO,"Skill Development, Work Life Balance, Work Satisfaction"
Motherson Technology Services,3.2,IT Services & Consulting,Job Security
Huron,3.7,Management Consulting,Salary
Muthoot Housing Finance Company,4.1,NBFC,"Work Life Balance, Company Culture, Job Security"
Motilal Oswal Private Wealth Management,4.5,Financial Services,"Company Culture, Skill Development, Work Life Balance"
CWT,3.5,Travel & Tourism,"Promotions, Skill Development, Salary"
Nagarjuna Fertilizers and Chemicals,4.1,Agro Chemicals,"Company Culture, Work Life Balance, Skill Development"
CogentHubCX.AI,3.2,BPO,"Promotions, Company Culture, Job Security"
P.D. Hinduja National Hospital and Medical Research Centre,3.8,Healthcare,Job Security
B.C. Jindal Group of Companies,3.8,Iron & Steel,"Salary, Work Life Balance"
SMS India Private Limited,4.0,Engineering & Construction,"Work Life Balance, Company Culture, Job Security"
V-bazaar Retail,3.9,Retail,Promotions
Bharat Aluminium Company (BALCO),3.9,Metals & Mining,"Salary, Job Security, Skill Development"
The Belgian Waffle co,4.4,Hospitality,"Company Culture, Work Life Balance, Skill Development"
RDC Concrete (India),4.0,Real Estate,"Skill Development, Company Culture, Job Security"
M Baazar,3.8,Retail,"Salary, Promotions"
DataMetica,3.0,IT Services & Consulting,"Work Life Balance, Promotions, Company Culture"
Capital Trust,3.4,NBFC,"Job Security, Company Culture, Work Life Balance"
Air Liquide,3.3,Chemicals,"Promotions, Job Security, Skill Development"
BPTP,4.1,Real Estate,"Work Life Balance, Company Culture, Salary"
Dorset Industries,4.4,Building Material,"Company Culture, Work Life Balance, Job Security"
Havmor Ice Cream,4.1,Food Processing,"Work Life Balance, Company Culture, Work Satisfaction"
Call 2 Connect,2.5,BPO,"Promotions, Salary, Company Culture"
Indiafilings,3.8,Internet,Skill Development
Himatsingka Seide,3.5,Fashion & Textile,"Promotions, Company Culture, Work Satisfaction"
Gold Plus Glass,3.4,Other,"Company Culture, Promotions, Work Life Balance"
Unilever Global,3.7,FMCG,"Promotions, Work Satisfaction"
Gujarat Ambuja Exports,3.3,Agro Chemicals,"Promotions, Salary, Company Culture"
Indian Space Research Organisation,4.6,Defence & Aerospace,"Company Culture, Work Life Balance, Work Satisfaction"
Secure Value,3.5,IT Services & Consulting,"Promotions, Job Security, Salary"
TTK Healthcare,4.1,Medical Equipment,"Company Culture, Work Life Balance, Job Security"
Thyssenkrupp Industrial Solutions,4.1,Industrial Machinery,"Work Life Balance, Salary, Company Culture"
Win Medicare,4.1,Pharma,"Work Life Balance, Salary, Company Culture"
Gps Renewables,4.0,Oil & Gas,"Salary, Skill Development"
CEVA Logistics,3.9,Logistics,Work Life Balance
Nuziveedu Seeds,4.0,Agriculture,"Work Life Balance, Company Culture, Work Satisfaction"
Venus Remedies,4.1,Pharma,"Company Culture, Salary, Work Life Balance"
Tagros Chemicals,3.6,Agro Chemicals,"Promotions, Company Culture, Job Security"
Dixit Infotech Services,3.5,IT Services & Consulting,"Promotions, Job Security, Work Satisfaction"
Zealous Services,2.6,Design,"Salary, Job Security, Promotions"
Fortis Escorts Hospital,4.2,Healthcare,"Company Culture, Skill Development, Work Life Balance"
PGP Glass,4.0,Packaging,"Job Security, Work Life Balance, Skill Development"
Sarvodaya Hospital,3.9,Healthcare,"Work Life Balance, Skill Development"
HL Mando,3.9,Auto Components,"Company Culture, Job Security, Skill Development"
Roca Bathroom Products,3.7,Building Material,Work Life Balance
HL Mando,3.9,Auto Components,"Company Culture, Job Security, Skill Development"
CapeStart,4.5,IT Services & Consulting,"Company Culture, Work Satisfaction, Job Security"
Marelli Motherson Automotive Lighting,3.7,Auto Components,Job Security
PowerSchool India,3.2,Software Product,"Job Security, Promotions, Work Satisfaction"
Tudip Technologies,3.9,IT Services & Consulting,"Skill Development, Promotions, Salary"
Aramex,3.3,Logistics,"Promotions, Work Satisfaction, Job Security"
Sedemac Mechatronics,3.9,Emerging Technologies,"Company Culture, Work Life Balance"
Rithwik Projects,3.9,Engineering & Construction,Salary
Nyati Group,4.2,Real Estate,"Company Culture, Job Security, Salary"
Metrochem Api,3.1,Pharma,"Promotions, Salary, Company Culture"
SYSTRA,3.8,Engineering & Construction,Work Life Balance
Bank of Maharashtra,3.3,Banking,Job Security
Reshamandi,3.5,Fashion & Textile,"Job Security, Promotions, Skill Development"
Global Indian International School,4.2,Education & Training,"Job Security, Company Culture, Work Life Balance"
VXI Global Solutions,3.2,BPO,"Job Security, Promotions, Work Satisfaction"
Invensis Technologies,3.2,BPO,"Promotions, Salary, Company Culture"
Munjal Showa,3.4,Auto Components,Work Life Balance
Agro Tech Foods,4.0,FMCG,"Company Culture, Work Life Balance, Job Security"
Bses Yamuna Power,3.8,Power,"Work Life Balance, Job Security, Work Satisfaction"
Onsitego,3.5,Internet,"Job Security, Promotions, Company Culture"
SML Isuzu,4.2,Automobile,"Job Security, Work Life Balance, Company Culture"
Gravita,4.4,Metals & Mining,"Work Life Balance, Job Security, Company Culture"
Onsitego,3.5,Internet,"Job Security, Promotions, Company Culture"
Bses Yamuna Power,3.8,Power,"Work Life Balance, Job Security, Work Satisfaction"
Hyperpure,3.8,Internet,Salary
Kailash Hospital,3.8,Healthcare,Work Life Balance
Greet Technologies,2.7,BPO,"Company Culture, Promotions, Salary"
Manhattan Associates,3.2,IT Services & Consulting,"Work Satisfaction, Skill Development, Promotions"
Computacenter,3.7,IT Services & Consulting,"Company Culture, Work Life Balance, Job Security"
SHARE Microfin,4.3,Financial Services,"Company Culture, Work Life Balance, Skill Development"
Pole To Win,3.1,Gaming,"Promotions, Job Security, Salary"
Educomp Solutions,3.6,EdTech,"Job Security, Promotions, Salary"
Aliens Group,3.8,Real Estate,"Skill Development, Salary"
MAYORA,3.8,FMCG,Salary
Indian Metals & Ferro Alloys,3.8,Iron & Steel,Job Security
Schoolnet India,3.7,EdTech,"Work Life Balance, Company Culture, Skill Development"
Cheil India,2.8,Marketing & Advertising,"Promotions, Skill Development, Work Satisfaction"
Thermax Babcock Wilcox Energy Solutions,4.2,Industrial Machinery,"Job Security, Company Culture, Work Life Balance"
Evoke Technologies,3.7,IT Services & Consulting,Work Life Balance
Piramal Swasthya,4.2,Hyderabad +69 other locations,"Work Life Balance, Company Culture, Work Satisfaction"
ArisGlobal,2.9,IT Services & Consulting,"Job Security, Promotions, Company Culture"
Venkateshwara Hatcheries,3.9,Food Processing,"Job Security, Work Life Balance, Work Satisfaction"
Eversendai,3.5,Engineering & Construction,"Promotions, Company Culture, Salary"
LOGISTEED India Pvt. Ltd.,4.0,Logistics,"Company Culture, Work Life Balance, Job Security"
Oda Class,2.8,EdTech,"Job Security, Work Life Balance, Promotions"
NTT Global Data Centers and Cloud Infrastructure,4.0,IT Services & Consulting,"Work Life Balance, Company Culture, Skill Development"
Aeries Technology,2.9,IT Services & Consulting,"Job Security, Promotions, Skill Development"
UCAL Fuel Systems,3.8,Auto Components,"Promotions, Salary, Company Culture"
eNoah iSolution,3.7,IT Services & Consulting,Promotions
Wonderla Holidays,4.3,Events,"Company Culture, Work Satisfaction, Work Life Balance"
Stanley Black & Decker,3.7,Industrial Machinery,Work Life Balance
Core Integra Consulting Services,3.4,Recruitment,"Promotions, Salary, Skill Development"
S. M. Auto Engineering,3.3,Auto Components,"Promotions, Salary, Company Culture"
Mettler-Toledo,3.7,Electrical Equipment,"Promotions, Salary, Work Satisfaction"
Capri Global Housing Finance,3.6,NBFC,Salary
Odessa,3.5,Software Product,"Promotions, Skill Development, Work Satisfaction"
Etech Global Services,3.5,BPO,"Promotions, Work Satisfaction, Skill Development"
Smartworks,3.3,Real Estate,"Promotions, Company Culture, Work Satisfaction"
RCM,4.0,Retail,"Company Culture, Work Life Balance, Work Satisfaction"
CGI India,4.1,Marketing & Advertising,"Work Life Balance, Company Culture, Job Security"
Christian Medical College,4.2,Education & Training,"Skill Development, Company Culture, Work Satisfaction"
RNFI Services,3.2,FinTech,"Job Security, Company Culture, Promotions"
GMR Hyderabad International Airport,4.1,Aviation,"Job Security, Work Life Balance, Company Culture"
GRT Jewellers,4.1,Jewellery,"Job Security, Salary, Company Culture"
Milkbasket,3.7,Internet,"Promotions, Job Security"
Qentelli,4.0,IT Services & Consulting,"Company Culture, Work Life Balance, Salary"
PC Jewellers,3.8,Metals & Mining,"Job Security, Work Life Balance"
Kanpur Fertilizers & Chemicals,3.7,Agro Chemicals,"Promotions, Job Security, Salary"
MRF Vapocure Paints,3.9,Chemicals,"Work Life Balance, Salary"
Hexagon Nutrition,4.0,Food Processing,Work Life Balance
ICFAI University,3.7,Education & Training,"Promotions, Skill Development, Work Satisfaction"
Magus Customer Dialog,4.1,BPO,"Company Culture, Work Life Balance, Skill Development"
Epsilon Carbon,3.8,Chemicals,"Salary, Work Life Balance"
Kuehne + Nagel,3.6,Logistics,"Promotions, Company Culture, Work Satisfaction"
The Phoenix Mills,3.9,Real Estate,Promotions
Dorf Ketal Chemicals,4.0,Oil & Gas,"Work Life Balance, Salary, Company Culture"
Bosch Rexroth India,3.9,Industrial Machinery,"Work Life Balance, Company Culture, Job Security"
Broadcom,3.4,Semiconductors,Salary
STUDDS Accessories Limited,4.0,Auto Components,"Salary, Skill Development, Company Culture"
Neuberg Diagnostics,3.4,Healthcare,"Promotions, Company Culture, Job Security"
Hajee A P Bava Construction,3.9,Engineering & Construction,Skill Development
Dodsal Engineering & Construction,4.5,Engineering & Construction,"Company Culture, Work Life Balance, Work Satisfaction"
ClearTax,3.0,IT Services & Consulting,"Job Security, Promotions, Work Satisfaction"
TrueBlue,3.7,Recruitment,Work Life Balance
Wellness Forever Lifestyle Chemist,4.0,Retail,"Skill Development, Company Culture"
Everest Spices,3.8,FMCG,Job Security
Connectwise India,3.3,IT Services & Consulting,"Promotions, Job Security, Work Satisfaction"
Ambuja Neotia,3.8,Real Estate,"Job Security, Work Life Balance"
Hexagon R&D India,4.1,IT Services & Consulting,"Work Life Balance, Company Culture, Job Security"
BCH Electric,3.9,Electrical Equipment,"Salary, Work Life Balance"
Shree Baidyanath Ayurved Bhawan,3.8,Pharma,"Work Life Balance, Job Security"
Siemens Healthcare,4.0,Healthcare,"Work Life Balance, Company Culture, Job Security"
Fosroc India,4.3,Chemicals,"Job Security, Work Life Balance, Work Satisfaction"
Spoton Logistics,4.4,Logistics,"Company Culture, Work Life Balance, Job Security"
Medline Industries India Private Limited,3.8,Medical Equipment,"Work Life Balance, Company Culture"
VTP Realty,3.6,Real Estate,"Promotions, Company Culture, Work Life Balance"
Hanon Systems,3.9,Auto Components,"Company Culture, Work Life Balance, Work Satisfaction"
Parksons Packaging,4.1,Packaging,"Job Security, Work Life Balance, Skill Development"
Azentio,3.0,Software Product,"Promotions, Job Security, Skill Development"
Burns & McDonnell,4.0,Engineering & Construction,"Company Culture, Work Life Balance, Job Security"
Ven Consulting,3.2,Recruitment,"Job Security, Promotions, Company Culture"
Shakti Pumps,3.7,Industrial Machinery,"Promotions, Company Culture, Work Satisfaction"
Repco Home Finance,3.5,NBFC,"Promotions, Company Culture, Skill Development"
Burns & McDonnell,4.0,Engineering & Construction,"Company Culture, Work Life Balance, Job Security"
Columbia Petro Chem,4.2,Oil & Gas,"Salary, Company Culture, Work Life Balance"
Krishna Group,4.1,Auto Components,"Work Life Balance, Company Culture, Job Security"
Nobel Hygiene,4.0,Healthcare,"Salary, Work Life Balance"
Lighthouse Learning,4.2,Education & Training,"Company Culture, Job Security, Skill Development"
Acme Generics LLP,3.3,Pharma,"Company Culture, Promotions, Work Life Balance"
National Fertilizers,4.4,Agro Chemicals,"Job Security, Work Life Balance, Company Culture"
Servion Global Solutions,3.1,IT Services & Consulting,"Promotions, Job Security, Skill Development"
Hays Business Solutions,3.3,Recruitment,"Promotions, Skill Development, Salary"
Writer Corporation,3.4,Logistics,"Promotions, Salary, Work Satisfaction"
Watertec India,3.7,Building Material,Salary
Indifi Technologies,3.7,FinTech,Company Culture
L&T Heavy Engineering,3.7,Surat +27 other locations,"Skill Development, Job Security"
Tirumala Milk Products,4.2,Food Processing,"Work Life Balance, Company Culture, Skill Development"
Agilent Technologies,3.9,Pharma,"Work Life Balance, Company Culture, Work Satisfaction"
GSP Crop Science,4.0,Agro Chemicals,"Work Life Balance, Company Culture, Work Satisfaction"
Black Knight,3.4,IT Services & Consulting,"Promotions, Company Culture, Work Life Balance"
Mantra Properties,4.3,Real Estate,"Company Culture, Job Security, Skill Development"
ABM Knowledgeware,3.7,IT Services & Consulting,"Promotions, Skill Development, Work Satisfaction"
Black Knight,3.4,IT Services & Consulting,"Promotions, Company Culture, Work Life Balance"
GSP Crop Science,4.0,Agro Chemicals,"Work Life Balance, Company Culture, Work Satisfaction"
Recpdcl.ltd,4.1,Facility Management Services,"Work Life Balance, Company Culture, Work Satisfaction"
Uplers,3.6,Internet,"Promotions, Job Security, Work Satisfaction"
Hurix Digital,3.1,IT Services & Consulting,"Promotions, Job Security, Work Satisfaction"
Teamspace Financial Services,4.0,Recruitment,"Work Life Balance, Company Culture, Work Satisfaction"
Merck Life Science,4.0,Pharma,"Work Life Balance, Company Culture, Job Security"
Roop Automotives,4.3,Auto Components,"Company Culture, Skill Development, Work Life Balance"
Navi Limited,3.2,FinTech,"Job Security, Promotions, Work Life Balance"
Welspun Flooring,3.8,Building Material,Skill Development
Eclat Health Solutions,3.6,Analytics & KPO,"Promotions, Company Culture, Skill Development"
Jade Global,3.3,IT Services & Consulting,"Promotions, Work Satisfaction, Job Security"
Imarque Solutions,3.0,BPO,"Promotions, Salary, Work Life Balance"
Federal Mogul Goetze,3.9,Auto Components,Work Life Balance
American Axle & Manufacturing,4.3,Auto Components,"Company Culture, Work Life Balance, Job Security"
Helloverify,3.1,Law Enforcement & Security,"Promotions, Company Culture, Work Satisfaction"
Sangeetha Mobile,3.6,Retail,"Promotions, Salary, Work Satisfaction"
Konecranes,3.8,Industrial Machinery,"Work Life Balance, Company Culture, Job Security"
Icertis,3.2,Software Product,"Promotions, Job Security, Work Satisfaction"
People Prime Worldwide,4.1,Recruitment,"Company Culture, Work Life Balance, Salary"
Sandvik Mining and Rock Technology,4.1,Industrial Machinery,"Company Culture, Work Life Balance, Job Security"
The Hershey Company,4.0,Food Processing,"Company Culture, Work Life Balance, Salary"
Ultra Corpotech,4.0,Industrial Machinery,"Skill Development, Work Life Balance, Job Security"
Sunstone,3.7,Education & Training,"Promotions, Job Security"
Acadecraft,3.6,EdTech,"Company Culture, Job Security, Promotions"
Xpheno,3.5,Recruitment,"Promotions, Job Security, Company Culture"
Arjas Steel,3.7,Iron & Steel,"Job Security, Work Life Balance"
Rainbow Hospital,3.6,Healthcare,"Promotions, Work Satisfaction, Salary"
Kcc Buildcon,4.0,Engineering & Construction,"Work Life Balance, Skill Development"
MSCI,3.6,Financial Services,Salary
D.p. Jain & Co. Infrastructure Pvt .,3.2,Engineering & Construction,"Promotions, Salary, Company Culture"
Mindlance,3.6,Recruitment,"Promotions, Work Satisfaction, Company Culture"
Berar Finance,3.6,NBFC,"Promotions, Job Security, Work Satisfaction"
Netlink Software,3.1,IT Services & Consulting,"Job Security, Promotions, Work Satisfaction"
Al Turki Enterprises,3.6,Oil & Gas,Job Security
Richa Global Export,4.0,Fashion & Textile,"Work Life Balance, Company Culture, Work Satisfaction"
Healthcare At Home,3.9,Healthcare,Work Life Balance
Kennametal,3.6,Industrial Machinery,"Promotions, Salary, Work Satisfaction"
Grand Hyatt,4.2,Hospitality,"Company Culture, Job Security, Skill Development"
OneSource Specialty Pharma Limited,3.8,Pharma,Promotions
ABC Consultants,3.9,Recruitment,"Company Culture, Work Life Balance, Job Security"
Grey Orange,3.0,Software Product,"Job Security, Work Life Balance, Promotions"
SPRINKLR,2.9,Software Product,"Work Satisfaction, Job Security, Promotions"
AccorHotels,4.2,Hospitality,"Job Security, Company Culture, Skill Development"
Jeeves Consumer Services,3.5,Consumer Electronics & Appliances,"Promotions, Job Security, Company Culture"
Park Hospital,3.7,Healthcare,Promotions
Triumphant Institute of Management Education,3.8,Education & Training,Job Security
Publicis,3.4,Marketing & Advertising,"Promotions, Work Satisfaction, Skill Development"
Técnicas Reunidas,4.0,Engineering & Construction,"Work Life Balance, Job Security, Salary"
Berkadia,3.6,Real Estate,"Work Life Balance, Company Culture"
Lumino Industries,3.8,Electrical Equipment,"Company Culture, Promotions, Skill Development"
LeadSquared,2.7,Software Product,"Company Culture, Job Security, Work Satisfaction"
Essar Group,3.7,Engineering & Construction,"Work Life Balance, Job Security"
SATTVA,4.2,Real Estate,"Work Life Balance, Job Security, Company Culture"
Elecon Engineering,4.2,Electrical Equipment,"Work Life Balance, Skill Development, Salary"
Alfa Laval,4.0,Industrial Machinery,"Work Life Balance, Company Culture, Job Security"
Pearson Education India,3.7,Education & Training,Work Life Balance
INOX Air Products,4.1,Oil & Gas,"Job Security, Work Life Balance, Company Culture"
Expedia Group,3.7,Travel & Tourism,"Salary, Work Life Balance"
Jamna Auto Industries,3.8,Auto Components,Job Security
Phenom,3.2,Software Product,"Work Life Balance, Promotions, Company Culture"
Examity,3.3,EdTech,"Promotions, Skill Development, Company Culture"
Bliss Gvs Pharma,4.1,Pharma,"Work Life Balance, Job Security, Salary"
S2 Infotech,3.6,Recruitment,"Job Security, Promotions, Company Culture"
Rosmerta Technologies,3.3,Auto Components,"Promotions, Skill Development, Company Culture"
Centre For Sight,3.8,Healthcare,Work Life Balance
Sumitomo Chemical,4.0,Chemicals,"Work Life Balance, Company Culture, Work Satisfaction"
Annexmed,4.0,Chennai +6 other locations,"Work Life Balance, Company Culture, Work Satisfaction"
Bharat Rasayan,3.9,Agro Chemicals,"Work Satisfaction, Job Security, Skill Development"
VIT University,4.0,Education & Training,"Work Life Balance, Job Security, Skill Development"
Nissan,3.6,Automobile,"Promotions, Job Security, Company Culture"
Agarwal Packers and Movers Limited,3.3,Logistics,"Promotions, Salary, Skill Development"
Kores,3.5,FMCG,"Promotions, Company Culture, Work Satisfaction"
Rahee Group,3.7,Railways,"Promotions, Salary"
Anaptyss,4.0,IT Services & Consulting,"Work Life Balance, Company Culture, Work Satisfaction"
Bellsonica Auto Component,4.0,Auto Components,"Work Life Balance, Company Culture, Salary"
WPP,2.9,Marketing & Advertising,"Promotions, Work Satisfaction, Skill Development"
Coronis Health,3.4,Analytics & KPO,"Promotions, Job Security, Work Satisfaction"
Wagh Bakri Tea Group,4.1,Beverage,"Salary, Work Life Balance, Job Security"
Arcesium,3.3,IT Services & Consulting,"Work Life Balance, Work Satisfaction, Promotions"
Veeda Clinical Research,3.3,Clinical Research,"Promotions, Job Security, Work Satisfaction"
Duroshox,4.0,Engineering & Construction,"Skill Development, Company Culture, Work Life Balance"
Dynacons Systems & Solutions,3.8,IT Services & Consulting,"Promotions, Salary, Work Satisfaction"
Adani Electricity,3.4,Power,"Promotions, Job Security, Company Culture"
Tega Industries,3.7,Industrial Machinery,Job Security
Supertech,3.7,Real Estate,"Promotions, Work Satisfaction, Skill Development"
SRMB SRIJAN,3.5,Iron & Steel,"Promotions, Salary, Company Culture"
Elentec Power India (EPI) Pvt. Ltd.,4.0,IT Services & Consulting,"Company Culture, Work Life Balance, Work Satisfaction"
Awign Enterprises,3.6,Internet,"Job Security, Promotions, Salary"
Intercontinental Consultants & Technocrats,4.1,Engineering & Construction,"Work Life Balance, Company Culture, Work Satisfaction"
Rubicon Research,3.4,Pharma,"Promotions, Work Life Balance, Work Satisfaction"
Ryan,3.9,Accounting & Auditing,"Job Security, Work Life Balance, Company Culture"
OodlesTechnologies,3.2,IT Services & Consulting,"Job Security, Promotions, Salary"
Paragon Footwear,4.0,Fashion & Textile,"Job Security, Work Life Balance, Company Culture"
IPE Global,3.8,Management Consulting,Work Life Balance
Diverse Lynx,3.4,IT Services & Consulting,"Promotions, Company Culture, Job Security"
Capital Small Finance Bank,3.5,Banking,"Work Satisfaction, Skill Development, Company Culture"
Campus Activewear,4.1,Fashion & Textile,"Work Life Balance, Salary, Company Culture"
Rail Vikas Nigam,3.5,FMCG,"Job Security, Promotions, Company Culture"
Synokem Pharmaceuticals,3.9,Pharma,Work Life Balance
G. D. Foods MFG (TOPS),3.9,Food Processing,Promotions
Indraprastha Gas,3.9,Oil & Gas,Work Life Balance
SBI Payment Services,3.8,Financial Services,Work Life Balance
Moder Solutions,3.3,IT Services & Consulting,"Promotions, Company Culture, Work Satisfaction"
US Tech Solutions,3.5,Recruitment,"Job Security, Promotions, Skill Development"
Polybond India,3.7,Auto Components,"Promotions, Skill Development, Work Satisfaction"
XL Health,4.2,Healthcare,"Job Security, Company Culture, Skill Development"
Bss Microfinance,3.8,Financial Services,Salary
Universal Mep Projects & Engineering Services,3.8,Engineering & Construction,Salary
SRM University,3.6,Education & Training,"Promotions, Work Satisfaction, Salary"
Yellow Diamond,4.1,FMCG,"Work Life Balance, Company Culture, Work Satisfaction"
Brick&Bolt,3.2,Engineering & Construction,"Job Security, Promotions, Company Culture"
Utkarsh India,3.6,Iron & Steel,"Work Life Balance, Company Culture, Work Satisfaction"
Scientific Publishing Services,3.9,Analytics & KPO,Job Security
GIVA Jewellery,3.1,Jewellery,"Job Security, Company Culture, Work Life Balance"
Apmosys Technologies,3.0,IT Services & Consulting,"Company Culture, Promotions, Work Life Balance"
RWS Group,3.6,IT Services & Consulting,Work Life Balance
Satin Finserv,4.2,NBFC,"Company Culture, Work Life Balance, Salary"
Karvy DigiKonnect,3.2,Financial Services,"Salary, Job Security, Promotions"
Concord Biotech,3.8,Pharma,"Job Security, Work Life Balance"
Mobileum,3.2,Software Product,"Promotions, Skill Development, Work Satisfaction"
Pranav Vikas India Private Limited,3.8,Automobile,Work Life Balance
Methodex,4.0,Law Enforcement & Security,"Job Security, Work Life Balance, Work Satisfaction"
Intelliswift - An LTTS Company,3.2,IT Services & Consulting,"Job Security, Promotions, Skill Development"
Captain Steel India Limited,3.7,Iron & Steel,Salary
Sj Contracts,4.2,Engineering & Construction,"Job Security, Skill Development, Company Culture"
JUSTO Realfintech,4.3,Real Estate,"Skill Development, Company Culture, Work Life Balance"
AgreeYa Solutions,3.1,IT Services & Consulting,"Promotions, Skill Development, Job Security"
JBS Enterprises,3.1,Electronics Manufacturing,"Promotions, Salary, Company Culture"
Hathi Cement,4.1,Building Material,"Job Security, Work Life Balance, Company Culture"
Vidal Health Tpa,3.3,Insurance,"Promotions, Salary, Skill Development"
ANTOLIN,3.7,Auto Components,"Promotions, Skill Development, Salary"
Jaguar Security Services,4.5,Law Enforcement & Security,"Salary, Company Culture, Work Life Balance"
Amri Hospital,4.0,Healthcare,"Job Security, Skill Development, Company Culture"
T&M Services consulting,3.7,Recruitment,"Promotions, Job Security, Company Culture"
doodleblue innovation,4.2,IT Services & Consulting,"Skill Development, Company Culture, Work Life Balance"
Gufic Biosciences Limited,3.2,Pharma,"Promotions, Company Culture, Work Satisfaction"
Accel Frontline,4.3,IT Services & Consulting,"Work Satisfaction, Skill Development, Company Culture"
Light Microfinance,3.8,NBFC,"Salary, Work Life Balance"
Data-Core Systems,3.0,IT Services & Consulting,"Promotions, Skill Development, Salary"
World Vision,4.1,Non-Profit,"Work Satisfaction, Company Culture, Work Life Balance"
Jawahar Navodaya Vidyalaya,4.4,Education & Training,"Work Life Balance, Work Satisfaction, Skill Development"
Alfanar,4.0,Electronics Manufacturing,"Work Life Balance, Salary, Job Security"
Sleek International,3.6,Furniture & Furnishing,Job Security
VGM Consultants,3.4,BPO,"Promotions, Salary, Company Culture"
Moolchand Hospital,4.1,Healthcare,"Company Culture, Work Life Balance, Skill Development"
Toyota Financial Services,3.6,Financial Services,"Promotions, Work Satisfaction, Salary"
Civica India,3.0,IT Services & Consulting,"Job Security, Promotions, Salary"
Parul University,3.2,Education & Training,"Promotions, Salary, Work Satisfaction"
Hygienic Research Institute,3.8,Beauty & Personal Care,Work Life Balance
Apcer Life Sciences,3.5,Pharma,"Promotions, Company Culture, Work Satisfaction"
Sharda University,3.7,Education & Training,"Promotions, Salary"
Versuni India Home Solutions,3.3,Consumer Electronics & Appliances,"Promotions, Job Security, Company Culture"
Vee Healthtek,3.8,BPO,"Job Security, Company Culture"
TRL Krosaki Refractories,3.9,Metals & Mining,"Job Security, Work Life Balance"
DCM Shriram Industries,4.1,Chemicals,"Work Life Balance, Job Security, Salary"
Vaibhav Global,3.3,Jewellery,"Promotions, Job Security, Company Culture"
Choice Consultancy Services,3.5,Management Consulting,"Job Security, Promotions, Company Culture"
Heavy Engineering Industries & Shipbuilding,3.9,Engineering & Construction,"Salary, Work Life Balance, Work Satisfaction"
Cashpor Micro Credit,3.5,NBFC,"Promotions, Company Culture, Work Satisfaction"
Eisai Pharmaceuticals,4.0,Healthcare,"Work Life Balance, Company Culture"
Subway,4.1,Hospitality,"Company Culture, Work Life Balance, Work Satisfaction"
QUADRANT TECHNOLOGIES INDIA PRIVATE LIMITED,3.6,IT Services & Consulting,"Job Security, Promotions, Company Culture"
AQuity Solutions India,3.6,IT Services & Consulting,"Promotions, Work Satisfaction, Job Security"
Kirloskar Toyota Textile Machinery,4.5,Industrial Machinery,"Company Culture, Work Life Balance, Job Security"
Vedant Fashions,3.9,Fashion & Textile,"Work Life Balance, Company Culture"
Foundit,3.2,Hyderabad +15 other locations,"Promotions, Job Security, Work Satisfaction"
Endava,3.4,IT Services & Consulting,"Job Security, Promotions, Skill Development"
Uneecops Technologies,3.7,IT Services & Consulting,Job Security
Runwal Group,3.9,Real Estate,"Work Life Balance, Job Security, Salary"
Transact Global,4.6,BPO,"Company Culture, Work Life Balance, Job Security"
SiliconIndia,2.7,Printing & Publishing,"Company Culture, Work Life Balance, Job Security"
ATLBattery Technology (India) Private Limited,3.7,Electrical Equipment,Salary
Xdbs,2.6,Marketing & Advertising,"Promotions, Work Satisfaction, Skill Development"
Vectus Industries,4.1,Petrochemicals,"Company Culture, Work Life Balance, Salary"
Srei Equipment Finance,4.2,Financial Services,"Work Life Balance, Company Culture, Work Satisfaction"
New Opportunity Consultancy,4.0,Recruitment,"Work Life Balance, Company Culture, Work Satisfaction"
Labournet Services,3.6,Non-Profit,"Promotions, Job Security, Salary"
Hitachi Vantara,3.6,IT Services & Consulting,Work Life Balance
Department of Agriculture,4.3,Agriculture,"Work Life Balance, Company Culture, Work Satisfaction"
Andromeda Sales ans Distribution PVT LTD,3.2,Internet,"Promotions, Job Security, Salary"
Amoli Organics,3.9,Pharma,"Work Life Balance, Job Security"
Kaddacon Systems,4.6,IT Services & Consulting,"Company Culture, Work Life Balance, Work Satisfaction"
Evolent Health International,3.9,Software Product,"Work Life Balance, Company Culture, Work Satisfaction"
MCM Telecom Equipment,3.9,Electronics Manufacturing,"Skill Development, Work Life Balance, Work Satisfaction"
Gujarat Alkalies & Chemicals,4.6,Chemicals,"Work Life Balance, Company Culture, Job Security"
Lalitha Jewellery,4.1,Jewellery,"Job Security, Work Life Balance, Work Satisfaction"
Escon Elevators,3.8,Industrial Machinery,Promotions
METRO Global Solutions Center,3.5,IT Services & Consulting,Work Life Balance
K L University,3.8,Education & Training,Promotions
Offshoot Agency,3.3,IT Services & Consulting,"Promotions, Salary, Job Security"
Lobo Staffing Solutions,4.1,Recruitment,"Work Life Balance, Company Culture, Work Satisfaction"
TCI Supply Chain Solutions,4.0,Logistics,"Job Security, Skill Development, Company Culture"
Priya Cement,4.1,Building Material,"Job Security, Work Life Balance, Company Culture"
SOTC Travel Limited,4.3,Travel & Tourism,"Company Culture, Job Security, Skill Development"
Sarvagram Fincare,3.8,NBFC,"Salary, Skill Development"
Duroflex,3.9,Furniture & Furnishing,Work Life Balance
Balrampur Chini Mills Limited,4.1,Food Processing,"Salary, Skill Development, Work Satisfaction"
Zara,3.5,Fashion & Textile,"Promotions, Work Life Balance, Work Satisfaction"
Aquasub Engineering,3.8,Industrial Machinery,"Promotions, Job Security, Salary"
Sri Aurobindo Society,3.7,Non-Profit,Work Life Balance
TMF Group,3.8,Financial Services,"Work Life Balance, Company Culture, Job Security"
Pharmarack Technologies,3.6,Pharma,"Promotions, Job Security, Company Culture"
Kokuyo Camlin,3.9,FMCG,"Job Security, Work Life Balance, Company Culture"
Swiss Re,3.8,Insurance,"Work Life Balance, Company Culture"
Oil India,4.2,Oil & Gas,"Company Culture, Work Life Balance, Work Satisfaction"
Mobiloitte Technologies,3.1,IT Services & Consulting,"Company Culture, Job Security, Salary"
Tribhovandas Bhimji Zaveri,3.9,Metals & Mining,"Work Life Balance, Job Security, Salary"
Borosil Glass Works,3.8,Packaging,"Promotions, Work Satisfaction"
Royal Orchid Hotels,3.9,Hospitality,"Work Life Balance, Job Security, Skill Development"
Wildcraft,3.5,Fashion & Textile,"Promotions, Salary, Company Culture"
Planetcast,3.5,Media & Entertainment,Job Security
A-1 Fence Products,3.9,Building Material,"Company Culture, Skill Development, Job Security"
Glaze Trading India,4.2,Retail,"Skill Development, Company Culture, Work Satisfaction"
Rio Tinto,3.5,Metals & Mining,Salary
Toshiba Transmission & Distribution Systems,3.9,Electrical Equipment,"Job Security, Work Life Balance, Salary"
Seth M R Jaipuria School,3.5,Education & Training,"Promotions, Company Culture, Job Security"
Caparo Maruti,4.0,Auto Components,"Work Life Balance, Company Culture, Work Satisfaction"
Emami Paper Mills,4.1,Pulp & Paper,"Job Security, Work Life Balance, Skill Development"
Toshiba Transmission & Distribution Systems,3.9,Electrical Equipment,"Job Security, Work Life Balance, Salary"
Zebronics,3.9,Consumer Electronics & Appliances,"Job Security, Work Life Balance, Work Satisfaction"
Red Tape,3.3,Fashion & Textile,"Job Security, Promotions, Company Culture"
R.K.M Powergen,3.9,Power,"Work Life Balance, Work Satisfaction"
Sequel Logistics,3.9,Logistics,"Job Security, Work Life Balance"
Yubi,4.2,FinTech,"Salary, Skill Development, Work Life Balance"
TCG Lifesciences,4.1,Pharma,"Work Life Balance, Job Security, Company Culture"
Ace Designers,4.0,Industrial Machinery,"Job Security, Work Life Balance, Company Culture"
Treebo Hotels,3.3,Hospitality,"Job Security, Work Satisfaction, Promotions"
VST Industries,3.8,FMCG,Salary
Network 18,3.3,Media & Entertainment,"Promotions, Skill Development, Salary"
Vini Cosmetics,4.1,Beauty & Personal Care,"Salary, Work Life Balance, Company Culture"
Woodenstreet.com,3.4,Furniture & Furnishing,"Promotions, Job Security, Company Culture"
JSW One Platforms,2.9,Internet,"Promotions, Skill Development, Work Satisfaction"
SEIL Energy India,4.1,Power,"Job Security, Work Life Balance, Company Culture"
Harjai Computers,3.1,Recruitment,"Promotions, Job Security, Company Culture"
Satyam Venture Engineering Services,3.3,Auto Components,"Promotions, Salary, Work Satisfaction"
Sunflag Iron and Steel,3.6,Iron & Steel,"Promotions, Work Satisfaction, Salary"
Hilex,3.9,Automobile,"Work Life Balance, Job Security"
Trident Hotels,4.1,Hospitality,"Skill Development, Company Culture, Job Security"
Hilex,3.9,Automobile,"Work Life Balance, Job Security"
PropTiger.com,3.6,Internet,Salary
6D Technologies,2.8,Telecom,"Work Life Balance, Company Culture, Promotions"
N Ranga Rao And Sons,3.8,FMCG,"Company Culture, Work Life Balance"
Awfis,4.4,Real Estate,"Work Life Balance, Salary, Company Culture"
Mahendra’s Institute,3.1,Education & Training,"Salary, Promotions, Company Culture"
Hitachi Hi-Rel Power Electronics,3.6,Electronics Manufacturing,Job Security
Technocon Services,3.2,Engineering & Construction,"Promotions, Salary, Company Culture"
Autocomp Corporation Panse,3.4,Auto Components,"Company Culture, Promotions, Work Satisfaction"
Toshiba JSW Power Systems,4.3,Industrial Machinery,"Work Life Balance, Company Culture, Salary"
Lam Research,3.7,Semiconductors,"Company Culture, Salary"
Syncfusion,3.3,Software Product,Job Security
Descon Engineering,4.0,Engineering & Construction,"Salary, Skill Development, Company Culture"
Ess Kay Fincorp,4.1,NBFC,"Company Culture, Job Security, Skill Development"
Health India Tpa Services,3.1,Insurance,"Promotions, Company Culture, Work Satisfaction"
KaaShiv InfoTech Company,4.8,EdTech,"Company Culture, Work Satisfaction, Skill Development"
Time Technoplast,3.6,Petrochemicals,"Promotions, Salary, Company Culture"
Dimension Data,4.5,IT Services & Consulting,"Work Life Balance, Company Culture, Work Satisfaction"
BLS International Services,3.3,Travel & Tourism,"Promotions, Job Security, Company Culture"
McNROE,4.1,FMCG,"Company Culture, Salary, Work Life Balance"
MSM Unify,4.0,EdTech,"Company Culture, Work Life Balance, Work Satisfaction"
Actalent Services,3.5,Engineering & Construction,Work Life Balance
Zopper,3.2,FinTech,"Job Security, Company Culture, Work Satisfaction"
SMC Corporation,3.8,Medical Equipment,Job Security
Compunnel,3.7,IT Services & Consulting,Promotions
Cognizant Solutions Corp,3.7,IT Services & Consulting,Job Security
Worldline,3.7,FinTech,Work Life Balance
Shaadi.com,3.4,Internet,"Job Security, Promotions, Company Culture"
Modern V.R. Security Force,4.0,Law Enforcement & Security,"Salary, Work Life Balance"
Stefanini,2.8,IT Services & Consulting,"Promotions, Work Satisfaction, Job Security"
RedBus,4.0,Internet,"Job Security, Work Life Balance, Company Culture"
Hindustan Latex Family Planning Promotion Trust,4.2,Healthcare,"Work Life Balance, Company Culture, Work Satisfaction"
Aarti Drugs,3.5,Pharma,"Promotions, Salary, Company Culture"
MapmyIndia,3.4,Software Product,"Promotions, Salary, Company Culture"
Accel IT Services,3.5,IT Services & Consulting,"Promotions, Salary, Skill Development"
EXEDY,3.9,Auto Components,"Work Life Balance, Job Security, Skill Development"
B S R & Co Llp,3.1,Accounting & Auditing,"Work Life Balance, Promotions, Work Satisfaction"
Muthoot Capital Services,3.7,Financial Services,"Promotions, Salary, Job Security"
Birla Cement,4.1,Building Material,"Work Life Balance, Job Security, Company Culture"
Birla Cement,4.1,Building Material,"Work Life Balance, Job Security, Company Culture"
RV Solutions,3.7,IT Services & Consulting,Promotions
Kpmg Resource Centre,3.5,Accounting & Auditing,"Promotions, Salary, Work Satisfaction"
Olectra Greentech,3.8,Automobile,Promotions
Council of Scientific and Industrial Research,4.1,Government,"Work Life Balance, Company Culture, Work Satisfaction"
Hollister Medical,4.1,Medical Equipment,"Company Culture, Work Life Balance, Job Security"
GTPL-KCBPL,4.0,Telecom,"Company Culture, Work Life Balance, Work Satisfaction"
Pegasystems,3.4,Software Product,"Promotions, Work Satisfaction, Job Security"
Mitsubishi Electric Automotive India,4.4,Automobile,"Company Culture, Salary, Work Life Balance"
Ample Technologies,3.8,IT Services & Consulting,"Promotions, Work Satisfaction"
SquadStack.ai,3.7,IT Services & Consulting,"Work Life Balance, Company Culture"
Asti Electronics India,4.1,Auto Components,"Work Life Balance, Company Culture, Job Security"
Orchid Pharma,3.5,Pharma,"Promotions, Salary, Company Culture"
Stellar Innovations,3.4,IT Services & Consulting,"Promotions, Salary, Work Satisfaction"
UNext,2.9,EdTech,"Promotions, Work Satisfaction, Job Security"
Al Tasnim Enterprises,3.6,Engineering & Construction,"Promotions, Company Culture, Work Satisfaction"
Dosti Realty,4.4,Real Estate,"Company Culture, Work Life Balance, Salary"
Allegis Global Solutions,3.3,Recruitment,"Promotions, Work Satisfaction, Salary"
Bal Pharma,3.3,Pharma,"Promotions, Company Culture, Work Satisfaction"
Sekisui Dljm Molding,3.7,Auto Components,"Promotions, Company Culture"
Coditas Technologies,3.7,Emerging Technologies,"Work Life Balance, Skill Development, Company Culture"
Maxxis Rubber,3.5,Auto Components,"Promotions, Company Culture, Work Satisfaction"
Sahayog Multistate Credit Co-operative Society,3.5,Banking,"Salary, Job Security, Promotions"
TestingXperts,3.5,IT Services & Consulting,"Promotions, Work Satisfaction, Skill Development"
Hindustan Syringes & Medical Devices,4.1,Medical Equipment,"Job Security, Work Life Balance, Salary"
Moser Baer,4.1,Consumer Electronics & Appliances,"Work Life Balance, Work Satisfaction, Skill Development"
EPIQ Systems,3.4,Legal,"Job Security, Promotions, Skill Development"
Zf Wind Power,3.9,Coimbatore +8 other locations,"Job Security, Company Culture"
Cedcoss Technologies,3.0,IT Services & Consulting,"Job Security, Company Culture, Work Satisfaction"
CityMall,3.2,Internet,"Job Security, Promotions, Company Culture"
Adglobal360,3.3,Gurugram +13 other locations,"Promotions, Salary, Skill Development"
Trane Technologies,3.8,Industrial Machinery,"Company Culture, Work Life Balance"
Johnson Controls Hitachi Air Conditioning,3.8,Consumer Electronics & Appliances,Salary
Ceat Specialty Tyres,3.9,Auto Components,"Job Security, Company Culture, Skill Development"
Hindustan Urvarak & Rasayan,3.3,Agro Chemicals,Job Security
Tata Digital,2.3,IT Services & Consulting,"Promotions, Company Culture, Work Satisfaction"
SOPAN,4.0,Industrial Machinery,"Job Security, Work Life Balance, Work Satisfaction"
The Park Hotels,3.9,Hospitality,Job Security
Jay Chemical Industries,4.0,Chemicals,"Work Life Balance, Company Culture, Work Satisfaction"
Godrej Infotech,3.6,IT Services & Consulting,"Job Security, Work Life Balance"
Transguard Group,3.8,Law Enforcement & Security,"Promotions, Company Culture, Work Satisfaction"
Deenanath Mangeshkar Hospital,3.9,Healthcare,"Job Security, Skill Development"
The Park Hotels,3.9,Hospitality,Job Security
Jay Chemical Industries,4.0,Chemicals,"Work Life Balance, Company Culture, Work Satisfaction"
Savista Global Solutions,4.1,Analytics & KPO,"Company Culture, Work Life Balance, Work Satisfaction"
Satguru Travels and Tour Services,2.8,Travel & Tourism,"Company Culture, Promotions, Work Satisfaction"
Adient,3.9,Auto Components,"Company Culture, Work Life Balance, Job Security"
VIKRAN Engineering & Exim,4.0,Engineering & Construction,"Job Security, Salary, Company Culture"
Godrej Infotech,3.6,IT Services & Consulting,"Job Security, Work Life Balance"
Kraft Heinz,2.9,FMCG,"Promotions, Skill Development, Work Satisfaction"
ITSource Technologies,2.9,IT Services & Consulting,"Promotions, Salary, Company Culture"
Hyundai Engineering and Construction,4.2,Engineering & Construction,"Salary, Work Satisfaction, Skill Development"
Teachnook,2.8,EdTech,"Salary, Work Life Balance, Job Security"
JUNIPER GREEN ENERGY,4.6,Power,"Job Security, Salary, Company Culture"
Paperchase Accountancy,2.9,Accounting & Auditing,"Promotions, Salary, Work Satisfaction"
Eaton India Innovation Center,3.7,Engineering & Construction,"Job Security, Salary"
Roquette Riddhi Siddhi,3.9,Pharma,"Company Culture, Work Life Balance, Work Satisfaction"
AVL,3.5,Automobile,"Promotions, Company Culture, Work Satisfaction"
Windlas Biotech,3.9,Pharma,"Work Life Balance, Salary"
Kushal's Fashion Jewellery,4.2,Jewellery,"Job Security, Skill Development, Company Culture"
NCCCL,3.5,Engineering & Construction,"Promotions, Salary, Company Culture"
ACB (India),3.8,Oil & Gas,"Job Security, Work Life Balance"
Padmini VNA Mechatronics,4.0,Auto Components,"Work Life Balance, Skill Development, Salary"
Cotmac Electronics,3.6,Industrial Automation,"Promotions, Work Life Balance, Salary"
Ryan International School,3.3,Education & Training,"Promotions, Company Culture, Work Satisfaction"
Advanced Micro Devices,3.6,Semiconductors,"Promotions, Work Satisfaction, Job Security"
CR3 Group,3.8,Facility Management Services,Promotions
Lion Engineering Consultants,3.4,Engineering & Construction,"Promotions, Salary, Company Culture"
Hartek Group,4.1,Engineering & Construction,"Salary, Company Culture, Work Life Balance"
Audi,3.8,Automobile,"Promotions, Salary"
Nabard Financial Services,4.0,NBFC,"Salary, Work Life Balance, Company Culture"
Yamaha Motor India Sales,4.0,Automobile,"Work Life Balance, Job Security"
People Group,3.4,Internet,"Promotions, Job Security, Work Satisfaction"
Yalamanchili Software Exports,2.8,Software Product,"Promotions, Salary, Company Culture"
Enterprise Growth Accelerator,3.5,Analytics & KPO,"Job Security, Promotions, Skill Development"
GGS Information Services,3.8,IT Services & Consulting,"Work Life Balance, Company Culture, Work Satisfaction"
Ssipl Lifestyle,3.9,Retail,"Skill Development, Work Satisfaction, Salary"
Futurense Technologies,3.9,EdTech,"Salary, Company Culture, Work Satisfaction"
Avineon India,4.0,IT Services & Consulting,"Company Culture, Job Security, Work Life Balance"
Prem Motors,3.7,Automobile,"Promotions, Salary"
Futurense Technologies,3.9,EdTech,"Salary, Company Culture, Work Satisfaction"
Zydex Industries,3.6,Chemicals,Company Culture
Suzuki,3.9,Automobile,"Job Security, Company Culture, Work Satisfaction"
Netcore Pvt. Ltd.,4.1,Marketing & Advertising,"Job Security, Company Culture, Work Life Balance"
Clarus Rcm Infotech,2.7,BPO,"Job Security, Company Culture, Work Life Balance"
Irclass Systems And Solutions,4.2,Ports & Shipping,"Work Life Balance, Company Culture, Work Satisfaction"
Protiviti India Member,2.7,Management Consulting,"Promotions, Work Satisfaction, Skill Development"
Kama Jewelry,4.7,Jewellery,"Company Culture, Job Security, Skill Development"
Telstra,3.9,Telecom,"Work Life Balance, Company Culture, Salary"
Kimberly-Clark,3.8,Beauty & Personal Care,"Salary, Work Life Balance"
Red Health,3.4,Healthcare,"Job Security, Promotions, Work Life Balance"
Multiplier Brand Solutions,3.7,Marketing & Advertising,Work Life Balance
Carraro,3.9,Industrial Machinery,"Job Security, Work Life Balance"
Mahindra Teqo,4.0,Software Product,"Skill Development, Company Culture, Job Security"
MJ Biopharm,3.5,Pharma,"Promotions, Work Satisfaction, Company Culture"
Wipro GE Health Care,4.0,IT Services & Consulting,"Company Culture, Job Security, Work Satisfaction"
MUFG Bank,3.5,Banking,"Promotions, Skill Development, Work Satisfaction"
Ben Franklin Opticians,3.9,Retail,"Work Life Balance, Work Satisfaction"
Cygnet Infotech,3.5,IT Services & Consulting,"Promotions, Job Security, Skill Development"
Unique Identification Authority of India,3.7,IT Services & Consulting,"Promotions, Job Security, Salary"
Cygnet Infotech,3.5,IT Services & Consulting,"Promotions, Job Security, Skill Development"
Akumentis Healthcare,3.6,Healthcare,"Promotions, Skill Development, Salary"
Control Print,4.0,Industrial Machinery,"Job Security, Company Culture, Skill Development"
AVASOFT,2.3,Software Product,"Job Security, Work Life Balance, Company Culture"
Globtier Infotech Limited,3.2,IT Services & Consulting,"Promotions, Salary, Skill Development"
Listenlights,3.8,Engineering & Construction,Salary
Fidelis Technology Services,3.5,IT Services & Consulting,"Promotions, Salary, Company Culture"
Jms Mining Services,3.9,Metals & Mining,"Job Security, Salary"
Yara Fertilisers,3.9,Agro Chemicals,"Salary, Work Life Balance"
National Highways Authority of India,3.9,Engineering & Construction,"Work Satisfaction, Skill Development"
Ircon International,3.9,Engineering & Construction,"Work Satisfaction, Skill Development, Salary"
Senvion,4.0,Power,"Work Life Balance, Job Security, Company Culture"
Himadri Speciality Chemical Limited,3.5,Chemicals,"Promotions, Work Satisfaction, Skill Development"
Infocepts Technologies,3.6,IT Services & Consulting,"Job Security, Promotions, Salary"
HBL Global,4.2,NBFC,"Job Security, Work Satisfaction, Company Culture"
Tata Toyo Radiator,,Auto Components,"Job Security, Skill Development"
Watchyourhealth.com,4.5,Emerging Technologies,"Work Life Balance, Skill Development, Company Culture"
DotPe,3.1,IT Services & Consulting,"Job Security, Promotions, Work Satisfaction"
NXP Semiconductors,3.6,Semiconductors,"Promotions, Job Security, Work Satisfaction"
International Game Technology,3.3,Gaming,"Promotions, Salary, Work Satisfaction"
Oceaneering International,3.9,Oil & Gas,"Work Life Balance, Job Security, Company Culture"
Vascon Engineers,3.7,Real Estate,Job Security
Vatika Group,4.1,Hospitality,"Work Life Balance, Job Security, Company Culture"
Park Plus,2.7,Internet,"Job Security, Promotions, Company Culture"
DEN Networks,3.9,Broadcasting,"Work Life Balance, Company Culture, Work Satisfaction"
M K Agrotech Private Limited,4.4,Food Processing,"Company Culture, Work Life Balance, Work Satisfaction"
Festo,3.8,Industrial Automation,"Work Life Balance, Job Security"
Dentsu Aegis Network,3.2,Marketing & Advertising,"Promotions, Skill Development, Work Satisfaction"
ILJIN ELECTRONICS,3.8,Semiconductors,Skill Development
Adama,4.1,Agro Chemicals,"Work Life Balance, Company Culture, Work Satisfaction"
Avantor,3.6,Pharma,Work Life Balance
Rashtriya Chemicals and Fertilizers,4.4,Agro Chemicals,"Work Life Balance, Job Security, Company Culture"
Medall Healthcare,3.6,Healthcare,"Promotions, Job Security"
eMudhra,3.3,Software Product,"Job Security, Promotions, Work Satisfaction"
Khimji Ramdas,3.7,Retail,Job Security
Bristol-Myers Squibb,3.5,Pharma,"Promotions, Work Satisfaction, Job Security"
Plasser India,4.0,Industrial Machinery,"Job Security, Work Life Balance, Salary"
Zoomcar,3.6,Internet,"Job Security, Company Culture, Promotions"
Kyndal India,3.5,Beverage,"Promotions, Salary, Work Satisfaction"
Theme Engineering Services,3.8,Engineering & Construction,"Promotions, Job Security"
eMudhra,3.3,Software Product,"Job Security, Promotions, Work Satisfaction"
Aegis Logistics,3.6,Oil & Gas,Job Security
Darwinbox,3.1,Software Product,"Work Life Balance, Promotions, Work Satisfaction"
Vijay Nirman Company,3.8,Engineering & Construction,"Promotions, Salary, Job Security"
Can Fin Homes,2.7,NBFC,"Company Culture, Work Satisfaction, Work Life Balance"
Inventys Research,4.3,Chemicals,"Skill Development, Company Culture, Work Life Balance"
CESC,3.8,Power,"Job Security, Work Life Balance"
Bain & Company,3.7,Management Consulting,Company Culture
Polyhose,3.8,Industrial Machinery,"Promotions, Salary"
Taco Bell,4.0,Hospitality,"Skill Development, Salary, Company Culture"
o9 Solutions,3.4,Software Product,"Work Satisfaction, Work Life Balance, Promotions"
Udaan India - The Original Visa Company,4.3,Bengaluru +79 other locations,"Skill Development, Company Culture, Work Satisfaction"
Pharmed,4.7,Pharma,"Company Culture, Skill Development, Work Satisfaction"
Indchemie Health Specialities,3.8,Pharma,"Skill Development, Work Satisfaction, Promotions"
TMEIC,3.8,Industrial Automation,"Job Security, Work Life Balance"
Mars,3.9,Food Processing,"Salary, Work Life Balance"
Lido Learning,2.2,EdTech,"Job Security, Promotions, Company Culture"
Adarsh Credit Co-Operative Society,4.4,Investment Banking / Venture Capital / Private Equity,"Promotions, Salary, Work Satisfaction"
Zet Town,3.5,Electronics Manufacturing,"Job Security, Promotions, Company Culture"
e-Zest,3.9,IT Services & Consulting,"Work Life Balance, Company Culture"
Motilal Oswal Asset Management Company,4.3,Financial Services,"Work Life Balance, Company Culture, Job Security"
Mars,3.9,Food Processing,"Salary, Work Life Balance"
TMEIC,3.8,Industrial Automation,"Job Security, Work Life Balance"
Tamilnad Mercantile Bank,2.5,Banking,"Company Culture, Work Life Balance, Work Satisfaction"
ICRA Analytics,3.0,Analytics & KPO,"Promotions, Skill Development, Salary"
KLJ GROUP,3.3,Petrochemicals,"Company Culture, Promotions, Work Satisfaction"
Valvoline Cummins,4.0,Auto Components,"Work Life Balance, Company Culture, Job Security"
Bharat IT Services,3.6,IT Services & Consulting,"Promotions, Job Security, Salary"
L&T Defence,3.8,Defence & Aerospace,"Work Life Balance, Job Security, Skill Development"
Mahindra Insurance Brokers,3.3,Insurance,"Promotions, Work Satisfaction, Job Security"
Newt Global,4.4,IT Services & Consulting,"Skill Development, Work Satisfaction, Company Culture"
Holcim,3.6,Building Material,"Promotions, Work Satisfaction, Salary"
Corizo,3.4,Education & Training,"Job Security, Salary, Work Life Balance"
NIKE,3.9,Retail,"Work Life Balance, Company Culture, Salary"
Zuari Cement,4.3,Building Material,"Work Life Balance, Job Security, Company Culture"
Jumio,3.9,Emerging Technologies,"Salary, Work Life Balance"
Gyproc,3.8,Mumbai +40 other locations,"Job Security, Company Culture, Skill Development"
Patil Group,3.5,Railways,"Promotions, Company Culture, Work Satisfaction"
Volvo Trucks,4.1,Automobile,"Job Security, Company Culture, Work Life Balance"
Shiash Info Solutions,3.0,IT Services & Consulting,"Salary, Promotions, Job Security"
MYCPE ONE,3.8,Ahmedabad +24 other locations,"Salary, Skill Development"
Renewsys India,3.7,Power,Promotions
Bluechip Corporate Investment Centre,3.8,Accounting & Auditing,Promotions
Outpace Consulting Services,4.6,Lucknow +18 other locations,"Work Life Balance, Skill Development, Company Culture"
Gtpl Broadband,3.9,Telecom,"Company Culture, Work Life Balance, Job Security"
Walplast Products Pvt Ltd,4.0,Building Material,"Company Culture, Work Life Balance, Salary"
Aptean,3.0,Software Product,"Job Security, Promotions, Work Satisfaction"
Zee Laboratories,3.6,Pharma,Job Security
Vem Technologies,3.7,Defence & Aerospace,"Job Security, Skill Development"
ESAB,3.9,Industrial Machinery,"Work Life Balance, Job Security"
Aditya Birla Memorial Hospital,4.5,Healthcare,"Company Culture, Job Security, Skill Development"
Integrated Wireless Solutions,3.9,Telecom,"Promotions, Job Security, Company Culture"
Groz Engineering Tools,4.1,Industrial Machinery,"Company Culture, Work Life Balance, Job Security"
Aurigene Pharmaceutical Services,4.1,Pharma,"Company Culture, Work Life Balance, Work Satisfaction"
IIT Bombay,4.4,Education & Training,"Company Culture, Work Life Balance, Work Satisfaction"
Turing,3.0,Analytics & KPO,"Job Security, Promotions, Skill Development"
Kalyani Motors,3.4,Automobile,"Promotions, Salary, Company Culture"
Pps Motors,3.8,Automobile,"Work Life Balance, Salary"
Fluper,3.8,IT Services & Consulting,"Skill Development, Company Culture, Work Life Balance"
Rushil Decor,4.0,Building Material,"Work Life Balance, Job Security, Salary"
CKA Birla Group,3.8,Building Material,"Work Life Balance, Company Culture, Job Security"
Clariant Chemicals,4.1,Chemicals,"Company Culture, Work Life Balance, Job Security"
Hical Technologies,3.6,Auto Components,"Promotions, Salary, Work Life Balance"
Arabian Industries,3.9,Oil & Gas,"Work Life Balance, Company Culture, Work Satisfaction"
Merit Data and Technology,3.9,Analytics & KPO,"Work Life Balance, Company Culture, Work Satisfaction"
MAHLE Behr India,3.7,Auto Components,Job Security
Aarti Steels,3.7,Iron & Steel,"Promotions, Company Culture, Job Security"
The Sleep Company,4.2,Furniture & Furnishing,"Salary, Company Culture, Skill Development"
Debtcare Enterprises,4.3,Investment Banking / Venture Capital / Private Equity,"Company Culture, Work Life Balance, Work Satisfaction"
Aloha Technology,2.5,IT Services & Consulting,"Company Culture, Promotions, Work Life Balance"
Jasper Colin,3.4,Analytics & KPO,Salary
Han Digital,2.9,Recruitment,"Job Security, Promotions, Skill Development"
Coding Ninjas,3.8,EdTech,Company Culture
L&T Valves,3.8,Industrial Machinery,"Job Security, Skill Development"
AceMicromatic Group,4.3,Industrial Machinery,"Company Culture, Job Security, Skill Development"
Praxis Services,3.2,Management Consulting,"Promotions, Company Culture, Work Satisfaction"
Recipharm Pharmaservices,3.8,Pharma,"Work Life Balance, Job Security"
Pitaara,4.2,Food Processing,"Company Culture, Job Security, Work Life Balance"
Path Infotech,3.3,IT Services & Consulting,"Promotions, Salary, Work Satisfaction"
EXO Edge,3.5,BPO,"Promotions, Skill Development, Company Culture"
Rainbow Childrens Hospital,3.8,Healthcare,"Skill Development, Job Security"
TP Central Odisha Distribution,3.7,Power,Job Security
Vashi Integrated Solutions Limited,3.8,Industrial Machinery,"Job Security, Company Culture, Work Life Balance"
Somic ZF Components,4.2,Auto Components,"Company Culture, Work Life Balance, Work Satisfaction"
Mit World Peace University,4.0,Education & Training,"Job Security, Company Culture, Work Life Balance"
Urban Ladder,3.7,Furniture & Furnishing,"Promotions, Job Security, Salary"
Gupta Power Infrastructure,2.9,Power,"Promotions, Salary, Company Culture"
SNVA Group,3.4,IT Services & Consulting,"Promotions, Company Culture, Work Life Balance"
Halliburton,3.6,Engineering & Construction,Salary
Synergies Castings,3.8,Auto Components,"Job Security, Skill Development, Work Life Balance"
Sri Sri Tattva,3.5,FMCG,"Promotions, Skill Development, Work Satisfaction"
Dinshaws,3.9,Food Processing,"Work Life Balance, Company Culture"
Brawn Group,3.5,Pharma,"Job Security, Promotions, Company Culture"
Myk Schomburg,3.9,Chemicals,"Salary, Work Life Balance"
Sata Vikas India,3.5,Auto Components,"Promotions, Company Culture, Job Security"
ESAF CO-OPERATIVE,3.5,Financial Services,"Promotions, Salary, Company Culture"
NU Vista,4.2,Building Material,"Job Security, Skill Development, Company Culture"
Selec Controls,3.5,Electronics Manufacturing,"Promotions, Company Culture, Work Satisfaction"
Schaeffer & Sam,3.3,Accounting & Auditing,"Promotions, Work Satisfaction, Company Culture"
V2Solutions,3.4,IT Services & Consulting,"Job Security, Promotions, Skill Development"
Springer Nature in India,3.9,Printing & Publishing,"Work Life Balance, Company Culture, Job Security"
E-Solutions,3.3,Recruitment,"Promotions, Job Security, Skill Development"
Nava Limited,3.8,Metals & Mining,"Work Life Balance, Job Security"
Sakthi Auto Components,3.2,Auto Components,"Promotions, Salary, Company Culture"
Global Aluminium,3.8,Metals & Mining,"Promotions, Company Culture, Job Security"
Signode,3.6,Industrial Machinery,"Promotions, Salary, Work Satisfaction"
Maharashtra Hybrid Seed Company,4.0,Agriculture,"Company Culture, Work Life Balance, Work Satisfaction"
Hindustan Wellness,3.2,Healthcare,"Promotions, Work Satisfaction, Job Security"
ShopKirana,3.9,Software Product,"Company Culture, Work Life Balance, Salary"
Essilor,4.0,Medical Equipment,"Company Culture, Work Life Balance, Job Security"
Teleysia Networks,3.6,Telecom,"Promotions, Job Security, Company Culture"
Lucas Indian Service,4.1,Auto Components,"Skill Development, Company Culture, Work Life Balance"
Holisol Logistics,3.9,Logistics,Work Life Balance
Banco Products,3.5,Auto Components,"Promotions, Company Culture, Work Life Balance"
Scaleneworks,3.6,Recruitment,"Job Security, Promotions, Skill Development"
LCC Projects,4.4,Engineering & Construction,"Work Life Balance, Salary, Company Culture"
L&T–MHI Power Boilers,4.1,Industrial Machinery,"Company Culture, Work Life Balance, Job Security"
Furukawa Minda Electric,4.0,Auto Components,"Work Life Balance, Company Culture, Job Security"
InfodriveIndia,3.9,Other,"Company Culture, Skill Development, Work Life Balance"
Lloyd Insulations,3.4,Industrial Machinery,"Promotions, Company Culture, Salary"
Machino Plastics,3.5,Auto Components,"Job Security, Promotions, Company Culture"
Aeronautical Development Agency,4.2,Defence & Aerospace,"Work Life Balance, Company Culture, Work Satisfaction"
Adani Energy Solutions,3.7,Power,"Promotions, Company Culture, Work Life Balance"
EqualizeRCM Services,3.8,Analytics & KPO,"Promotions, Work Satisfaction, Salary"
Dvara KGFS,3.7,NBFC,Promotions
Shree Renuka Sugars,4.1,Food Processing,"Work Life Balance, Job Security, Company Culture"
ADNOC,4.3,Oil & Gas,"Work Life Balance, Company Culture, Work Satisfaction"
Avanse Financial Services,3.7,Financial Services,Promotions
Silverlink Technologies,3.8,IT Services & Consulting,Work Life Balance
Sigmoid,3.7,Analytics & KPO,Promotions
Cadence Design Systems,3.8,Semiconductors,"Company Culture, Work Life Balance, Salary"
Chubb,3.4,Insurance,"Promotions, Work Satisfaction, Skill Development"
Minda Kosei Aluminum Wheel,4.1,Auto Components,"Job Security, Company Culture, Work Life Balance"
DCDC Kidney Care,3.9,Healthcare,"Work Life Balance, Skill Development, Company Culture"
63 Moons Technologies,3.7,IT Services & Consulting,"Promotions, Skill Development, Work Satisfaction"
Pfizer Products India,3.8,Pharma,"Work Life Balance, Company Culture"
AI Variant,4.2,IT Services & Consulting,"Work Life Balance, Skill Development, Work Satisfaction"
Kusum Healthcare,4.0,Pharma,"Work Life Balance, Company Culture, Work Satisfaction"
Jtekt Sona Automotive India,4.3,Auto Components,"Company Culture, Job Security, Work Life Balance"
ESIC HOSPITAL,4.1,Healthcare,"Work Life Balance, Salary, Work Satisfaction"
GITAM University,3.6,Education & Training,"Promotions, Skill Development"
Delhi Metro Rail Corporation,4.2,Logistics,"Work Life Balance, Company Culture, Work Satisfaction"
UCO Bank,3.6,Banking,Job Security
Indus Valley Partners,2.8,IT Services & Consulting,"Work Satisfaction, Skill Development, Promotions"
State Bank Operations Support Services,3.5,IT Services & Consulting,"Promotions, Job Security, Salary"
Fluentgrid,3.4,IT Services & Consulting,"Salary, Promotions, Company Culture"
Kerala State Electricity Board,4.2,Power,"Work Life Balance, Skill Development, Company Culture"
Cohizon Life Sciences Limited,3.6,Chemicals,"Job Security, Promotions, Company Culture"
Mahindra Truck and Bus,3.6,Automobile,Promotions
Opkey,4.5,Software Product,"Skill Development, Company Culture, Work Satisfaction"
Technosoft Engineering Projects Limited,3.6,Industrial Automation,"Promotions, Salary, Work Satisfaction"
Jaypee Cement,4.0,Building Material,"Job Security, Work Life Balance, Work Satisfaction"
Entab Infotech,3.0,EdTech,"Promotions, Job Security, Company Culture"
Decimal Point Analytics,2.7,Analytics & KPO,"Job Security, Promotions, Work Satisfaction"
Sphinx Worldbiz,3.5,Engineering & Construction,"Promotions, Job Security, Skill Development"
Aabasoft,3.9,IT Services & Consulting,"Company Culture, Job Security, Skill Development"
Abbott Nutrition International,4.1,Pharma,"Salary, Skill Development, Company Culture"
Emmvee Photovoltaic Power,3.4,Power,"Promotions, Company Culture, Work Satisfaction"
Girmiti Software,4.1,IT Services & Consulting,"Skill Development, Work Satisfaction, Company Culture"
Pricol Precision Products,3.9,Auto Components,Skill Development
Aabasoft,3.9,IT Services & Consulting,"Company Culture, Job Security, Skill Development"
Rooman Technologies,3.6,Education & Training,"Salary, Job Security, Promotions"
Innover Digital,4.2,IT Services & Consulting,"Work Life Balance, Salary, Company Culture"
Gi Group,3.8,Recruitment,"Promotions, Work Satisfaction, Skill Development"
Ratnamani Metals and Tubes,4.2,Iron & Steel,"Job Security, Work Life Balance, Company Culture"
Ck Birla Hospitals,3.9,Healthcare,"Work Life Balance, Job Security, Skill Development"
MIOT INTERNATIONAL,3.6,Healthcare,"Promotions, Company Culture, Salary"
Polyplastics Industries (I),3.7,Auto Components,Job Security
SR Fast Connect Staffing,4.5,Noida +9 other locations,"Company Culture, Work Life Balance, Work Satisfaction"
Easy Home Finance,4.5,FinTech,"Salary, Company Culture, Work Life Balance"
Lincoln Pharmaceuticals,3.3,Pharma,"Promotions, Salary, Company Culture"
Zydus Hospital,4.2,Healthcare,"Job Security, Skill Development, Company Culture"
Piramal Foundation,4.2,Non-Profit,"Company Culture, Work Life Balance, Skill Development"
Tumbledry Solutions,4.4,Other,"Salary, Company Culture, Work Life Balance"
Publicis Resources,3.4,Marketing & Advertising,"Promotions, Job Security, Work Satisfaction"
DISYS,3.1,IT Services & Consulting,"Job Security, Company Culture, Work Life Balance"
Labcorp,4.1,Clinical Research,"Work Life Balance, Job Security, Company Culture"
Savex Technologies,3.9,Other,"Job Security, Company Culture, Work Life Balance"
Navneet Education,4.0,Printing & Publishing,"Job Security, Work Life Balance, Company Culture"
Tata Play Fiber,3.9,Telecom,Promotions
Navneet Education,4.0,Printing & Publishing,"Job Security, Work Life Balance, Company Culture"
Himedia Laboratories,4.0,Biotechnology,"Work Life Balance, Job Security, Salary"
Oriental Aromatics,3.8,Chemicals,"Work Life Balance, Salary"
Softcell Technologies,3.7,IT Services & Consulting,Work Life Balance
Global Calcium,3.4,Pharma,"Company Culture, Promotions, Work Satisfaction"
IIC Technologies,3.6,IT Services & Consulting,"Promotions, Salary, Skill Development"
TCPL Packaging,4.0,Packaging,"Salary, Work Life Balance, Work Satisfaction"
Peregrine Guarding,4.0,Law Enforcement & Security,"Work Life Balance, Job Security, Skill Development"
Jaiprakash Power Ventures,4.1,Power,"Job Security, Work Life Balance, Work Satisfaction"
Vasan Eye Care Hospitals,3.8,Healthcare,"Company Culture, Work Life Balance"
Hitech Digital Solutions,3.8,IT Services & Consulting,"Company Culture, Work Life Balance, Job Security"
Luxor Writing Instruments,3.5,Other,"Promotions, Skill Development, Company Culture"
Louis Philippe,4.4,Fashion & Textile,"Skill Development, Company Culture, Work Life Balance"
Hyundai Construction Equipment,4.2,Industrial Machinery,"Work Life Balance, Job Security, Company Culture"
Deepak Phenolics,4.4,Chemicals,"Job Security, Company Culture, Skill Development"
SAR Group,3.8,Consumer Electronics & Appliances,"Promotions, Salary"
Nitco,4.0,Building Material,"Work Life Balance, Company Culture, Salary"
DEC Infra,3.6,Real Estate,Salary
Indovance Inc,4.3,Design,"Company Culture, Work Satisfaction, Job Security"
MNC Group,4.2,Investment Banking / Venture Capital / Private Equity,"Company Culture, Work Life Balance, Work Satisfaction"
"Ministry Of Health, New Delhi",3.9,Healthcare,Work Life Balance
Country Holidays Inn & Suites,4.2,Travel & Tourism,"Work Life Balance, Company Culture, Work Satisfaction"
Technicolor,3.5,Animation & VFX,"Job Security, Promotions, Salary"
Nutricia,3.6,Fitness & Wellness,Salary
Inventia Healthcare,3.9,Pharma,"Job Security, Company Culture, Work Life Balance"
Essar Projects India,3.9,Engineering & Construction,"Work Life Balance, Company Culture, Work Satisfaction"
Harsha Engineers,3.9,Auto Components,"Job Security, Skill Development"
Kent plc,4.1,Oil & Gas,"Work Life Balance, Salary, Company Culture"
Veolia Water Technologies,4.2,Waste Management,"Work Life Balance, Job Security, Company Culture"
Narula Infrastructure,3.6,Engineering & Construction,"Promotions, Company Culture, Work Satisfaction"
Alkyl Amines,4.0,Chemicals,"Job Security, Work Life Balance, Skill Development"
MobileComm Technologies India,3.9,Telecom,"Company Culture, Work Life Balance"
Massmutual Global Business Services,3.9,IT Services & Consulting,"Company Culture, Work Life Balance, Job Security"
Ubisoft Entertainment,3.6,Gaming,"Work Life Balance, Company Culture, Job Security"
Rajsriya Automotive Industries,3.2,Auto Components,"Company Culture, Promotions, Work Life Balance"
Infiniti Software Solutions,4.3,Software Product,"Job Security, Company Culture, Work Satisfaction"
Transworld Systems,3.1,Financial Services,"Promotions, Salary, Skill Development"
Walsons Facility Solutions,3.8,Recruitment,Salary
Lapiz Digital Services,4.0,BPO,"Work Satisfaction, Skill Development, Company Culture"
VSoft Technologies,3.1,FinTech,"Promotions, Salary, Company Culture"
Laxmi Civil Engineering Services,4.1,Engineering & Construction,"Company Culture, Work Life Balance, Work Satisfaction"
Bombay Intelligence Security,4.2,Law Enforcement & Security,"Work Life Balance, Skill Development, Company Culture"
BOLD Technology Systems,3.0,Software Product,"Job Security, Promotions, Work Satisfaction"
CareEdge Ratings,3.1,Financial Services,"Promotions, Salary, Company Culture"
Aristocrat,3.5,Gaming,Work Life Balance
IndusInd Securities,3.7,Financial Services,Work Life Balance
Evelyn Learning Systems,3.9,EdTech,"Company Culture, Work Life Balance"
Novel Office,3.9,Real Estate,"Company Culture, Work Life Balance, Work Satisfaction"
Honda India Power Products,4.1,Industrial Machinery,"Work Life Balance, Job Security, Company Culture"
Sub-K IMPACT Solutions,4.1,Financial Services,"Company Culture, Work Life Balance, Work Satisfaction"
Zota Health Care,3.9,Pharma,"Work Life Balance, Salary, Company Culture"
Renom Energy Services,4.0,Engineering & Construction,"Skill Development, Job Security, Company Culture"
AXIS MY INDIA,3.8,Analytics & KPO,"Salary, Work Life Balance, Skill Development"
AAJ Supply Chain Management,4.0,Logistics,"Skill Development, Company Culture, Work Satisfaction"
Sundaram Motors,4.0,Automobile,"Job Security, Company Culture, Work Life Balance"
Zeta,3.1,Emerging Technologies,"Promotions, Work Life Balance, Work Satisfaction"
OneBanc Technologies,4.8,FinTech,"Promotions, Salary, Company Culture"
MTR Foods,3.9,Hospitality,"Work Life Balance, Job Security, Work Satisfaction"
Genisys Group,3.5,IT Services & Consulting,"Promotions, Skill Development, Salary"
Arya Omnitalk,3.5,Electronics Manufacturing,"Promotions, Skill Development, Work Satisfaction"
Adani Gas,3.1,Oil & Gas,"Promotions, Company Culture, Work Satisfaction"
R&R Limousine And Bus,4.0,Chennai +11 other locations,"Job Security, Company Culture, Work Life Balance"
Tenon Facility Management,3.6,Facility Management Services,"Promotions, Job Security, Skill Development"
Gleneagles Hospital,3.7,Chennai +13 other locations,"Promotions, Salary"
You Broadband,3.5,Telecom,"Job Security, Promotions, Skill Development"
JSW Steel Coated Products,3.9,Mumbai +32 other locations,"Job Security, Skill Development"
KJS Cement,3.6,Building Material,"Promotions, Company Culture, Job Security"
Cardinal Health,4.3,Pharma,"Company Culture, Work Life Balance, Job Security"
Sakon,2.8,Software Product,"Promotions, Skill Development, Work Satisfaction"
Ms Agarwal Foundries,4.1,Iron & Steel,"Skill Development, Salary, Work Life Balance"
Boehringer-Ingelheim,4.1,Pharma,"Work Life Balance, Company Culture, Skill Development"
SEABIRD LOGISOLUTIONS,3.9,Logistics,Work Life Balance
"Nitor Infotech, an Ascendion company",3.8,Software Product,"Company Culture, Work Life Balance, Skill Development"
Alicon Castalloy,3.5,Auto Components,"Company Culture, Promotions, Work Life Balance"
Biz 2 Credit Info Services,3.4,Financial Services,"Company Culture, Work Satisfaction, Work Life Balance"
Creamy foods,4.1,Food Processing,"Work Life Balance, Work Satisfaction, Company Culture"
IQ BackOffice,3.5,Financial Services,"Salary, Promotions, Skill Development"
MARK EXHAUST SYSTEMS,4.2,Auto Components,"Job Security, Work Life Balance, Company Culture"
TAJSATS AIR CATERING,4.0,Hospitality,"Job Security, Company Culture, Work Life Balance"
Taal Tech India,3.9,IT Services & Consulting,"Work Life Balance, Company Culture, Work Satisfaction"
ITC ABD,3.7,Agriculture,Job Security
Taal Tech India,3.9,IT Services & Consulting,"Work Life Balance, Company Culture, Work Satisfaction"
Cliantha Research,3.9,Clinical Research,"Job Security, Company Culture, Work Life Balance"
ZIM Laboratories,2.9,Pharma,"Promotions, Job Security, Company Culture"
Laser Power & Infra,3.4,Electrical Equipment,"Promotions, Job Security, Company Culture"
Manba Finance Limited,3.9,NBFC,"Work Life Balance, Skill Development, Company Culture"
K R Mangalam University,4.4,Education & Training,"Skill Development, Company Culture, Work Life Balance"
Centre for Good Governance,4.1,Government,"Work Life Balance, Work Satisfaction, Job Security"
ProConnect Integrated Logistics,3.6,Logistics,"Promotions, Company Culture, Work Satisfaction"
SPML Infra,3.9,Engineering & Construction,"Work Life Balance, Job Security, Salary"
Aksentt Tech Services,4.3,IT Services & Consulting,"Company Culture, Work Life Balance, Work Satisfaction"
Agility,4.1,Logistics,"Company Culture, Work Life Balance, Job Security"
Ordnance Factory,4.2,Government,"Work Life Balance, Company Culture, Work Satisfaction"
Silverskills,3.3,BPO,"Promotions, Skill Development, Work Satisfaction"
CQRA,4.3,Engineering & Construction,"Work Life Balance, Company Culture, Work Satisfaction"
SVC Co-Operative Bank,3.8,Banking,"Work Life Balance, Job Security"
The Indian Hume Pipe Co.,3.9,Building Material,"Job Security, Work Life Balance"
Kshema General Insurance,4.1,Insurance,"Work Life Balance, Company Culture, Skill Development"
Altera Digital Health,2.9,Software Product,"Promotions, Salary, Job Security"
Alf Engineering,4.0,Auto Components,"Work Life Balance, Job Security, Company Culture"
Mirafra Technologies,3.5,Semiconductors,"Job Security, Promotions, Work Satisfaction"
Goldmedal Electricals,3.6,Electrical Equipment,"Promotions, Company Culture, Work Satisfaction"
Internshala,3.7,EdTech,"Company Culture, Work Life Balance"
Swastika Investmart,3.5,Investment Banking / Venture Capital / Private Equity,"Promotions, Salary, Work Satisfaction"
Kuwait National Petroleum Company,4.3,Oil & Gas,"Work Life Balance, Work Satisfaction, Skill Development"
Cactus Communications,3.3,IT Services & Consulting,"Promotions, Salary, Work Satisfaction"
Sheraton Hotels and Resorts,3.9,Hospitality,"Job Security, Skill Development, Company Culture"
ArcGate,2.7,IT Services & Consulting,"Skill Development, Promotions, Work Satisfaction"
DynPro,3.7,IT Services & Consulting,Work Life Balance
Cox & Kings,3.2,Travel & Tourism,"Job Security, Company Culture, Work Satisfaction"
Victora Tool Engineers,3.7,Auto Components,"Promotions, Company Culture, Work Life Balance"
Frigorifico Allana,4.0,Food Processing,"Salary, Work Life Balance, Company Culture"
Jaguar Land Rover,3.9,Automobile,"Work Life Balance, Company Culture, Work Satisfaction"
Mirza International,3.4,Fashion & Textile,"Promotions, Job Security, Company Culture"
Telecom Network Solutions,4.1,Telecom,"Company Culture, Work Life Balance, Work Satisfaction"
Rao IIT Academy,3.5,Education & Training,"Job Security, Promotions, Salary"
Radiant Cash Management Services,3.3,Financial Services,"Promotions, Salary, Company Culture"
Molecular Connections,3.1,IT Services & Consulting,"Promotions, Salary, Work Satisfaction"
Arabian Construction Company,3.2,Engineering & Construction,"Job Security, Promotions, Company Culture"
Kubota Agricultural Machinery India,4.2,Agriculture,"Work Life Balance, Job Security, Company Culture"
Sureti Insurance Marketing,3.2,Insurance,"Job Security, Promotions, Company Culture"
Nimbus Harbor Facilities Management,4.1,Facility Management Services,"Company Culture, Work Life Balance, Work Satisfaction"
Cameo Corporate Services,3.3,BPO,"Promotions, Salary, Work Life Balance"
Ahresty India,3.7,Auto Components,Job Security
Stellantis Avtec Powertrain,3.6,Hosur +12 other locations,"Promotions, Company Culture"
Highway Industries,4.0,Engineering & Construction,"Skill Development, Company Culture, Work Life Balance"
Siti Networks,3.9,Media & Entertainment,Work Life Balance
Techolution,3.9,IT Services & Consulting,"Skill Development, Salary, Work Satisfaction"
Robosoft Technologies,3.4,IT Services & Consulting,"Job Security, Promotions, Company Culture"
ETA Engineering,3.3,Engineering & Construction,"Promotions, Work Life Balance, Salary"
Ninestars Information Technologies Pvt. Ltd,3.3,Software Product,"Promotions, Salary, Job Security"
Hero Vired,4.5,Education & Training,"Salary, Company Culture, Work Life Balance"
ITM Group of Institutions,3.3,Education & Training,"Salary, Job Security, Promotions"
Danone Foods Beverages,3.6,Food Processing,Salary
East African (I) Overseas Dehradun,4.0,Pharma,"Work Life Balance, Promotions, Skill Development"
GMR Energy,3.8,Power,"Company Culture, Job Security"
Elico Healthcare Services,3.1,Analytics & KPO,"Promotions, Salary, Skill Development"
Money View,4.1,FinTech,"Work Life Balance, Company Culture, Work Satisfaction"
BIC Cello,3.9,Other,"Company Culture, Work Life Balance, Salary"
SGT University,3.5,Education & Training,"Promotions, Salary, Work Satisfaction"
Hero Vired,4.5,Education & Training,"Salary, Company Culture, Work Life Balance"
Military Engineer Services,4.6,Engineering & Construction,"Work Life Balance, Job Security, Company Culture"
Arzooo.com,2.7,Travel & Tourism,"Job Security, Company Culture, Promotions"
ClaySys,3.6,IT Services & Consulting,Job Security
Iconic,3.9,Retail,"Salary, Skill Development"
VML,3.5,Marketing & Advertising,"Promotions, Skill Development, Salary"
Jodas Expoim,3.3,Pharma,"Promotions, Company Culture, Work Satisfaction"
Creative Hands HR Consultancy,4.2,Recruitment,"Company Culture, Work Life Balance, Work Satisfaction"
Aujas Cybersecurity-NuSummit company,3.7,IT Services & Consulting,Promotions
VKC Group,3.5,Fashion & Textile,"Promotions, Salary, Work Satisfaction"
ARDEM Incorporated,3.8,BPO,"Work Life Balance, Company Culture"
Rucha Engineers,3.8,Industrial Machinery,Skill Development
Amrutanjan Health Care,3.9,Pharma,"Work Life Balance, Job Security"
Netsmartz Infotech,3.6,IT Services & Consulting,Promotions
LatentView Analytics,3.4,IT Services & Consulting,"Promotions, Salary, Work Satisfaction"
Pulse Pharmaceuticals,3.4,Pharma,"Promotions, Salary, Work Satisfaction"
TIBCO Software,3.7,Software Product,Work Life Balance
Futwork,3.5,Internet,"Promotions, Job Security, Work Satisfaction"
Glorious Insight,3.4,IT Services & Consulting,"Company Culture, Work Satisfaction, Job Security"
Gaja Engineering,4.2,Engineering & Construction,"Job Security, Company Culture, Work Life Balance"
H&R Block,4.2,Accounting & Auditing,"Company Culture, Work Life Balance, Work Satisfaction"
Hindustan Times,3.1,Media & Entertainment,"Promotions, Skill Development, Job Security"
Cure foods,3.3,Fitness & Wellness,"Promotions, Job Security, Company Culture"
Themis Medicare,3.4,Pharma,"Job Security, Promotions, Skill Development"
Gaja Engineering,4.2,Engineering & Construction,"Job Security, Company Culture, Work Life Balance"
Resurgent India,3.7,Investment Banking / Venture Capital / Private Equity,Salary
T R Chadha & Co Llp,3.4,Accounting & Auditing,"Promotions, Salary, Work Satisfaction"
Jorie Healthcare,3.8,Healthcare,"Company Culture, Work Life Balance"
Dainik Jagran,3.4,Printing & Publishing,"Promotions, Work Satisfaction, Salary"
Gawar Construction,4.1,Engineering & Construction,"Salary, Work Satisfaction, Skill Development"
Bharat Wire Ropes,3.6,Iron & Steel,"Promotions, Company Culture, Work Satisfaction"
Manipal Technologies,3.8,Printing & Publishing,"Promotions, Salary"
Gracure Pharmaceuticals,3.1,Pharma,"Job Security, Company Culture, Work Life Balance"
Ruby Hall Clinic,3.9,Healthcare,"Job Security, Skill Development"
UNITILE,4.5,Building Material,"Company Culture, Work Life Balance, Work Satisfaction"
Equinox Labs,3.9,Clinical Research,"Salary, Promotions"
Moody's Analytics,4.1,Analytics & KPO,"Work Life Balance, Company Culture, Salary"
DRA Homes,4.5,Real Estate,"Company Culture, Skill Development, Work Life Balance"
Angelique International,4.6,Engineering & Construction,"Company Culture, Work Life Balance, Work Satisfaction"
Prepca Eduserv,4.0,EdTech,"Company Culture, Skill Development, Promotions"
DRA Homes,4.5,Real Estate,"Company Culture, Skill Development, Work Life Balance"
Van Heusen,4.1,Fashion & Textile,"Company Culture, Work Life Balance, Job Security"
360 Degree Cloud Technologies,3.9,IT Services & Consulting,"Work Life Balance, Company Culture, Work Satisfaction"
CG Foods,3.5,Food Processing,"Promotions, Company Culture, Job Security"
Iscon Balaji Foods,3.8,Food Processing,"Work Life Balance, Job Security, Salary"
Dyninno India,4.0,IT Services & Consulting,"Salary, Company Culture, Work Satisfaction"
HyFun Foods,4.1,Food Processing,"Work Life Balance, Job Security, Salary"
TIDC India,3.8,Industrial Machinery,"Promotions, Salary"
Mindteck,2.8,IT Services & Consulting,"Promotions, Job Security, Skill Development"
Segula Technologies,3.3,Engineering & Construction,"Job Security, Promotions, Skill Development"
Doha Petroleum Construction Company,3.8,Oil & Gas,"Work Life Balance, Work Satisfaction, Job Security"
Vinati Organics,3.8,Chemicals,"Job Security, Work Life Balance"
Automotive Robotics (India),3.4,Industrial Automation,"Promotions, Job Security, Work Satisfaction"
NACL Industries,4.0,Agro Chemicals,"Job Security, Work Life Balance, Company Culture"
Spm Autocomp,3.7,Auto Components,"Job Security, Promotions, Company Culture"
EnFuse Solutions,3.9,IT Services & Consulting,"Work Life Balance, Company Culture, Skill Development"
NatWest Markets,3.8,Banking,"Work Life Balance, Job Security"
Guiltfree Industries,3.6,FMCG,Salary
Namdev Finvest,3.7,Financial Services,"Work Satisfaction, Job Security, Promotions"
Embee Software,3.6,Software Product,Promotions
Namdev Finvest,3.7,Financial Services,"Work Satisfaction, Job Security, Promotions"
Bnp Paribas Securities,3.8,Financial Services,"Job Security, Company Culture, Work Life Balance"
Roki Minda Co,4.4,Auto Components,"Work Life Balance, Job Security, Company Culture"
Nuclear Power Corporation of India,4.2,Power,"Job Security, Work Life Balance, Salary"
Micro Plastics Private Limited,3.6,Bengaluru +12 other locations,"Promotions, Company Culture, Work Satisfaction"
Lernx,3.7,Jaipur +18 other locations,"Salary, Job Security"
Manappuram Home Finance,3.8,Financial Services,"Work Life Balance, Skill Development"
Airbnb,3.5,Travel & Tourism,Salary
IFFCO Kisan Sanchar,3.6,Agro Chemicals,"Job Security, Promotions"
Meinhardt Group,3.3,Engineering & Construction,"Promotions, Skill Development, Salary"
Gemini Solutions,3.4,IT Services & Consulting,"Job Security, Work Satisfaction, Promotions"
Lee Pharma,3.3,Pharma,"Work Satisfaction, Skill Development, Company Culture"
AGI Glaspac,3.6,Packaging,Job Security
Junglee Games,4.2,Gaming,"Company Culture, Salary, Work Life Balance"
Royal Research,3.6,Analytics & KPO,Skill Development
SSF PLASTICS,3.4,Petrochemicals,"Promotions, Company Culture, Work Life Balance"
Koenig Solutions,3.2,Education & Training,"Job Security, Promotions, Company Culture"
SBS,2.4,IT Services & Consulting,"Promotions, Job Security, Work Satisfaction"
R L Fine Chem,3.8,Pharma,Job Security
Indo Farm Equipment,3.3,Industrial Machinery,"Job Security, Promotions, Company Culture"
Total Environment Building Systems,4.0,Real Estate,"Work Life Balance, Job Security, Company Culture"
ANI INTEGRATED SERVICES,3.4,Engineering & Construction,"Promotions, Job Security, Company Culture"
Vserv Infosystems,3.5,IT Services & Consulting,"Promotions, Salary, Work Satisfaction"
Stellar Value Chain Solutions,3.7,Logistics,"Promotions, Company Culture, Work Life Balance"
HungerBox,3.5,Internet,"Promotions, Company Culture, Work Satisfaction"
SAVIC Technologies,3.1,IT Services & Consulting,"Salary, Job Security, Promotions"
ZF India Technology Center,3.5,Auto Components,"Promotions, Skill Development, Work Satisfaction"
Gautam Solar,3.9,Power,Skill Development
ATMECS Global,3.3,IT Services & Consulting,"Job Security, Promotions, Company Culture"
Interface Microsystems,3.8,Electronics Manufacturing,"Promotions, Job Security, Salary"
Western Digital,3.4,Consumer Electronics & Appliances,"Promotions, Work Satisfaction, Job Security"
Electrical Research & Development Association,3.7,Electrical Equipment,Work Life Balance
convergys india services,3.5,Gurugram +11 other locations,"Promotions, Work Satisfaction, Salary"
Omax Autos,3.8,Auto Components,"Work Life Balance, Work Satisfaction"
Can-Pack,4.2,Packaging,"Skill Development, Company Culture, Work Life Balance"
Thirumalai Chemicals,3.8,Chemicals,"Job Security, Skill Development"
ANZ Operations & Technology,3.6,Financial Services,"Work Life Balance, Company Culture"
Bhandari Automobiles,3.7,Automobile,"Job Security, Skill Development"
Innoviti Technologies Private Limited,2.9,FinTech,"Job Security, Promotions, Company Culture"
Miles Education,3.2,Education & Training,"Job Security, Promotions, Company Culture"
Domino Printech India LLP,4.3,Industrial Automation,"Job Security, Company Culture, Salary"
Miles Education,3.2,Education & Training,"Job Security, Promotions, Company Culture"
Petrocon Engineers & Consultants,3.6,Engineering & Construction,Skill Development
ABI Showatech,3.5,Auto Components,Skill Development
Omax Autos,3.8,Auto Components,"Work Life Balance, Work Satisfaction"
Cyber Infrastructure,3.4,IT Services & Consulting,"Promotions, Salary, Work Satisfaction"
Propel Industries,3.6,Industrial Machinery,"Promotions, Work Life Balance, Company Culture"
Peel-works,3.5,Software Product,"Job Security, Promotions"
Kalinga Commercial Corporation,3.7,Metals & Mining,"Promotions, Work Satisfaction"
Garware Technical Fibres,3.6,Fashion & Textile,Job Security
Hinduja Finance,3.9,NBFC,Work Life Balance
Balajee Group,3.7,Engineering & Construction,"Promotions, Work Life Balance, Work Satisfaction"
Tradebulls,2.7,Financial Services,"Job Security, Promotions, Work Satisfaction"
Apisero,4.3,IT Services & Consulting,"Company Culture, Job Security, Work Life Balance"
Urbanrise,3.7,Real Estate,Salary
AltezzaSys,3.8,IT Services & Consulting,Work Life Balance
greytHR,3.9,Software Product,"Company Culture, Work Life Balance, Skill Development"
Amcor Flexibles India,3.8,Packaging,"Job Security, Salary"
QDegrees,3.2,Management Consulting,"Promotions, Job Security, Salary"
Checkmate Services,4.1,Facility Management Services,"Company Culture, Work Life Balance, Work Satisfaction"
Ratnadeep Retail,4.2,Retail,"Work Life Balance, Job Security, Company Culture"
VVF,3.8,Chemicals,"Work Life Balance, Job Security"
Amcor Flexibles India,3.8,Packaging,"Job Security, Salary"
QDegrees,3.2,Management Consulting,"Promotions, Job Security, Salary"
Checkmate Services,4.1,Facility Management Services,"Company Culture, Work Life Balance, Work Satisfaction"
The Fern Residency,3.8,Hospitality,Promotions
Madina Group,4.5,Oil & Gas,"Work Satisfaction, Company Culture, Work Life Balance"
Perkins,4.3,Engineering & Construction,"Company Culture, Work Life Balance, Skill Development"
Fujitec,3.8,Industrial Machinery,Job Security
Ummeed Housing Finance,4.0,Financial Services,"Company Culture, Work Life Balance, Job Security"
Princess Cruises,3.9,Travel & Tourism,"Salary, Company Culture"
Orix Auto Infrastructure Services,4.1,Travel & Tourism,"Work Life Balance, Job Security, Company Culture"
Stashfin,4.5,FinTech,"Salary, Company Culture, Work Life Balance"
FCI CCM,4.4,Software Product,"Company Culture, Job Security, Skill Development"
MTAR Technologies,3.9,Industrial Machinery,Work Life Balance
Efftronics Systems,3.0,Electronics Manufacturing,"Salary, Work Life Balance, Promotions"
GlobalStep,2.3,IT Services & Consulting,"Promotions, Salary, Skill Development"
Azure Power,3.9,Power,"Salary, Company Culture, Work Life Balance"
Sabre,3.9,Software Product,"Work Life Balance, Company Culture, Salary"
Wirtgen India,4.1,Industrial Machinery,"Company Culture, Job Security, Skill Development"
MDC Group of Companies,4.8,Pharma,"Work Life Balance, Job Security, Promotions"
GSH Group,4.1,Facility Management Services,"Company Culture, Work Satisfaction, Work Life Balance"
Ang India,3.5,Consumer Electronics & Appliances,"Promotions, Company Culture, Work Satisfaction"
Chakr Innovation,3.6,Industrial Machinery,"Job Security, Promotions"
Xylem Water Solutions,3.7,Waste Management,"Work Life Balance, Company Culture"
Telesonic Networks,3.7,Telecom,"Promotions, Work Life Balance, Work Satisfaction"
Fino Paytech,2.7,FinTech,"Promotions, Job Security, Company Culture"
Edureka,3.7,EdTech,"Promotions, Job Security, Salary"
Airtel DTH Services,4.1,Telecom,"Company Culture, Job Security, Skill Development"
Signutra (Health & Nutrition Division of Win - Medicare Pvt Ltd),4.3,Pharma,"Company Culture, Work Satisfaction, Job Security"
Rheinmetall Automotive,3.9,Auto Components,"Work Life Balance, Job Security, Company Culture"
Munjal Kiriu Industries,3.7,Auto Components,
Integra Global Solutions,3.5,Financial Services,"Promotions, Salary, Company Culture"
Yum!,3.8,Hospitality,"Work Life Balance, Company Culture, Salary"
Brinton Pharmaceuticals,4.4,Pharma,"Company Culture, Job Security, Salary"
Highbar Technocrat,4.0,IT Services & Consulting,"Skill Development, Job Security, Salary"
DigiTech Call System,2.6,BPO,"Promotions, Salary, Job Security"
RNF Technologies,3.0,IT Services & Consulting,"Promotions, Job Security, Salary"
Emerald Jewel Industry India,3.6,Jewellery,Job Security
Bony Polymers,3.9,Auto Components,
Meitra Hospital,4.4,Healthcare,"Company Culture, Skill Development, Work Satisfaction"
Yum!,3.8,Hospitality,"Work Life Balance, Company Culture, Salary"
Brinton Pharmaceuticals,4.4,Pharma,"Company Culture, Job Security, Salary"
Yatharth Hospital,3.8,Healthcare,"Promotions, Job Security"
Paragon Digital Services,3.2,Marketing & Advertising,"Promotions, Skill Development, Company Culture"
Danske IT,3.6,IT Services & Consulting,Work Life Balance
Tata Memorial Centre,4.1,Healthcare,"Skill Development, Work Satisfaction"
Fleetx.io,3.1,Logistics,"Job Security, Promotions, Work Satisfaction"
Titan Laboratories,3.4,Pharma,"Promotions, Company Culture, Work Life Balance"
Ciron Drugs & Pharmaceuticals,3.1,Healthcare,"Job Security, Company Culture, Work Satisfaction"
LetsTransport,3.7,Logistics,"Promotions, Job Security, Company Culture"
FUJIFILM,3.9,Animation & VFX,"Work Life Balance, Company Culture, Salary"
Competent Software,3.1,IT Services & Consulting,"Promotions, Work Satisfaction, Company Culture"
Unibic Foods,3.7,Food Processing,Salary
NTF Group,4.0,Auto Components,"Job Security, Salary, Work Life Balance"
Siegwerk,3.9,Chemicals,"Work Life Balance, Salary"
THE GUARDIANS Real Estate Advisory,3.5,Real Estate,"Work Life Balance, Promotions, Company Culture"
British Biologicals,3.0,Fitness & Wellness,"Job Security, Promotions, Skill Development"
Dee Vee Projects,3.8,Engineering & Construction,Promotions
Mas Callnet,2.8,BPO,"Job Security, Promotions, Company Culture"
TATWA Technologies,3.3,IT Services & Consulting,"Promotions, Salary, Job Security"
BMW,4.0,Automobile,"Work Life Balance, Company Culture, Work Satisfaction"
Incture Technologies,2.7,IT Services & Consulting,"Promotions, Salary, Company Culture"
Automotive Axles,3.9,Auto Components,"Company Culture, Work Satisfaction, Skill Development"
Smaaash Entertainment,4.1,Events,"Work Life Balance, Salary, Skill Development"
Annora Pharma,3.9,Pharma,"Job Security, Work Life Balance"
Pitney Bowes,3.8,IT Services & Consulting,"Work Life Balance, Salary, Company Culture"
BCT Consulting Private Limited,3.7,IT Services & Consulting,Work Life Balance
Markelytics Solutions,4.5,Analytics & KPO,"Work Life Balance, Company Culture, Work Satisfaction"
Virtusa Software Services,3.5,IT Services & Consulting,"Promotions, Job Security, Work Satisfaction"
Tata Marcopolo Motors,3.8,Auto Components,"Promotions, Company Culture, Work Satisfaction"
InsanelyGood,4.0,Internet,Skill Development
NVH India Auto Parts,3.4,Auto Components,"Promotions, Salary, Company Culture"
Trelleborg,3.7,Industrial Machinery,"Work Life Balance, Job Security"
Crescent Foundry,3.8,Industrial Machinery,"Promotions, Salary"
Apparel Group India Private Limited,3.7,Retail,"Promotions, Company Culture, Work Satisfaction"
Merino Laminates,3.8,Consumer Electronics & Appliances,Promotions
Woodland,3.1,Fashion & Textile,"Promotions, Salary, Company Culture"
SHV Energy,3.8,Power,"Job Security, Company Culture"
Inlead Electronics,4.0,Consumer Electronics & Appliances,"Company Culture, Work Life Balance, Work Satisfaction"
Gammon Engineers And Contractors,4.0,Engineering & Construction,"Work Satisfaction, Company Culture, Work Life Balance"
Joyson Safety Systems,4.0,Auto Components,"Job Security, Work Life Balance, Skill Development"
SHV Energy,3.8,Power,"Job Security, Company Culture"
Inlead Electronics,4.0,Consumer Electronics & Appliances,"Company Culture, Work Life Balance, Work Satisfaction"
Tata ClassEdge,3.3,EdTech,"Promotions, Work Satisfaction, Job Security"
Embitel Technologies,3.9,IT Services & Consulting,"Work Life Balance, Company Culture"
Business Integrity Services,4.1,BPO,"Company Culture, Work Life Balance, Work Satisfaction"
Smart Value Products And Services,4.0,FMCG,"Company Culture, Work Life Balance, Skill Development"
ICRA,3.2,Financial Services,"Promotions, Company Culture, Skill Development"
Techno Electric & Engineering Company,3.9,Engineering & Construction,"Job Security, Salary"
Ambey Mining,3.3,Metals & Mining,"Promotions, Salary, Work Satisfaction"
SS Supply Chain Solutions,3.5,IT Services & Consulting,"Job Security, Promotions, Company Culture"
POSCO MAHARASHTRA STEEL,4.3,Iron & Steel,"Job Security, Company Culture, Work Life Balance"
Advance India Projects,4.3,Real Estate,"Work Life Balance, Company Culture, Job Security"
ecare India,3.8,Analytics & KPO,"Job Security, Work Life Balance, Skill Development"
Mukand Limited,3.6,Iron & Steel,"Promotions, Job Security, Salary"
Nippon Audiotronix,3.4,Automobile,"Job Security, Promotions, Skill Development"
Rochem Separation Systems,3.7,Industrial Machinery,Job Security
Bandhan KOnnagar,3.3,Non-Profit,"Job Security, Promotions, Company Culture"
MN Dastur & Company,3.8,Metals & Mining,"Company Culture, Work Life Balance, Work Satisfaction"
Wika Instruments India,4.0,Industrial Machinery,"Job Security, Work Life Balance, Company Culture"
Cogito Tech,2.7,IT Services & Consulting,"Promotions, Company Culture, Job Security"
Anand Rathi Share and Stock Brokers Ltd,3.4,Financial Services,"Promotions, Work Satisfaction, Salary"
Toyota Tsusho,3.8,Metals & Mining,"Job Security, Salary"
InnovationM,3.8,IT Services & Consulting,"Work Life Balance, Work Satisfaction, Promotions"
IT By Design,3.0,IT Services & Consulting,"Promotions, Work Satisfaction, Job Security"
Amrita Institute of Medical Sciences and Research,3.9,Healthcare,Skill Development
Hardcastle Restaurants,3.8,Hospitality,Skill Development
Murugappa Group,3.9,Agro Chemicals,Promotions
Veer-O-- Metals,4.1,Industrial Machinery,"Company Culture, Work Life Balance, Skill Development"
Slr Metaliks,3.9,Iron & Steel,"Job Security, Work Life Balance, Skill Development"
Home Centre,3.9,Furniture & Furnishing,Job Security
Arena Animation,3.5,Education & Training,"Promotions, Salary, Job Security"
OSB India,3.5,Financial Services,Work Life Balance
Ocrolus East,3.2,FinTech,"Job Security, Skill Development, Promotions"
Sakata Inx,3.9,Chemicals,"Job Security, Work Life Balance"
Bajaj Energy,4.2,Power,"Job Security, Work Life Balance, Company Culture"
TJSB Sahakari Bank,3.7,Banking,Job Security
KHY ELECTRONIC,3.9,Noida +14 other locations,"Skill Development, Work Life Balance, Work Satisfaction"
Karvy Financial Services,3.7,Financial Services,Work Life Balance
Karvy Financial Services,3.7,Financial Services,Work Life Balance
Lloyds Technology Centre,3.5,IT Services & Consulting,Work Life Balance
Milky Mist Dairy Food,3.9,Food Processing,Salary
FOX Solutions,3.6,Industrial Machinery,Job Security
Aurigene Oncology Limited,4.2,Biotechnology,"Company Culture, Work Life Balance, Job Security"
Cavisson Systems,2.2,IT Services & Consulting,"Salary, Company Culture, Promotions"
Thomson Digital,3.7,Printing & Publishing,"Work Life Balance, Salary"
ICFAI Business School,3.3,Education & Training,"Promotions, Skill Development, Work Satisfaction"
Shreya Life Sciences,3.9,Pharma,"Work Life Balance, Work Satisfaction, Job Security"
National Institute for Smart Government,3.7,Management Consulting,Work Life Balance
STYLAM Industries,3.4,Engineering & Construction,Salary
Wallace Pharmaceuticals,3.7,Pharma,"Promotions, Job Security, Skill Development"
Amnex Infotechnologies,3.9,IT Services & Consulting,"Company Culture, Work Life Balance"
Autodesk,3.9,Software Product,"Company Culture, Work Life Balance, Salary"
McAfee,3.6,Software Product,"Work Life Balance, Salary"
Nilons Enterprises,3.9,Food Processing,"Promotions, Job Security"
OneAssist Consumer Solutions,4.0,Financial Services,"Company Culture, Work Life Balance, Salary"
Allanasons,4.0,Food Processing,Salary
Verse Innovation,3.4,Internet,"Job Security, Promotions, Skill Development"
Vision Rx Lab,3.9,Medical Equipment,Promotions
Allanasons,4.0,Food Processing,Salary
Black Box Limited,2.8,IT Services & Consulting,"Promotions, Company Culture, Work Satisfaction"
Verse Innovation,3.4,Internet,"Job Security, Promotions, Skill Development"
J.M Baxi & Co,3.8,Ports & Shipping,Job Security
Knowledge Splice Services pvt ltd.,3.1,BPO,"Promotions, Company Culture, Salary"
Kd Logistics,3.7,Logistics,"Promotions, Salary"
Decorpot,2.8,Architecture & Interior Design,"Promotions, Work Satisfaction, Company Culture"
Calpion Software Technologies,3.4,IT Services & Consulting,"Promotions, Work Satisfaction, Skill Development"
Munjal Auto Industries,3.4,Auto Components,"Promotions, Company Culture, Job Security"
NOVO Medisciences,4.0,Pharma,"Skill Development, Salary, Company Culture"
Nature's Basket,3.7,Internet,"Promotions, Work Satisfaction"
Liugong India,3.3,Engineering & Construction,"Company Culture, Work Satisfaction, Skill Development"
Sam India Built Well,3.4,Engineering & Construction,"Company Culture, Job Security, Promotions"
Banswara Syntex,3.8,Fashion & Textile,"Job Security, Work Life Balance, Company Culture"
IM Gears,3.6,Auto Components,"Promotions, Job Security, Salary"
Onida,3.6,Consumer Electronics & Appliances,"Promotions, Salary, Skill Development"
Pepe Jeans,4.0,Fashion & Textile,"Work Life Balance, Company Culture, Skill Development"
Softtek,3.8,IT Services & Consulting,"Work Life Balance, Company Culture"
Quintessence Business Solutions & Services,3.8,Analytics & KPO,"Company Culture, Job Security, Skill Development"
Dotsquares,2.6,IT Services & Consulting,"Company Culture, Promotions, Job Security"
Velnik India,3.2,Beauty & Personal Care,"Job Security, Promotions, Company Culture"
HostBooks,3.0,Software Product,"Work Satisfaction, Job Security, Promotions"
Hamleys,3.7,Retail,Job Security
Centillion Networks,3.6,Telecom,"Promotions, Company Culture, Salary"
Uniqlo,2.7,Fashion & Textile,"Promotions, Work Life Balance, Work Satisfaction"
Star Wire India,4.0,Industrial Machinery,"Work Life Balance, Work Satisfaction, Job Security"
Hughes Systique Corporation,3.6,Emerging Technologies,"Job Security, Work Life Balance"
Msi Services,3.8,IT Services & Consulting,Job Security
BYJU'S Exam Prep,3.7,EdTech,"Job Security, Promotions"
ISMT,3.8,Iron & Steel,"Promotions, Salary, Company Culture"
Dahua Technology India Pvt.Ltd.,3.5,IT Services & Consulting,"Job Security, Promotions, Company Culture"
Unicorn Infosolutions,3.2,Retail,"Company Culture, Promotions, Work Satisfaction"
Indira Gandhi International Airport,3.8,Urban Transport,"Work Life Balance, Job Security"
KnowledgeHut,4.4,EdTech,"Company Culture, Work Life Balance, Work Satisfaction"
Jbm Auto Components,3.8,Auto Components,Job Security
Shyam Indus Power Solutions,3.7,Power,"Promotions, Salary"
NAFFCO,3.1,Law Enforcement & Security,"Promotions, Company Culture, Work Satisfaction"
Jayashree Polymers,3.8,Auto Components,"Promotions, Company Culture"
MSPL,4.2,Metals & Mining,"Work Life Balance, Company Culture, Job Security"
Hudson's Bay Company,3.9,Retail,"Work Life Balance, Company Culture, Salary"
BHIVE Workspace,4.6,Real Estate,"Company Culture, Work Life Balance, Work Satisfaction"
Hudson's Bay Company,3.9,Retail,"Work Life Balance, Company Culture, Salary"
Suntory Global Spirits India,4.0,Beverage,"Work Life Balance, Salary, Company Culture"
Phoenix Contact,4.0,Electronics Manufacturing,"Work Life Balance, Job Security"
Karuna Management Services,3.4,Retail,"Promotions, Company Culture, Work Satisfaction"
Bharat Dynamics,4.4,Defence & Aerospace,"Work Life Balance, Company Culture, Work Satisfaction"
Global Opportunities,4.1,EdTech,"Work Life Balance, Skill Development, Salary"
Concentrix Catalyst,3.1,IT Services & Consulting,"Promotions, Skill Development, Work Satisfaction"
Rupa,3.6,Fashion & Textile,"Promotions, Company Culture, Work Satisfaction"
Bonn Group,3.8,Food Processing,Promotions
Property Solutions,3.9,Facility Management Services,"Promotions, Job Security"
Kaleesuwari Refinery,3.9,Food Processing,"Work Life Balance, Skill Development, Salary"
Cholamandalam Securities,3.6,Financial Services,"Job Security, Promotions"
Worldline Global Services,3.8,IT Services & Consulting,Work Life Balance
Katerra,3.5,Engineering & Construction,"Job Security, Promotions, Company Culture"
Healthium Medtech,3.5,Medical Equipment,"Promotions, Job Security, Work Satisfaction"
Diya Systems,3.2,BPO,"Promotions, Salary, Work Satisfaction"
Nissin Brake,4.3,Auto Components,"Work Life Balance, Job Security, Company Culture"
RACL Geartech,4.3,Auto Components,"Job Security, Work Life Balance, Company Culture"
Eye-Q Super Speciality Eye Hospitals,3.4,Healthcare,"Promotions, Job Security, Salary"
ICICI Direct,4.0,Financial Services,"Job Security, Work Life Balance, Company Culture"
Danfoss Power Solutions,3.9,Power,"Company Culture, Work Life Balance"
TimesPro,3.6,Education & Training,"Promotions, Company Culture, Work Satisfaction"
Boston Scientific,4.0,Healthcare,"Work Life Balance, Company Culture, Salary"
Ador Welding,3.9,Industrial Machinery,"Work Life Balance, Company Culture, Job Security"
Impelsys,3.0,IT Services & Consulting,"Promotions, Job Security, Salary"
Delhi Duty Free Services,3.6,Retail,"Promotions, Company Culture, Work Satisfaction"
Servotech Renewable Power System Ltd.,3.5,Power,"Promotions, Company Culture, Work Satisfaction"
Presto Infosolutions,2.8,Hardware & Networking,"Promotions, Job Security, Skill Development"
Microsense,3.6,IT Services & Consulting,"Promotions, Salary, Skill Development"
Vanderlande Industries,3.8,Industrial Automation,"Work Life Balance, Company Culture, Job Security"
Drydocks World Dubai,3.9,Ports & Shipping,"Company Culture, Work Life Balance, Job Security"
Citrix,3.2,Software Product,"Job Security, Promotions, Company Culture"
Blenheim Chalcot,2.7,IT Services & Consulting,"Job Security, Promotions, Company Culture"
Soma Enterprises,4.5,Engineering & Construction,"Work Satisfaction, Job Security, Skill Development"
Suburban Diagnostics,3.9,Healthcare,Skill Development
Metric Stream Infotech,3.1,Internet,"Job Security, Promotions, Salary"
Riviera Infraprojects,4.1,Engineering & Construction,"Salary, Work Life Balance, Skill Development"
Isc Projects,3.9,Engineering & Construction,Salary
AIS Glass Solutions,3.7,Building Material,"Job Security, Skill Development"
Gap,3.6,Retail,Work Life Balance
Vcs Quality Services,3.8,Oil & Gas,Work Life Balance
IPROCESS BUSINESS SOLUTIONS,3.9,EdTech,"Company Culture, Work Life Balance, Job Security"
Chain-Sys,3.0,IT Services & Consulting,"Company Culture, Promotions, Work Satisfaction"
Cholamandalam MS Risk Services,3.6,Management Consulting,"Promotions, Job Security, Work Life Balance"
Varmora Granito,4.0,Building Material,Work Life Balance
Isc Projects,3.9,Engineering & Construction,Salary
AIS Glass Solutions,3.7,Building Material,"Job Security, Skill Development"
CPM India Sales & Marketing,4.1,Marketing & Advertising,"Work Life Balance, Work Satisfaction, Company Culture"
Spectranet,3.7,Telecom,"Promotions, Work Satisfaction, Job Security"
Apollo Diagnostics,4.0,Healthcare,"Company Culture, Work Life Balance, Job Security"
Wartsila,4.1,Ports & Shipping,"Work Life Balance, Company Culture, Work Satisfaction"
SasMos HET Technologies,3.5,Electrical Equipment,"Promotions, Salary, Company Culture"
First Flight Couriers,4.1,Logistics,"Skill Development, Salary, Work Life Balance"
Saregama India,3.9,Media & Entertainment,Work Life Balance
ScoreMe Solutions,3.0,Software Product,"Company Culture, Work Satisfaction, Job Security"
Lumax Auto Technologies Ltd,4.2,Auto Components,"Job Security, Company Culture, Work Life Balance"
International Flavors & Fragrances,3.8,Chemicals,"Work Life Balance, Job Security"
Dover India,3.9,Industrial Machinery,"Work Life Balance, Company Culture, Job Security"
Adani Realty,3.7,Real Estate,"Work Life Balance, Salary"
Bacancy Technology,3.9,IT Services & Consulting,"Work Life Balance, Company Culture, Work Satisfaction"
Saregama India,3.9,Media & Entertainment,Work Life Balance
International Flavors & Fragrances,3.8,Chemicals,"Work Life Balance, Job Security"
Shaily Engineering Plastics Ltd,4.0,Industrial Machinery,"Job Security, Salary"
Orient Paper Mill,4.4,Pulp & Paper,"Job Security, Work Life Balance, Work Satisfaction"
Vialto Partners,2.9,Management Consulting,"Promotions, Work Satisfaction, Job Security"
Online Legal India,4.4,Other,"Work Life Balance, Skill Development, Company Culture"
Ketto,4.3,Internet,"Work Life Balance, Company Culture, Work Satisfaction"
Credit Saison India,3.7,NBFC,Salary
HYUNDAI TRANSYS INDIA,3.8,Auto Components,"Promotions, Job Security, Salary"
RentoMojo,3.7,Internet,"Promotions, Company Culture"
Shriram Chits,3.8,Financial Services,"Job Security, Work Life Balance"
Popular Vehicles and Services,3.7,Automobile,"Company Culture, Job Security"
Atul Auto,3.7,Automobile,"Job Security, Promotions, Salary"
Solartis Technology Services,3.5,IT Services & Consulting,"Promotions, Salary, Skill Development"
Keka Technologies,3.1,Software Product,"Promotions, Work Satisfaction, Company Culture"
ABP Group,3.3,Printing & Publishing,"Promotions, Work Satisfaction, Job Security"
Clifford Chance,3.6,Legal,"Promotions, Skill Development, Work Satisfaction"
Sanghvi Movers,4.4,Industrial Machinery,"Company Culture, Skill Development, Work Life Balance"
Anupam Rasayan India,3.7,Chemicals,Job Security
Samarth LifeSciences,3.5,Pharma,"Promotions, Skill Development, Work Satisfaction"
Centific,3.4,IT Services & Consulting,Work Life Balance
Everest Fleet,3.0,Urban Transport,"Promotions, Work Satisfaction, Job Security"
JM Financial Home Loans,3.9,NBFC,"Company Culture, Salary, Work Life Balance"
kipi.ai,3.6,IT Services & Consulting,"Skill Development, Company Culture, Salary"
Lanco Infratech,4.3,Engineering & Construction,"Work Satisfaction, Skill Development, Company Culture"
1K Networks,3.3,Retail,"Job Security, Promotions, Company Culture"
SpeedLabs,4.3,EdTech,"Work Life Balance, Company Culture, Work Satisfaction"
Kangaro Industries,3.5,Retail,Job Security
Infineon Technologies,3.7,Electronics Manufacturing,Work Life Balance
Tablets (India),3.8,Pharma,Work Life Balance
INDIAN PUBLIC SCHOOL,3.8,Education & Training,Work Life Balance
Meghalaya Cements,4.1,Building Material,"Work Life Balance, Job Security, Company Culture"
Sanmarg Projects,3.8,Oil & Gas,"Work Life Balance, Company Culture, Work Satisfaction"
Eastern Software Solutions Pvt. Ltd,3.9,IT Services & Consulting,Skill Development
Nippon Express,3.8,Logistics,Work Life Balance
Essae Teraoka,3.5,Electronics Manufacturing,"Promotions, Salary, Work Life Balance"
SHL,3.3,Software Product,"Promotions, Skill Development, Work Satisfaction"
Nexval Infotech,2.7,IT Services & Consulting,"Promotions, Job Security, Skill Development"
Southern Petrochemical Industries Corporation,3.5,Agro Chemicals,"Job Security, Skill Development"
EGIS,3.9,Power,"Work Life Balance, Salary, Company Culture"
Pitambari Products,4.1,FMCG,"Work Life Balance, Salary, Company Culture"
Malladi Drugs & Pharmaceuticals,3.6,Pharma,Job Security
SMR Automotive Systems India,3.7,Auto Components,Job Security
PEARCE SERVICES,3.2,Telecom,"Job Security, Promotions, Company Culture"
Ahana Systems & Solutions,3.7,IT Services & Consulting,"Promotions, Salary"
Jspiders,3.6,Education & Training,"Salary, Job Security, Promotions"
Agappe Diagnostics,4.3,Medical Equipment,"Skill Development, Company Culture, Salary"
Faber India,4.2,Consumer Electronics & Appliances,"Work Life Balance, Company Culture, Job Security"
Bajaj Finserv Health,3.5,Internet,Job Security
STT Global Data Centres India,3.9,IT Services & Consulting,"Work Life Balance, Job Security, Skill Development"
Hetero Biopharma,3.8,Pharma,Job Security
JMR Infotech,4.1,IT Services & Consulting,"Job Security, Company Culture, Work Life Balance"
Calsonic Kansei Motherson Auto Products,4.0,Auto Components,"Job Security, Work Life Balance, Company Culture"
Mindfire Solutions,4.0,IT Services & Consulting,"Company Culture, Work Life Balance"
Cremica Food Industries,3.6,Food Processing,"Promotions, Company Culture, Work Satisfaction"
Tata Green Batteries,,Auto Components,"Work Life Balance, Job Security"
HM Group,4.5,Real Estate,"Company Culture, Work Life Balance, Work Satisfaction"
Levelshift,3.5,IT Services & Consulting,"Promotions, Company Culture, Work Satisfaction"
Freelancer.com,4.1,Bengaluru +42 other locations,"Skill Development, Work Life Balance, Work Satisfaction"
CGM ARIA Health Services,3.6,Software Product,"Promotions, Job Security"
Immacule Life Sciences,3.1,Pharma,"Company Culture, Work Life Balance, Work Satisfaction"
American Express Global Business Travel,4.0,Travel & Tourism,"Work Life Balance, Job Security, Company Culture"
Rimjhim Ispat,3.4,Iron & Steel,"Promotions, Company Culture, Job Security"
Zee Media Corporation,3.3,Broadcasting,"Promotions, Salary, Job Security"
iServeU,4.0,FinTech,"Skill Development, Work Life Balance, Work Satisfaction"
HyScaler,4.2,IT Services & Consulting,"Skill Development, Work Satisfaction, Company Culture"
WeRize,3.4,Financial Services,"Promotions, Company Culture, Work Life Balance"
Shakambhari Ispat & Power,3.7,Power,"Promotions, Salary, Work Satisfaction"
Protean eGov Technologies,3.3,IT Services & Consulting,"Promotions, Skill Development, Work Satisfaction"
Arrow Electronics,4.1,Electronics Manufacturing,"Job Security, Work Life Balance, Company Culture"
Naandi Foundation,3.8,Non-Profit,"Salary, Work Satisfaction"
Bacardi,3.8,Beverage,Salary
HDFC Credila Financial Services,3.7,Financial Services,Salary
Altruist Customer Management India,4.0,BPO,"Company Culture, Work Life Balance, Work Satisfaction"
Fourrts,4.1,Pharma,"Work Life Balance, Job Security, Work Satisfaction"
Enzene Biosciences,3.8,Biotechnology,"Company Culture, Work Life Balance"
Indian Molasses Company,3.9,Ports & Shipping,"Job Security, Work Life Balance"
Imperative Business Ventures,3.6,IT Services & Consulting,Company Culture
Data Marshall,3.3,Analytics & KPO,"Promotions, Company Culture, Work Satisfaction"
Borgwarner Emission System,3.7,Auto Components,"Promotions, Job Security, Salary"
Sigachi Industries,3.7,Pharma,Promotions
Sunteck Realty,3.4,Real Estate,"Company Culture, Work Satisfaction, Promotions"
Busibud,3.5,Emerging Technologies,"Job Security, Company Culture, Salary"
Jetking Infotrain,3.8,Education & Training,"Work Life Balance, Skill Development"
MetroTelworks,3.7,Telecom,"Job Security, Promotions, Skill Development"
Sumadhura Infracon,4.0,Real Estate,"Job Security, Salary, Work Life Balance"
Battery Smart,3.3,Auto Components,"Job Security, Promotions, Company Culture"
Aurangabad Electricals,3.8,Auto Components,"Promotions, Company Culture, Work Life Balance"
Kirloskar Electric Company,3.7,Electrical Equipment,"Work Life Balance, Job Security"
National Institute of Technology,4.3,Education & Training,"Work Life Balance, Skill Development, Work Satisfaction"
Sonata Finance,4.1,Financial Services,"Company Culture, Work Life Balance, Job Security"
Fexprime Finance,4.5,Financial Services,"Company Culture, Work Life Balance, Work Satisfaction"
Qualys,3.4,IT Services & Consulting,"Promotions, Job Security, Company Culture"
Powerica,3.8,Industrial Machinery,"Company Culture, Promotions, Skill Development"
IDP IELTS,3.3,Education & Training,"Promotions, Job Security, Company Culture"
MosChip Technologies,3.7,Semiconductors,Job Security
Gupshup,2.9,IT Services & Consulting,"Job Security, Promotions, Company Culture"
Shivalaya Construction,4.1,Engineering & Construction,"Salary, Work Life Balance, Work Satisfaction"
Doubtnut,3.4,EdTech,"Job Security, Promotions, Work Satisfaction"
Avanze Technologies,3.5,IT Services & Consulting,"Promotions, Salary, Job Security"
ERA Group,3.6,Power,"Job Security, Work Satisfaction, Promotions"
Terex,3.8,Industrial Machinery,Work Life Balance
FICO,3.2,Software Product,"Job Security, Work Satisfaction, Promotions"
Consolidated Construction Consortium,4.0,Engineering & Construction,"Work Satisfaction, Skill Development, Company Culture"
Kelly Services,4.0,Recruitment,"Work Life Balance, Company Culture, Work Satisfaction"
Asian Heart Institute,4.1,Healthcare,"Skill Development, Company Culture, Job Security"
Steel Infra Solutions,3.6,Bhilai Nagar +20 other locations,"Promotions, Company Culture, Work Satisfaction"
MindCraft Software,3.5,IT Services & Consulting,"Promotions, Salary, Job Security"
Kisna Diamonds - HK Jewels,3.3,Jewellery,"Promotions, Work Satisfaction, Job Security"
SUN Mobility,3.9,Automobile,"Company Culture, Work Life Balance, Salary"
NEC Software Solutions,3.8,IT Services & Consulting,"Work Life Balance, Company Culture"
Niyo,3.7,FinTech,"Promotions, Company Culture, Job Security"
Confederation of Indian Industry,3.2,Non-Profit,"Promotions, Work Satisfaction, Skill Development"
Venkateshwar Hospital,3.5,Healthcare,"Promotions, Company Culture, Job Security"
Indo Count Industries,3.6,Fashion & Textile,"Promotions, Company Culture, Work Satisfaction"
Hema Engineering Industries,4.0,Auto Components,"Work Satisfaction, Company Culture, Skill Development"
Vantive,4.5,Healthcare,"Company Culture, Work Life Balance, Work Satisfaction"
Indian Institute of Science,4.2,Education & Training,"Skill Development, Work Life Balance, Work Satisfaction"
Reliance resQ,3.9,Other,"Skill Development, Company Culture, Work Life Balance"
Apex CoVantage,3.1,IT Services & Consulting,"Promotions, Salary, Skill Development"
Meenakshi Polymers,3.5,Auto Components,"Promotions, Job Security, Salary"
Electronic Arts,3.8,Gaming,"Work Life Balance, Company Culture"
Diamondpick,3.8,Recruitment,Company Culture
Polyplex,3.9,Packaging,"Job Security, Company Culture, Work Life Balance"
Infrastructure Leasing & Financial Services,4.0,Engineering & Construction,"Company Culture, Work Life Balance, Work Satisfaction"
Kosamattam Finance,3.8,NBFC,Work Life Balance
Bhash Software Labs,4.5,Software Product,"Company Culture, Work Life Balance, Skill Development"
UBI Services,3.7,Banking,Work Life Balance
Locuz Enterprise Solutions,3.7,IT Services & Consulting,"Promotions, Work Satisfaction, Skill Development"
Operational Energy Group India,3.9,Power,"Skill Development, Work Life Balance, Work Satisfaction"
Toyota Material Handling,3.7,Industrial Machinery,Salary
Personiv,3.7,BPO,Company Culture
MAN Truck & Bus,2.7,Automobile,"Promotions, Work Satisfaction, Skill Development"
Amber,4.0,Internet,"Company Culture, Work Life Balance, Work Satisfaction"
Keihin Fie,4.5,Auto Components,"Work Life Balance, Company Culture, Salary"
AirAsia,3.3,Aviation,"Promotions, Work Satisfaction, Salary"
Sir Ganga Ram Hospital,3.9,Healthcare,"Job Security, Work Life Balance, Skill Development"
Olyv,4.2,FinTech,"Company Culture, Work Life Balance, Job Security"
Forvia,3.6,Auto Components,"Promotions, Salary, Work Satisfaction"
Superhouse,3.3,Leather,"Promotions, Job Security, Salary"
Weblink In,4.2,IT Services & Consulting,"Company Culture, Work Life Balance, Job Security"
Synergy Maritime,4.0,Ports & Shipping,"Company Culture, Work Life Balance, Job Security"
Olyv,4.2,FinTech,"Company Culture, Work Life Balance, Job Security"
Amantya Technologies,3.9,IT Services & Consulting,"Salary, Work Life Balance, Promotions"
Apna,3.2,Recruitment,"Job Security, Promotions, Work Satisfaction"
Forvia,3.6,Auto Components,"Promotions, Salary, Work Satisfaction"
Armstrong Robotics & Technologies Private Limited,3.8,Industrial Automation,Skill Development
Century Pulp & Paper,3.8,Pulp & Paper,"Job Security, Work Life Balance"
Nestaway,3.2,Internet,"Job Security, Promotions, Skill Development"
Teachmint,4.1,EdTech,"Company Culture, Work Life Balance, Salary"
Eastman Chemical Company,3.8,Chemicals,"Work Life Balance, Company Culture"
ARCIS e Services,3.5,BPO,Job Security
Muthoot Money,4.1,NBFC,"Company Culture, Work Life Balance, Job Security"
Smart Chip,4.0,Electronics Manufacturing,"Work Life Balance, Company Culture, Work Satisfaction"
RM Education Solutions,3.2,IT Services & Consulting,"Job Security, Promotions, Skill Development"
Technique Control Facility Management,3.8,Facility Management Services,"Skill Development, Salary"
ISS SDB Security Services,4.0,Facility Management Services,"Work Life Balance, Work Satisfaction, Job Security"
Sterling and Wilson Renewable Energy,4.2,Power,"Job Security, Work Life Balance, Skill Development"
Tatva Chintan Pharma Chem,3.5,Pharma,"Promotions, Company Culture, Work Life Balance"
Azad Engineering,3.8,Engineering & Construction,Salary
PaySquare Consultancy,3.7,Recruitment,"Promotions, Salary"
Madhu Jayanti International,3.6,FMCG,"Promotions, Company Culture, Work Satisfaction"
Shriram Properties,4.0,Real Estate,"Company Culture, Job Security, Salary"
PurpleTalk,3.7,IT Services & Consulting,"Promotions, Salary"
Roche Diagnostics,3.8,Pharma,Salary
TourTravelWorld.Com,4.9,Internet,"Company Culture, Work Satisfaction, Job Security"
Sun TV Network,3.7,Media & Entertainment,"Job Security, Work Life Balance"
Manipal University,3.8,Education & Training,"Work Life Balance, Job Security, Company Culture"
Olam Group,3.7,FMCG,Job Security
Think Future Technologies,4.4,IT Services & Consulting,"Work Life Balance, Company Culture, Work Satisfaction"
Rossell Techsys,4.1,Defence & Aerospace,"Job Security, Company Culture, Skill Development"
Interocean Group,4.2,Ports & Shipping,"Job Security, Company Culture, Work Life Balance"
Enpro Industries,4.3,Industrial Machinery,"Company Culture, Work Life Balance, Job Security"
ACN Health care,3.2,BPO,"Promotions, Work Satisfaction, Skill Development"
Ribbon Communication,3.9,Hardware & Networking,"Company Culture, Work Life Balance"
DataTrained,3.4,EdTech,"Job Security, Work Life Balance, Work Satisfaction"
Essel Mining & Industries,4.1,Metals & Mining,"Job Security, Company Culture, Work Life Balance"
Brink's,4.0,Logistics,"Company Culture, Work Life Balance"
TowerVision India,4.3,Telecom,"Work Life Balance, Company Culture, Salary"
Baoiam Innovations,4.5,EdTech,"Company Culture, Work Life Balance, Work Satisfaction"
Mouser,3.4,Semiconductors,"Promotions, Skill Development, Work Satisfaction"
SKETS Studio,4.0,Architecture & Interior Design,"Job Security, Salary, Company Culture"
Pfizer Healthcare india pvt lit,3.8,Pharma,"Work Life Balance, Company Culture"
Government of Maharashtra,4.1,Government,"Work Life Balance, Work Satisfaction, Job Security"
Jeena Sikho Lifecare,3.7,Healthcare,"Promotions, Salary"
Befree,3.3,BPO,"Promotions, Salary, Work Satisfaction"
MMC Infotech Services,3.5,IT Services & Consulting,"Promotions, Salary, Company Culture"
Bihar Rural Livelihoods Promotion Society,3.8,Non-Profit,"Promotions, Job Security"
Perfios Software Solutions,3.5,FinTech,"Promotions, Work Satisfaction, Skill Development"
OnProcess Technology,3.8,Software Product,Work Life Balance
Asia-Pacific Institute of Management,3.4,Education & Training,"Job Security, Promotions, Salary"
Butterfly Gandhimathi Appliances,3.8,Consumer Electronics & Appliances,Work Life Balance
Classplus,3.5,Software Product,"Job Security, Work Life Balance, Promotions"
Sentiss Pharma,3.7,Pharma,"Job Security, Promotions, Work Satisfaction"
Lipi Data Systems,3.8,Printing & Publishing,Work Life Balance
JRG Automotive india,3.1,Auto Components,"Job Security, Company Culture, Work Life Balance"
Elcamino Software,3.2,BPO,"Promotions, Company Culture, Skill Development"
Himalaya Opticals,4.3,Retail,"Job Security, Work Life Balance, Company Culture"
Radium Creation,3.8,Jewellery,Salary
Regalo Kitchens,3.9,Architecture & Interior Design,"Salary, Skill Development, Company Culture"
Profectus Capital,4.3,NBFC,"Work Life Balance, Salary, Company Culture"
Riddhi Corporate Services,3.9,IT Services & Consulting,"Work Life Balance, Work Satisfaction"
S G Encon,3.5,Engineering & Construction,"Promotions, Salary, Company Culture"
99acres,3.6,Internet,"Promotions, Work Satisfaction, Skill Development"
Bajaj Hindusthan,4.3,Food Processing,"Job Security, Work Life Balance, Company Culture"
InKnowTech,3.0,IT Services & Consulting,"Promotions, Salary, Work Satisfaction"
Vesuvius,3.7,Industrial Machinery,Salary
Schneider Electric Infrastructure,4.2,Electrical Equipment,"Company Culture, Work Life Balance, Job Security"
Alchem International,3.7,Pharma,Salary
Nalco water,3.7,Waste Management,"Promotions, Work Satisfaction, Company Culture"
Spectraforce Technologies,2.8,Recruitment,"Work Satisfaction, Promotions, Work Life Balance"
Niit Foundation,3.9,Education & Training,"Skill Development, Company Culture, Work Life Balance"
Star Hospitals,4.0,Healthcare,"Work Life Balance, Skill Development, Job Security"
Taggd,3.8,Recruitment,Company Culture
Vacmet India,4.2,Packaging,"Job Security, Work Life Balance, Salary"
Origo Commodities,3.6,Agriculture,"Promotions, Job Security, Salary"
Gionee,4.6,Consumer Electronics & Appliances,"Skill Development, Company Culture, Work Life Balance"
Ajio Business,3.7,Fashion & Textile,"Promotions, Job Security, Work Satisfaction"
GyanSys Inc,3.1,IT Services & Consulting,"Company Culture, Job Security, Work Satisfaction"
Arun Excello,4.2,Engineering & Construction,"Company Culture, Work Life Balance, Work Satisfaction"
Walchandnagar Industries,3.3,Industrial Machinery,"Promotions, Salary, Company Culture"
Quantzig,4.4,Analytics & KPO,"Salary, Work Life Balance, Promotions"
Aqualite India,3.7,Fashion & Textile,Salary
Vacmet India,4.2,Packaging,"Job Security, Work Life Balance, Salary"
Wishfin,3.2,Financial Services,"Promotions, Job Security, Salary"
Nandan Petrochem,3.7,Petrochemicals,Promotions
AvenData GmbH,3.8,IT Services & Consulting,"Salary, Work Life Balance"
Intech Organics,2.9,Agro Chemicals,"Job Security, Promotions, Company Culture"
Hitachi Astemo Rajasthan Brake Systems,4.3,Auto Components,"Company Culture, Work Life Balance, Job Security"
SMS Limited,4.2,Engineering & Construction,"Work Life Balance, Job Security, Company Culture"
Tata Sikorsky Aerospace,3.7,Defence & Aerospace,Job Security
The Louis Berger Group,4.4,Engineering & Construction,"Work Life Balance, Company Culture, Salary"
MM Forgings,3.3,Iron & Steel,"Promotions, Salary, Company Culture"
Cargo Service Center India,3.9,Logistics,Skill Development
Century Enka,4.0,Fashion & Textile,"Job Security, Skill Development, Company Culture"
Adani Airport Holdings,3.0,Aviation,"Promotions, Company Culture, Work Satisfaction"
Grauer & Weil (i),3.2,Chemicals,"Promotions, Skill Development, Work Satisfaction"
Ujala Cygnus,3.7,Healthcare,"Promotions, Salary, Job Security"
Ginesys,3.6,Software Product,"Promotions, Salary"
Ginesys,3.6,Software Product,"Promotions, Salary"
CohnReznick,3.8,Accounting & Auditing,Job Security
Goldstone Cements,3.4,Building Material,"Promotions, Company Culture, Skill Development"
Muthoot Pappachan Group,4.1,Financial Services,"Work Life Balance, Job Security, Company Culture"
Omkar Realtors & Developers,3.8,Real Estate,Company Culture
Gallantt Ispat,3.7,Iron & Steel,"Promotions, Company Culture, Job Security"
Noida Power Company,4.3,Power,"Job Security, Company Culture, Work Life Balance"
Trivium Education Services,3.6,EdTech,Work Life Balance
Sparsh Hospital,3.8,Healthcare,"Promotions, Salary"
Appasamy Associates,3.7,Medical Equipment,"Promotions, Salary, Company Culture"
Pinkerton,3.6,Law Enforcement & Security,"Promotions, Salary, Skill Development"
Numerator,3.9,Marketing & Advertising,"Work Life Balance, Company Culture"
Durian Industries,3.6,Retail,"Promotions, Skill Development, Work Satisfaction"
indiagold,4.6,FinTech,"Company Culture, Work Life Balance, Work Satisfaction"
ONPASSIVE,2.5,IT Services & Consulting,"Promotions, Job Security, Company Culture"
Sundaram Home Finance,4.1,NBFC,"Work Life Balance, Company Culture, Job Security"
Six Phrase,4.0,Coimbatore +16 other locations,"Work Life Balance, Job Security, Skill Development"
Strada,3.6,Financial Services,Job Security
Insecticides India,4.0,Agro Chemicals,"Work Life Balance, Job Security, Work Satisfaction"
Stellar Information Technology,3.6,Software Product,"Promotions, Company Culture, Work Satisfaction"
Vitesco Technologies,4.4,Auto Components,"Company Culture, Job Security, Work Life Balance"
BARC,4.4,Defence & Aerospace,"Work Life Balance, Company Culture, Work Satisfaction"
Honasa Consumer,3.6,Beauty & Personal Care,Salary
Puzzolana Machinery Fabricators,4.1,Industrial Machinery,"Work Life Balance, Job Security"
Terralogic Software Solutions,2.7,IT Services & Consulting,"Salary, Company Culture, Promotions"
Tata nexarc,2.9,Software Product,"Promotions, Job Security, Work Satisfaction"
Adani Solar,3.6,Power,"Work Life Balance, Work Satisfaction, Promotions"
MITA,3.9,Industrial Machinery,"Salary, Work Life Balance"
Karnataka Bank,3.6,Banking,"Job Security, Salary"
Piramal Realty,4.2,Real Estate,"Salary, Company Culture, Work Life Balance"
Siddha Group,3.9,Real Estate,Salary
Latinem,3.7,Real Estate,"Work Life Balance, Salary"
Mantra Technologies,3.6,IT Services & Consulting,"Job Security, Promotions"
Vistra Corporate Services,3.5,Power,"Promotions, Salary, Work Satisfaction"
Reliable Autotech,4.2,Auto Components,"Company Culture, Work Life Balance, Job Security"
JP Infra,3.7,Real Estate,Salary
Roha Dyechem,3.6,Food Processing,"Promotions, Company Culture, Skill Development"
Calderys India Refractories,4.2,Metals & Mining,"Job Security, Company Culture, Work Life Balance"
Kutch Chemical Industries,3.9,Chemicals,"Job Security, Work Life Balance, Work Satisfaction"
Valmet,4.0,Oil & Gas,"Work Life Balance, Company Culture, Job Security"
Flipspaces,3.8,Architecture & Interior Design,Promotions
Kanwar Enterprises,3.5,Engineering & Construction,Job Security
Caplin Point Laboratories,3.4,Pharma,"Job Security, Company Culture, Work Life Balance"
Godrej Capital,3.5,Financial Services,Salary
Policyboss.com,3.0,Insurance,"Company Culture, Job Security, Promotions"
Sgs Tekniks Manufacturing,4.1,Electronics Manufacturing,"Job Security, Skill Development, Company Culture"
Alivira Animal Health,3.9,Pharma,"Work Life Balance, Salary"
Expertise Contracting Company,3.4,Industrial Machinery,"Promotions, Salary, Company Culture"
Ambica Steels,3.4,Metals & Mining,"Promotions, Job Security, Salary"
Evonith Value Steels,4.4,Iron & Steel,"Job Security, Work Life Balance, Company Culture"
Naaptol Online Shopping,3.0,Internet,"Job Security, Promotions, Company Culture"
Augmont Goldtech,4.7,Financial Services,"Company Culture, Work Life Balance, Work Satisfaction"
Yakult Danone India,3.8,Food Processing,"Job Security, Work Life Balance"
Rajiv Gandhi Cancer Institute & Research Centre,3.8,Healthcare,Job Security
Niine,3.7,Beauty & Personal Care,Salary
Matter Motor Works,2.9,Automobile,"Job Security, Promotions, Company Culture"
Suresh Surana & Associates,3.2,Accounting & Auditing,"Promotions, Company Culture, Salary"
Arihant Superstructures,4.0,Real Estate,Work Life Balance
Forbes & Company,3.6,Engineering & Construction,"Promotions, Salary, Skill Development"
Birla Open Minds Education Private Limited,3.1,Education & Training,"Job Security, Promotions, Company Culture"
Al-Yamama Group,3.7,Engineering & Construction,Job Security
Dynamatic Technologies,3.7,Auto Components,Job Security
CloudFoundation,4.8,Hyderabad +10 other locations,"Company Culture, Work Life Balance, Work Satisfaction"
ZIGRAM,3.3,Software Product,"Promotions, Salary, Work Life Balance"
O P Jindal Global University,3.7,Education & Training,Job Security
Tata Boeing Aerospace,3.7,Defence & Aerospace,"Job Security, Skill Development"
StudyIn,3.9,EdTech,Work Life Balance
Indian Railway Catering and Tourism,3.8,Travel & Tourism,Work Life Balance
Vakilsearch,3.8,Legal,
Tata Strive Skill Development Centre,3.9,Education & Training,"Job Security, Skill Development, Company Culture"
Toyotetsu India Auto Parts,3.8,Auto Components,"Promotions, Work Satisfaction"
Escalon Business Services,3.8,Accounting & Auditing,"Company Culture, Work Life Balance, Skill Development"
Medgenome Labs,3.7,Biotechnology,"Job Security, Skill Development"
Dyson,3.6,Consumer Electronics & Appliances,Salary
Pahal Financial Services,4.0,NBFC,"Work Life Balance, Company Culture, Work Satisfaction"
Oriflame India,4.3,Beauty & Personal Care,"Work Life Balance, Company Culture, Work Satisfaction"
Normet,3.9,Industrial Machinery,"Work Life Balance, Salary"
Videocon Industries Ltd.,4.1,Consumer Electronics & Appliances,"Work Life Balance, Company Culture, Work Satisfaction"
JWIL,4.1,Waste Management,"Salary, Work Life Balance, Job Security"
Unison Pharmaceuticals,3.9,Pharma,"Job Security, Work Life Balance, Salary"
EVRY India,4.4,IT Services & Consulting,"Work Life Balance, Company Culture, Work Satisfaction"
Utkarsh Classes,4.1,EdTech,"Company Culture, Work Life Balance, Skill Development"
General Energy Management Systems,3.8,Industrial Machinery,"Job Security, Skill Development"
Seven Hills Hospital,3.9,Healthcare,Work Life Balance
BuildAHome,4.4,Engineering & Construction,"Company Culture, Work Satisfaction, Skill Development"
Kovai Medical Center and Hospital,4.1,Healthcare,"Job Security, Skill Development, Company Culture"
Walking Tree,3.2,IT Services & Consulting,"Job Security, Promotions, Work Satisfaction"
AISECT,3.8,Education & Training,"Work Life Balance, Skill Development"
OmniActive Health Technologies,3.3,Fitness & Wellness,"Promotions, Company Culture, Work Satisfaction"
Epigral,4.0,Chemicals,"Job Security, Work Life Balance"
Eastern Condiments,3.7,FMCG,Promotions
Nilkamal Homes,3.8,Mumbai +69 other locations,Work Life Balance
OneCard,3.2,FinTech,"Promotions, Work Satisfaction, Company Culture"
Eaton Power Quality,4.1,Electronics Manufacturing,"Company Culture, Skill Development, Work Life Balance"
Big C,3.8,Retail,Skill Development
Arrise Bpo Solutions,3.5,BPO,"Promotions, Job Security, Work Satisfaction"
Kinetic Engineering,3.4,Auto Components,"Company Culture, Promotions, Salary"
Snowman Logistics,4.1,Logistics,"Job Security, Company Culture, Work Life Balance"
Hero Electric,4.1,Automobile,"Company Culture, Work Life Balance, Job Security"
L&T Realty,3.4,Real Estate,Job Security
Snowman Logistics,4.1,Logistics,"Job Security, Company Culture, Work Life Balance"
Girlscript Foundation,4.9,Bengaluru +21 other locations,"Company Culture, Work Life Balance, Skill Development"
Gujarat State Fertilizers & Chemicals,4.3,Agro Chemicals,"Work Life Balance, Job Security, Company Culture"
L&T Realty,3.4,Real Estate,Job Security
Objectways Technologies,3.0,IT Services & Consulting,"Promotions, Salary, Skill Development"
Credgenics,4.0,FinTech,"Company Culture, Work Life Balance, Job Security"
SRM Institute of Science and Technology,3.7,Education & Training,"Promotions, Salary"
Don Bosco School,3.5,Education & Training,"Promotions, Job Security, Salary"
Ventra Health,3.2,Analytics & KPO,"Promotions, Skill Development, Company Culture"
Adonmo,4.4,Marketing & Advertising,"Company Culture, Work Life Balance, Work Satisfaction"
East India Udyog,4.0,Electrical Equipment,"Work Life Balance, Salary, Work Satisfaction"
Applus IDIADA,4.0,Auto Components,"Company Culture, Skill Development, Work Life Balance"
Ecolab,3.2,Waste Management,"Promotions, Work Satisfaction, Skill Development"
Toshiba Software India,3.3,IT Services & Consulting,"Skill Development, Work Satisfaction, Promotions"
Netafim Irrigation India,4.0,Industrial Machinery,"Job Security, Company Culture, Work Life Balance"
Rakon,3.7,Electronics Manufacturing,"Job Security, Work Life Balance, Work Satisfaction"
GGS Engineering Services,3.2,Engineering & Construction,"Promotions, Skill Development, Company Culture"
Nalco,4.2,Metals & Mining,"Job Security, Work Life Balance, Salary"
Niwas Housing Finance,4.4,Financial Services,"Company Culture, Work Life Balance, Salary"
SCM Garments,3.7,Fashion & Textile,Job Security
Winjit Technologies,3.5,IT Services & Consulting,"Promotions, Salary, Work Satisfaction"
ICICI Foundation for Inclusive Growth,3.6,Non-Profit,"Promotions, Job Security, Company Culture"
PG Electroplast,4.0,Consumer Electronics & Appliances,"Skill Development, Salary"
Nalco,4.2,Metals & Mining,"Job Security, Work Life Balance, Salary"
Allengers Medical Systems,3.7,Medical Equipment,"Promotions, Work Life Balance, Company Culture"
Sahajanand Medical Technologies,3.4,Medical Equipment,"Promotions, Skill Development, Salary"
Any Brand,4.2,Fashion & Textile,"Company Culture, Work Satisfaction, Job Security"
Amazon Distributors,3.6,New Delhi +38 other locations,"Promotions, Company Culture, Work Satisfaction"
Wilo Mather and Platt Pumps,3.9,Industrial Machinery,"Work Life Balance, Job Security, Company Culture"
AAFT,4.1,EdTech,"Work Life Balance, Company Culture, Work Satisfaction"
Sakra World Hospital,4.0,Healthcare,"Company Culture, Skill Development, Job Security"
Dnata,3.2,Aviation,"Promotions, Work Satisfaction, Company Culture"
HiyaMee Private Limited,2.9,Recruitment,"Job Security, Promotions, Work Life Balance"
Leeford Healthcare,4.2,Pharma,"Salary, Work Life Balance, Company Culture"
Dbs Mintek,3.4,Financial Services,"Promotions, Salary, Work Life Balance"
British Paints,3.8,Chemicals,Salary
Fresenius Medical Care,3.9,Healthcare,"Work Life Balance, Job Security"
Novonesis,3.9,Biotechnology,"Work Life Balance, Company Culture, Skill Development"
Apollo 247,3.3,Healthcare,"Promotions, Company Culture, Work Satisfaction"
Jakson Green,4.3,Noida +44 other locations,"Job Security, Work Life Balance, Salary"
Agilysys Technologies India,3.2,Software Product,Salary
Sundaram Business Services,3.6,BPO,"Job Security, Work Life Balance"
Sonalika Group of Companies,3.7,Automobile,"Work Satisfaction, Promotions, Skill Development"
Anthology,3.4,EdTech,"Promotions, Job Security, Skill Development"
Varite,3.3,IT Services & Consulting,"Promotions, Job Security, Skill Development"
UNICEF,3.9,Non-Profit,"Work Life Balance, Salary"
Shivani Locks,3.7,Industrial Machinery,Promotions
Singareni Collieries Company,4.5,Metals & Mining,"Work Life Balance, Job Security, Work Satisfaction"
Gujarat Gas,3.8,Oil & Gas,"Work Life Balance, Job Security"
Emversity,4.0,Education & Training,"Skill Development, Company Culture, Work Satisfaction"
TP Western Odisha Distribution,3.4,Power,"Promotions, Salary, Work Satisfaction"
Galgotias University,3.6,Education & Training,"Promotions, Job Security, Company Culture"
Trimble,3.9,IT Services & Consulting,"Company Culture, Work Life Balance"
Belstar Investment and Finance,4.1,Investment Banking / Venture Capital / Private Equity,"Work Life Balance, Company Culture, Job Security"
Sony India Software Centre,3.9,IT Services & Consulting,"Company Culture, Work Life Balance"
LIXIL,3.7,Building Material,"Salary, Work Life Balance"
Moveinsync Technology Solutions,3.1,Software Product,"Promotions, Company Culture, Job Security"
Shriram Group,3.9,Financial Services,Promotions
Kunal Structure,3.8,Real Estate,"Work Life Balance, Company Culture, Work Satisfaction"
Maruti Ispat And Pipes,3.8,Iron & Steel,"Salary, Work Life Balance"
Corsearch,3.8,IT Services & Consulting,"Work Life Balance, Company Culture, Work Satisfaction"
Codeyoung,4.0,Bengaluru +7 other locations,"Company Culture, Salary, Work Life Balance"
Teleindia Networks,3.7,Telecom,Company Culture
Vayam Info Solutions,4.0,Recruitment,Work Life Balance
Mercurius Advisory Services,4.5,Accounting & Auditing,"Company Culture, Work Life Balance, Work Satisfaction"
Tractor Junction,4.1,Internet,"Company Culture, Work Life Balance, Work Satisfaction"
Hidden Brains InfoTech,3.5,IT Services & Consulting,"Work Life Balance, Promotions, Company Culture"
Tricon Infra Buildtech pvt.Ltd,3.9,Engineering & Construction,Work Life Balance
Apothecon Pharmaceuticals,4.4,Pharma,"Work Life Balance, Job Security, Company Culture"
Mitsuba Sical,4.0,Auto Components,"Company Culture, Work Life Balance, Job Security"
Danieli,3.7,Industrial Machinery,"Promotions, Company Culture, Salary"
Government of Andhra Pradesh,3.6,Government,"Promotions, Salary, Company Culture"
Cochin Shipyard,4.0,Ports & Shipping,"Work Satisfaction, Skill Development, Company Culture"
Mangalam Cement,3.9,Building Material,"Job Security, Work Life Balance"
i-exceed technology solutions,3.2,FinTech,"Work Life Balance, Work Satisfaction, Company Culture"
Hill International,4.4,Engineering & Construction,"Company Culture, Work Life Balance, Work Satisfaction"
Arrow,4.4,Fashion & Textile,"Job Security, Company Culture, Work Life Balance"
AceCloud by RTDS,4.1,IT Services & Consulting,"Company Culture, Job Security, Salary"
Agrim,3.1,Agriculture,"Job Security, Promotions, Company Culture"
Central Institute of Mining and Fuel Research,3.9,Education & Training,"Work Life Balance, Skill Development"
AceCloud by RTDS,4.1,IT Services & Consulting,"Company Culture, Job Security, Salary"
Mitsubishi Elevators,4.0,Industrial Machinery,"Job Security, Work Life Balance, Company Culture"
Hill International,4.4,Engineering & Construction,"Company Culture, Work Life Balance, Work Satisfaction"
CLR Facility Services,3.7,Facility Management Services,"Promotions, Job Security"
Business for Social Responsibility,3.2,Accounting & Auditing,"Work Life Balance, Promotions, Company Culture"
Amity Software Limited,3.9,Software Product,"Salary, Company Culture, Work Life Balance"
PhyCARE Solutions,3.5,Healthcare,"Job Security, Work Life Balance"
i-exceed technology solutions,3.2,FinTech,"Work Life Balance, Work Satisfaction, Company Culture"
Hindware Home Innovation,3.7,Consumer Electronics & Appliances,"Promotions, Job Security, Skill Development"
Quality Council of India,3.5,New Delhi +29 other locations,"Promotions, Job Security, Salary"
L. V. Prasad Eye Institute,4.2,Healthcare,"Job Security, Company Culture, Skill Development"
ProcMart,3.5,IT Services & Consulting,"Promotions, Work Life Balance, Work Satisfaction"
Meghmani Industries,3.5,Agro Chemicals,"Promotions, Salary, Company Culture"
Ruloans,3.5,Financial Services,"Promotions, Job Security, Salary"
The KCP,4.0,Building Material,"Work Life Balance, Job Security, Skill Development"
Health Prime Services (India),3.4,Medical Equipment,"Promotions, Company Culture, Job Security"
Aditya Infotech,4.3,IT Services & Consulting,"Work Life Balance, Company Culture, Job Security"
Leap Finance,3.1,FinTech,"Job Security, Promotions, Work Satisfaction"
Lenexis Foodworks,3.5,Hospitality,"Promotions, Company Culture, Work Life Balance"
Futurz Staffing Solutions,3.9,Recruitment,"Company Culture, Work Life Balance, Work Satisfaction"
Integra Micro Systems,3.9,Software Product,"Job Security, Work Life Balance"
Valueonshore Advisors,4.1,Management Consulting,"Work Life Balance, Job Security, Skill Development"
Rehau Polymers,3.3,Engineering & Construction,"Promotions, Work Satisfaction, Skill Development"
Searce Cosourcing Services,3.0,IT Services & Consulting,"Promotions, Salary, Company Culture"
Mahagun India,3.1,Real Estate,"Salary, Promotions, Skill Development"
Metro Brands,3.6,Fashion & Textile,"Promotions, Salary, Work Satisfaction"
Aarti Pharmalabs,3.6,Pharma,"Promotions, Company Culture, Work Satisfaction"
Bajel Projects,4.2,Engineering & Construction,"Work Life Balance, Salary, Company Culture"
Vamani Overseas Pvt Ltd,3.6,Fashion & Textile,"Promotions, Job Security, Company Culture"
Hawkins Cookers,3.6,Consumer Electronics & Appliances,"Promotions, Company Culture, Work Life Balance"
PMT Machines,3.2,Industrial Machinery,"Promotions, Company Culture, Work Satisfaction"
The Professional Couriers,3.6,Logistics,"Promotions, Salary, Skill Development"
Dataflow Group,3.0,Law Enforcement & Security,"Promotions, Skill Development, Work Satisfaction"
Globus Infocom,4.1,EdTech,"Salary, Company Culture, Work Life Balance"
Diffusion Engineers,4.0,Industrial Machinery,"Job Security, Work Life Balance"
Fashion TV,3.0,Retail,"Job Security, Promotions, Company Culture"
Indian Oil- Adani Gas,3.8,Oil & Gas,"Job Security, Work Life Balance"
KTL Automobile,3.9,Automobile,Skill Development
Metacube Software,3.9,IT Services & Consulting,"Work Life Balance, Job Security, Company Culture"
Birla Tyres,3.6,Auto Components,"Company Culture, Work Life Balance, Promotions"
Millennium Engineers & Contractors,4.0,Engineering & Construction,"Job Security, Skill Development, Salary"
Maharishi Vidya Mandir,4.0,Education & Training,"Company Culture, Work Life Balance, Job Security"
Globus Infocom,4.1,EdTech,"Salary, Company Culture, Work Life Balance"
Diffusion Engineers,4.0,Industrial Machinery,"Job Security, Work Life Balance"
Mogli labs,3.6,Internet,"Promotions, Job Security, Work Satisfaction"
ITCONS e-Solutions,3.5,IT Services & Consulting,"Promotions, Salary, Job Security"
GMM Pfaudler,3.7,Industrial Machinery,Promotions
CoLive,4.1,Real Estate,"Salary, Company Culture, Work Life Balance"
Mamaearth,3.8,Beauty & Personal Care,Salary
Birla Tyres,3.6,Auto Components,"Company Culture, Work Life Balance, Promotions"
Simpolo Vitrified,4.0,Building Material,"Salary, Company Culture, Work Life Balance"
KiwiTech,3.5,IT Services & Consulting,"Job Security, Promotions, Work Satisfaction"
Reliance Smart Bazaar,3.9,Retail,"Work Life Balance, Job Security, Skill Development"
Central Tool Room & Training Centre,4.1,Industrial Machinery,"Skill Development, Work Life Balance, Company Culture"
Wheels Emi,3.8,Auto Components,"Promotions, Job Security"
IndustryBuying.com,3.5,Internet,"Promotions, Job Security, Skill Development"
Saurav Chemicals,3.5,Agro Chemicals,"Promotions, Work Satisfaction, Skill Development"
Fingent,3.8,Software Product,"Work Life Balance, Company Culture, Work Satisfaction"
Rishabh Software,3.5,IT Services & Consulting,"Promotions, Work Satisfaction, Job Security"
Kwality Pharmaceuticals,3.7,Pharma,Promotions
MEDOPHARM,3.6,Pharma,"Work Life Balance, Job Security"
Shalina Healthcare,3.4,Pharma,"Promotions, Company Culture, Work Satisfaction"
KGK Group,3.1,Jewellery,"Promotions, Company Culture, Work Satisfaction"
Sika,3.8,Chemicals,"Promotions, Company Culture"
Venus Industrial Corporation,3.9,Industrial Machinery,"Promotions, Company Culture, Skill Development"
Burckhardt Compression,4.0,Industrial Machinery,"Company Culture, Work Life Balance, Salary"
Catch Foods,4.1,Food Processing,"Company Culture, Work Life Balance, Skill Development"
JGC Corporation,4.4,Engineering & Construction,"Job Security, Company Culture, Work Life Balance"
Rosenberger Electronic,3.8,Electronics Manufacturing,"Work Life Balance, Work Satisfaction, Job Security"
Super Auto Forge,4.0,Industrial Machinery,"Job Security, Skill Development, Work Life Balance"
ITW India,3.8,Automobile,Promotions
Sangam India,3.8,Fashion & Textile,"Promotions, Salary"
Reliance Cement Company,4.2,Building Material,"Job Security, Work Life Balance, Work Satisfaction"
Cargo Motors,4.0,Automobile,"Work Life Balance, Work Satisfaction"
Shri Bajrang Power & Ispat,3.9,Power,"Job Security, Work Life Balance, Work Satisfaction"
Zee Learn,3.5,Education & Training,"Promotions, Company Culture, Work Satisfaction"
MBD GROUP,3.1,Printing & Publishing,"Promotions, Skill Development, Salary"
RG Stone Urology & Laparoscopy Hospital,3.8,Healthcare,"Job Security, Work Life Balance"
Modi Mundi Pharma,4.0,Pharma,Work Life Balance
Motorola,4.2,Consumer Electronics & Appliances,"Work Life Balance, Company Culture, Work Satisfaction"
Vinove Software & Services,3.4,IT Services & Consulting,"Promotions, Job Security, Salary"
Sila Solutions,3.8,Facility Management Services,"Promotions, Job Security"
YES SECURITIES,3.5,Investment Banking / Venture Capital / Private Equity,"Promotions, Work Satisfaction, Company Culture"
Malabar Group Of Companies,3.7,Jewellery,Job Security
ION Group,2.2,Software Product,"Job Security, Promotions, Company Culture"
Etisalat,3.4,Telecom,"Promotions, Salary, Company Culture"
Mahindra Susten,4.5,Engineering & Construction,"Company Culture, Work Life Balance, Job Security"
AGIO Pharmaceuticals,3.6,Pharma,"Promotions, Job Security"
Binary Semantics,3.1,IT Services & Consulting,"Promotions, Work Satisfaction, Company Culture"
Kroll,3.5,Financial Services,Work Life Balance
Infocus Technologies,3.9,IT Services & Consulting,Skill Development
Keller Ground Engineering,4.0,Engineering & Construction,"Salary, Company Culture, Skill Development"
Ileads Auxiliary Services,2.9,BPO,"Promotions, Company Culture, Job Security"
Innova Captab,3.9,Pharma,"Work Life Balance, Job Security, Salary"
Virgo Laminates,4.0,Building Material,"Work Life Balance, Salary, Company Culture"
Saint Gobain Sekurit India,3.8,Auto Components,"Job Security, Skill Development"
Bombay Stock Exchange,3.4,Financial Services,Job Security
Antara Senior Care,3.1,Gurugram +13 other locations,"Promotions, Work Satisfaction, Job Security"
Reliance Fresh,4.2,Retail,"Company Culture, Work Life Balance, Job Security"
Tata Autocomp Gotion Green Energy Solutions,,Auto Components,"Job Security, Skill Development"
Sophos Technologies,3.8,Software Product,Work Life Balance
Nesma & Partners,4.1,Engineering & Construction,"Job Security, Company Culture, Work Satisfaction"
Montra Electric,3.7,Automobile,"Promotions, Work Satisfaction, Company Culture"
Triveni Turbines,3.6,Electrical Equipment,Job Security
Unitech,3.7,Real Estate,"Promotions, Salary"
Tata Autocomp Gotion Green Energy Solutions,,Auto Components,"Job Security, Skill Development"
Shriram Value Services,3.9,IT Services & Consulting,Company Culture
DAZN,2.6,Media & Entertainment,"Promotions, Company Culture, Work Life Balance"
Oncquest Laboratories,3.5,Healthcare,"Promotions, Job Security, Company Culture"
Sudhir Power,3.6,Power,"Promotions, Company Culture, Skill Development"
Interarch Building Product,4.0,Engineering & Construction,"Job Security, Work Life Balance, Company Culture"
Goodluck,3.8,Iron & Steel,Promotions
Virohan,3.7,Education & Training,Work Life Balance
Madhucon Projects,3.5,Engineering & Construction,"Promotions, Job Security, Company Culture"
L&T Heavy Civil Infrastructure,4.1,Engineering & Construction,"Skill Development, Company Culture, Work Satisfaction"
PMEA Solar Tech Solutions,3.9,Automobile,"Job Security, Salary"
InvestoXpert,4.3,Internet,"Company Culture, Salary, Work Life Balance"
Shivaami Cloud Services,4.0,IT Services & Consulting,"Company Culture, Skill Development, Work Life Balance"
LOTS Wholesale Solutions,3.8,Food Processing,Salary
NMDC Steels,3.9,Iron & Steel,"Work Life Balance, Salary"
J. C. Penney,3.9,Retail,"Work Life Balance, Company Culture"
NuSummit,3.1,IT Services & Consulting,"Promotions, Company Culture, Work Satisfaction"
GeeksForGeeks,2.8,Education & Training,"Job Security, Promotions, Company Culture"
Royal Infraconstru,3.5,Engineering & Construction,"Promotions, Company Culture, Job Security"
Avance Consulting Services,3.8,Recruitment,"Job Security, Promotions"
KANINI Software Solutions,3.9,IT Services & Consulting,"Company Culture, Work Life Balance, Skill Development"
Bombardier Transportation,4.4,Urban Transport,"Company Culture, Work Life Balance, Work Satisfaction"
Vserve Ebusiness Solutions,4.2,IT Services & Consulting,"Work Life Balance, Work Satisfaction, Job Security"
Supermax Personal Care,3.5,Beauty & Personal Care,"Promotions, Job Security, Company Culture"
CP Plus,3.8,Law Enforcement & Security,"Promotions, Company Culture"
SpanIdea,3.4,IT Services & Consulting,"Job Security, Promotions, Company Culture"
JSG Group,3.5,Auto Components,"Promotions, Company Culture, Job Security"
Smith+Nephew,4.0,Medical Equipment,"Company Culture, Work Life Balance, Job Security"
UPS Supply Chain Solutions,3.7,Logistics,"Promotions, Skill Development, Work Satisfaction"
Crest Data Systems,3.9,IT Services & Consulting,"Work Life Balance, Salary, Company Culture"
Omega Healthcare Solutions,3.6,Healthcare,"Promotions, Work Life Balance, Salary"
Dr B Lal Clinical Laboratory,4.4,Healthcare,"Company Culture, Work Life Balance, Work Satisfaction"
Zeetech Management And Marketing,3.9,Ranchi +34 other locations,"Company Culture, Work Life Balance, Work Satisfaction"
Itvedant Education,3.9,Education & Training,"Work Life Balance, Skill Development, Company Culture"
Grassroots BPO,3.4,BPO,"Promotions, Salary, Company Culture"
HAL Offshore,4.1,Oil & Gas,"Work Life Balance, Job Security, Work Satisfaction"
Turner Construction,4.0,Engineering & Construction,"Company Culture, Job Security, Work Life Balance"
Health Total,3.7,Fitness & Wellness,Job Security
Mobius Knowledge Services,3.5,Printing & Publishing,"Salary, Promotions, Skill Development"
New Allenberry Works,3.3,Power,"Promotions, Salary, Company Culture"
Kaveri Seed Company,3.9,Agriculture,Work Life Balance
GfK MODE,3.4,Analytics & KPO,"Promotions, Skill Development, Salary"
Ivy Mobility Solutions,2.6,Software Product,"Promotions, Salary, Company Culture"
MARG ERP,3.6,Accounting & Auditing,"Promotions, Work Satisfaction, Company Culture"
Oriental Carbon & Chemicals,4.3,Chemicals,"Company Culture, Work Life Balance, Job Security"
Flowmore,4.1,Industrial Machinery,"Work Life Balance, Work Satisfaction, Salary"
Godawari Power & Ispat,4.2,Iron & Steel,"Work Life Balance, Job Security, Company Culture"
Diamond Beverages,3.0,Beverage,"Promotions, Company Culture, Work Satisfaction"
SA Infrastructure Consultants,3.5,Engineering & Construction,"Promotions, Salary, Job Security"
Promea Therapeutics,4.0,Medical Equipment,"Company Culture, Work Life Balance, Work Satisfaction"
Turtle,3.3,Fashion & Textile,"Promotions, Job Security, Salary"
Arkade Group,4.0,Real Estate,"Work Life Balance, Job Security, Company Culture"
Lafarge,4.7,Building Material,"Job Security, Company Culture, Work Satisfaction"
Mahindra Defence Systems,3.9,Defence & Aerospace,Work Life Balance
The Institute Of Chartered Accountants,3.1,Education & Training,"Promotions, Company Culture, Job Security"
Xeam Ventures,3.4,Recruitment,"Promotions, Job Security, Company Culture"
Arkade Group,4.0,Real Estate,"Work Life Balance, Job Security, Company Culture"
Mahindra Defence Systems,3.9,Defence & Aerospace,Work Life Balance
The Institute Of Chartered Accountants,3.1,Education & Training,"Promotions, Company Culture, Job Security"
RineX,3.9,Bengaluru +16 other locations,"Company Culture, Work Life Balance, Work Satisfaction"
Bright Life Care,4.0,Fitness & Wellness,"Work Life Balance, Company Culture"
Star Engineers India,3.5,Auto Components,"Promotions, Company Culture, Work Satisfaction"
Sai Service,3.9,Automobile,"Company Culture, Job Security, Skill Development"
Wavin,4.1,Noida +51 other locations,"Work Life Balance, Salary, Company Culture"
PERSOLKELLY,3.4,Recruitment,"Promotions, Job Security, Skill Development"
Apollo Pipes,4.0,Building Material,"Work Life Balance, Salary, Work Satisfaction"
ASUS,4.3,Consumer Electronics & Appliances,"Company Culture, Work Life Balance, Job Security"
Health Insurance TPA of India,3.8,Insurance,"Promotions, Skill Development, Salary"
Costa Cruise Lines,4.0,Travel & Tourism,"Job Security, Company Culture, Skill Development"
Dish Infra Services,3.2,Telecom,"Job Security, Promotions, Work Satisfaction"
Chandigarh Group of Colleges,3.7,Education & Training,"Promotions, Work Satisfaction, Job Security"
National Securities Depository,3.4,Financial Services,Job Security
Experion Developers,4.7,Real Estate,"Work Life Balance, Salary, Company Culture"
Akkodis,3.2,IT Services & Consulting,"Promotions, Job Security, Skill Development"
Laborate Pharmaceuticals,3.7,Pharma,"Promotions, Company Culture"
NIELIT,4.0,Education & Training,"Work Life Balance, Company Culture, Skill Development"
Pinnacle Industries,3.4,Auto Components,"Promotions, Work Satisfaction, Company Culture"
Spectrum Consultants,2.5,Recruitment,"Promotions, Job Security, Skill Development"
Plada Infotech Services,3.5,IT Services & Consulting,"Promotions, Job Security, Company Culture"
Jindal India Thermal Power,3.8,Power,"Work Life Balance, Salary"
Victora Industries,3.7,Auto Components,"Company Culture, Work Satisfaction, Promotions"
Welspun Global Brands,3.8,Fashion & Textile,Work Life Balance
Media.net Software Services (India),3.2,Marketing & Advertising,"Promotions, Skill Development, Job Security"
RGBSI,3.4,Software Product,"Promotions, Skill Development, Company Culture"
Botree Software International,3.4,Software Product,"Promotions, Salary, Company Culture"
Newgen Knowledge Works,3.5,Printing & Publishing,"Promotions, Salary, Company Culture"
Cordova Publication,3.6,Printing & Publishing,"Promotions, Job Security, Salary"
Terrier Security Services,4.2,Law Enforcement & Security,"Salary, Company Culture, Work Life Balance"
Net Solutions,4.0,IT Services & Consulting,"Company Culture, Work Satisfaction, Work Life Balance"
Tide - Business Management Platform,3.4,FinTech,"Promotions, Job Security, Skill Development"
Weddingz.in,2.7,Internet,"Job Security, Promotions, Work Life Balance"
Finnable Technologies,4.0,FinTech,"Salary, Company Culture, Work Life Balance"
Hindustan Pencils,4.2,FMCG,"Work Life Balance, Job Security, Company Culture"
Algonomy,3.8,Software Product,Work Life Balance
Enviri,3.9,Waste Management,"Company Culture, Work Life Balance"
Zamil Steel Buildings India,4.0,Engineering & Construction,"Job Security, Work Life Balance"
Simpson,3.4,Auto Components,"Promotions, Salary, Company Culture"
House of Hiranandani,4.6,Real Estate,"Company Culture, Work Life Balance, Job Security"
Gatewaypark Business,4.6,Software Product,"Work Life Balance, Company Culture, Work Satisfaction"
Starmark Software,3.4,IT Services & Consulting,"Promotions, Salary, Company Culture"
Electropneumatics & Hydraulics (I),4.0,Industrial Machinery,"Job Security, Work Life Balance, Salary"
Madras Engineering Industries,3.9,Auto Components,Salary
Zyoin,3.5,Recruitment,"Job Security, Promotions, Salary"
Jain University,3.4,Education & Training,"Promotions, Company Culture, Work Satisfaction"
Sraco,3.7,Engineering & Construction,Promotions
Canam Consultants,3.3,Education & Training,"Job Security, Promotions, Company Culture"
Everllence,3.6,Industrial Machinery,"Work Life Balance, Job Security"
Inland World Logistics,3.6,Logistics,"Promotions, Company Culture, Work Satisfaction"
ReachLocal Services,3.5,Marketing & Advertising,Work Life Balance
Charak Pharma,4.0,Pharma,"Work Life Balance, Work Satisfaction, Job Security"
Captain Fresh,4.0,Food Processing,"Salary, Company Culture, Work Life Balance"
Meneta Automotive Components,3.8,Auto Components,"Promotions, Company Culture, Work Satisfaction"
Gen,3.7,Software Product,"Salary, Company Culture, Work Life Balance"
Nineleaps Technology Solutions,4.3,IT Services & Consulting,"Work Life Balance, Promotions, Skill Development"
CTM India Limited,3.6,Industrial Machinery,"Skill Development, Job Security"
Stanley Lifestyles,3.8,Furniture & Furnishing,
Madras Radiators and Pressings Limited,3.3,Auto Components,"Job Security, Promotions, Salary"
Capillary Technologies,3.2,Software Product,"Promotions, Salary, Work Satisfaction"
Betsol,3.6,IT Services & Consulting,Work Life Balance
Zeelab Pharmacy,3.4,Pharma,"Promotions, Company Culture, Job Security"
Naga Limited,3.5,Food Processing,"Promotions, Salary, Company Culture"
Dhruv Research,2.9,Management Consulting,"Work Life Balance, Job Security, Promotions"
Leayan Global,4.0,Fashion & Textile,"Skill Development, Work Life Balance, Company Culture"
WorkIndia,3.1,IT Services & Consulting,"Job Security, Promotions, Company Culture"
Suminter India Organics,3.8,FMCG,Work Life Balance
Oswaal Books and Learning Private Limited,4.1,Printing & Publishing,"Company Culture, Skill Development, Work Life Balance"
Lucy Electric,3.8,Electrical Equipment,Work Life Balance
CyberSWIFT Infotech,3.6,IT Services & Consulting,"Promotions, Job Security"
Nordex Group,3.8,Chennai +19 other locations,Work Life Balance
Raj Petro Specialities,3.7,Oil & Gas,"Work Life Balance, Job Security"
Zifo RnD Solutions,3.7,IT Services & Consulting,"Job Security, Company Culture"
Tangoe,3.7,IT Services & Consulting,Work Life Balance
Bull Machines,3.7,Engineering & Construction,Job Security
GrapplTech,4.8,IT Services & Consulting,"Company Culture, Work Life Balance, Work Satisfaction"
Simar Infrastructures,3.7,Engineering & Construction,"Promotions, Company Culture, Salary"
ITI Finance,4.0,Financial Services,"Work Life Balance, Work Satisfaction, Company Culture"
Pacific Cyber Technology,3.6,Electronics Manufacturing,Skill Development
Trantor,3.7,IT Services & Consulting,Work Life Balance
Paul Merchants,3.8,NBFC,Work Life Balance
Dev Information Technology,3.3,IT Services & Consulting,"Promotions, Salary, Company Culture"
KhataBook,3.6,FinTech,"Promotions, Job Security, Work Satisfaction"
NextGen Healthcare,3.7,Software Product,"Work Life Balance, Salary"
Yodlee,3.9,Software Product,"Company Culture, Work Life Balance, Salary"
Bread Financial,3.7,FinTech,"Salary, Work Life Balance, Company Culture"
Essar Power,4.1,Power,"Company Culture, Work Life Balance, Work Satisfaction"
Grazitti Interactive,2.9,IT Services & Consulting,"Promotions, Work Satisfaction, Skill Development"
La Renon Healthcare,4.1,Pharma,"Salary, Company Culture, Job Security"
El Seif Engineering Contracting,4.4,Engineering & Construction,"Work Life Balance, Salary, Company Culture"
Shalimar Corp,4.2,Real Estate,"Salary, Work Life Balance, Work Satisfaction"
Tirupati Group,4.2,Pharma,"Company Culture, Work Life Balance, Job Security"
Exusia,3.1,IT Services & Consulting,"Work Satisfaction, Job Security, Promotions"
Navata Road Transport,3.5,Logistics,"Promotions, Salary, Work Satisfaction"
GS Engineering & Construction,3.9,Engineering & Construction,"Work Life Balance, Skill Development, Salary"
Hewlett Packard Globalsoft,3.6,Bengaluru +7 other locations,"Promotions, Salary, Skill Development"
Learning Links Foundation,4.1,Non-Profit,"Work Life Balance, Company Culture, Work Satisfaction"
Som Autotech,4.0,Auto Components,Work Life Balance
Rustomjee Group,4.1,Real Estate,"Salary, Job Security, Company Culture"
GE Aviation,4.1,Aviation,"Company Culture, Work Life Balance, Job Security"
Archirodon,4.3,Engineering & Construction,"Work Life Balance, Work Satisfaction, Company Culture"
Richfeel Health & Beauty,3.3,Beauty & Personal Care,"Salary, Promotions, Company Culture"
Sequential Technology International,4.1,BPO,"Work Life Balance, Work Satisfaction, Company Culture"
Svatantra Micro Housing Finance Corporation Limited,4.0,Financial Services,"Company Culture, Work Life Balance, Work Satisfaction"
Annova Solutions,3.5,Pharma,Work Life Balance
Bondada Engineering,3.5,Engineering & Construction,"Promotions, Company Culture, Work Satisfaction"
Anand Rathi Global Finance,3.3,NBFC,"Promotions, Work Satisfaction, Skill Development"
Vision Express,4.1,Retail,"Job Security, Skill Development, Salary"
Kapture CX,3.1,Software Product,"Job Security, Company Culture, Work Satisfaction"
Barista Coffee Company,4.4,Hospitality,"Work Life Balance, Company Culture, Work Satisfaction"
Kotak Mahindra General Insurance,3.7,Insurance,"Promotions, Company Culture, Work Life Balance"
Oasis Partners Asia,3.9,Recruitment,"Promotions, Job Security, Salary"
Cross Country Infotech,4.0,IT Services & Consulting,"Work Life Balance, Company Culture, Work Satisfaction"
Tatvasoft,3.2,IT Services & Consulting,"Promotions, Skill Development, Work Satisfaction"
Alp Consulting,3.8,Recruitment,Promotions
GTL Limited,4.2,Hardware & Networking,"Work Life Balance, Company Culture, Salary"
Credera,2.9,IT Services & Consulting,"Job Security, Promotions, Company Culture"
Credera,2.9,IT Services & Consulting,"Job Security, Promotions, Company Culture"
Caliber Technologies,3.2,IT Services & Consulting,"Promotions, Salary, Work Satisfaction"
Upwork,4.3,Internet,"Work Life Balance, Skill Development, Company Culture"
Lentra AI,2.7,Financial Services,"Work Life Balance, Job Security, Promotions"
Galpha Laboratories,3.8,Pharma,"Promotions, Skill Development"
Alp Consulting,3.8,Recruitment,Promotions
GTL Limited,4.2,Hardware & Networking,"Work Life Balance, Company Culture, Salary"
WizKlub,2.9,EdTech,"Promotions, Company Culture, Work Satisfaction"
Eversana,3.4,Software Product,"Promotions, Company Culture, Skill Development"
Radnik Exports,4.1,Fashion & Textile,"Work Life Balance, Work Satisfaction, Job Security"
Ajay Industrial Corporation,3.4,Industrial Machinery,"Promotions, Company Culture, Work Satisfaction"
ATC Telecom Infrastructure,4.4,Telecom,"Company Culture, Salary, Work Life Balance"
Sona Koyo Steering Systems,4.2,Auto Components,"Job Security, Company Culture, Skill Development"
Renata Precision Components,3.5,Industrial Machinery,"Salary, Promotions, Work Satisfaction"
Dalmia Bharat Sugar & Industries,4.1,Food Processing,"Job Security, Salary, Company Culture"
Sami-Sabinsa Group,3.5,Pharma,"Promotions, Company Culture, Job Security"
Envestnet Asset Management,3.8,Financial Services,"Work Life Balance, Company Culture"
Kamineni Hospitals,4.0,Healthcare,"Work Life Balance, Company Culture, Work Satisfaction"
Airtel Africa,2.8,Telecom,"Promotions, Company Culture, Skill Development"
Greenway Health,2.8,IT Services & Consulting,"Job Security, Promotions, Company Culture"
Dalmia Bharat Sugar & Industries,4.1,Food Processing,"Job Security, Salary, Company Culture"
Envestnet Asset Management,3.8,Financial Services,"Work Life Balance, Company Culture"
e-Procurement Technologies,3.3,IT Services & Consulting,"Salary, Promotions, Company Culture"
Linfox Logistics,4.1,Urban Transport,"Company Culture, Work Life Balance, Work Satisfaction"
Greenway Health,2.8,IT Services & Consulting,"Job Security, Promotions, Company Culture"
Airtel Africa,2.8,Telecom,"Promotions, Company Culture, Skill Development"
Kamineni Hospitals,4.0,Healthcare,"Work Life Balance, Company Culture, Work Satisfaction"
Sami-Sabinsa Group,3.5,Pharma,"Promotions, Company Culture, Job Security"
Entero Healthcare Solutions,4.1,Pharma,"Company Culture, Salary, Work Life Balance"
Clearpack,3.9,Industrial Machinery,"Skill Development, Salary"
BoAt,4.3,Consumer Electronics & Appliances,"Company Culture, Work Life Balance, Job Security"
Shankaranarayana Constructions,3.9,Engineering & Construction,Salary
Organic India,4.1,FMCG,"Work Life Balance, Salary, Company Culture"
Nordex India,,Internet,Work Life Balance
Casio India Company,3.5,Consumer Electronics & Appliances,Work Life Balance
Sarda Energy & Minerals,3.9,Iron & Steel,"Job Security, Work Life Balance, Company Culture"
Allen Solly,4.0,Fashion & Textile,"Skill Development, Company Culture, Work Life Balance"
Med Manor Organics,3.7,Pharma,"Job Security, Promotions, Salary"
Indutch Composites Technology,3.7,Industrial Machinery,"Company Culture, Promotions, Work Life Balance"
SRM Technologies Pvt.Ltd,3.2,IT Services & Consulting,"Promotions, Work Satisfaction, Skill Development"
Easyday Club,4.6,Retail,"Work Life Balance, Skill Development, Company Culture"
Copart,3.0,Automobile,"Promotions, Skill Development, Company Culture"
Skechers,4.2,Retail,"Job Security, Company Culture, Work Life Balance"
WPIL,3.4,Building Material,"Company Culture, Skill Development, Work Satisfaction"
Puranik Builders,3.9,Real Estate,"Work Life Balance, Job Security, Salary"
Bekaert Industries,3.8,Electrical Equipment,"Company Culture, Work Life Balance, Salary"
Geetanjali Medical College and Hospital,3.9,Healthcare,"Work Life Balance, Work Satisfaction, Skill Development"
HyperCITY,4.8,Retail,"Skill Development, Work Life Balance, Company Culture"
Little Nap Recliners,4.7,Furniture & Furnishing,"Company Culture, Work Life Balance, Work Satisfaction"
Freedom Employability Academy,4.2,Education & Training,"Skill Development, Company Culture, Work Life Balance"
Radius Global Solutions,2.8,BPO,"Promotions, Skill Development, Company Culture"
Excellon Software,4.4,Software Product,"Company Culture, Work Life Balance, Work Satisfaction"
Optiemus Electronics,3.7,Electronics Manufacturing,"Job Security, Promotions, Company Culture"
Net Access India,3.8,IT Services & Consulting,"Job Security, Work Life Balance"
C. L. GUPTA EXPORTS,4.3,Import & Export,"Company Culture, Work Life Balance, Work Satisfaction"
Cube Highways,4.3,Engineering & Construction,"Job Security, Company Culture, Work Life Balance"
Kapston Services,4.0,Recruitment,"Work Life Balance, Work Satisfaction, Salary"
Collman Services,3.8,BPO,"Promotions, Job Security, Company Culture"
Ga Digital Web Word,3.7,IT Services & Consulting,"Promotions, Job Security, Company Culture"
NKC Projects,4.0,Engineering & Construction,"Work Satisfaction, Company Culture, Work Life Balance"
Formidium Corp,2.8,Financial Services,"Job Security, Company Culture, Work Satisfaction"
Billabong High International School,3.6,Education & Training,"Promotions, Salary, Company Culture"
Galva Decoparts,3.5,Chemicals,"Job Security, Promotions, Company Culture"
Paychex IT Solutions India,3.4,Software Product,"Promotions, Work Satisfaction, Skill Development"
Azim Premji Foundation,3.6,Non-Profit,Promotions
Edward Food Research and Analysis Centre,3.7,Analytics & KPO,"Promotions, Job Security"
Xylem Learning,4.2,EdTech,"Company Culture, Skill Development, Work Life Balance"
Corecard Software,3.8,FinTech,Salary
Invertis University,4.7,Education & Training,"Work Satisfaction, Job Security, Skill Development"
Unthinkable Solutions,3.2,IT Services & Consulting,"Company Culture, Work Satisfaction, Job Security"
Q Way Technologies,3.0,Healthcare,"Job Security, Promotions, Company Culture"
NBCC,3.7,Real Estate,"Job Security, Skill Development"
Bhavani Industries,3.7,Rajkot +19 other locations,"Promotions, Job Security"
Tokai Rubber Auto Parts India,3.4,Industrial Machinery,"Promotions, Company Culture, Job Security"
Intersoft Data Labs,3.5,IT Services & Consulting,"Promotions, Job Security, Skill Development"
FEV,3.4,Auto Components,"Work Satisfaction, Promotions, Company Culture"
National Contracting Company,4.0,Engineering & Construction,"Work Life Balance, Job Security, Work Satisfaction"
Scc Infrastructure,3.8,Engineering & Construction,Salary
Identifyplus Delivery Services,3.2,Logistics,"Job Security, Promotions, Company Culture"
Huntsman International,4.2,Chemicals,"Work Life Balance, Company Culture, Salary"
Unthinkable Solutions,3.2,IT Services & Consulting,"Company Culture, Work Satisfaction, Job Security"
QualiZeal,3.9,IT Services & Consulting,"Job Security, Company Culture, Work Life Balance"
Epicor Software Corporation,2.8,IT Services & Consulting,"Promotions, Work Satisfaction, Job Security"
Securens System,3.9,Law Enforcement & Security,"Work Life Balance, Company Culture, Work Satisfaction"
Grb Dairy Foods,3.6,Food Processing,"Promotions, Company Culture, Work Life Balance"
Edunet Foundation,4.0,Non-Profit,"Work Life Balance, Work Satisfaction, Skill Development"
MaRS Planning & Engineering Services,3.7,Engineering & Construction,"Promotions, Job Security, Salary"
Kumaran Systems,3.3,IT Services & Consulting,"Job Security, Promotions, Company Culture"
Fortune Park Hotels,3.8,Hospitality,"Work Life Balance, Job Security"
Sanjeev Auto Parts Manufacturers,4.1,Auto Components,"Company Culture, Skill Development, Work Satisfaction"
VISA Steel,3.2,Iron & Steel,"Promotions, Salary, Company Culture"
RSH Global,4.2,FMCG,"Work Life Balance, Company Culture, Job Security"
L&T Water & Effluent Treatment,3.9,Engineering & Construction,"Job Security, Skill Development, Salary"
IIT Madras,3.9,Education & Training,"Skill Development, Work Satisfaction, Company Culture"
Filatex India,3.7,Fashion & Textile,Job Security
Providence Global Center,3.8,IT Services & Consulting,"Work Life Balance, Salary, Company Culture"
Aziro,3.5,IT Services & Consulting,Work Life Balance
Zinnia,3.1,New Delhi +11 other locations,"Promotions, Job Security, Skill Development"
Oxyzo Financial Services,3.3,Financial Services,"Job Security, Promotions, Work Satisfaction"
EVIO,3.8,Power,Job Security
Lubi Industries Llp,4.1,Industrial Machinery,"Work Life Balance, Company Culture, Work Satisfaction"
Sterling Hospitals,3.8,Healthcare,"Promotions, Salary"
VERITY GLOBAL SOLUTIONS,3.6,Investment Banking / Venture Capital / Private Equity,"Job Security, Promotions, Skill Development"
Ricoh,4.1,IT Services & Consulting,"Work Life Balance, Work Satisfaction, Skill Development"
VSynergize Outsourcing,3.0,Marketing & Advertising,"Job Security, Promotions, Company Culture"
Netenrich Technologies,3.1,Software Product,"Promotions, Work Satisfaction, Job Security"
Health & Glow,3.7,Beauty & Personal Care,Skill Development
Genzeon (India) Private Limited,3.8,IT Services & Consulting,"Work Life Balance, Skill Development, Company Culture"
Kobelco Construction Equipment India,4.3,Industrial Machinery,"Work Life Balance, Job Security, Company Culture"
Pearl Global Industries,3.7,Fashion & Textile,"Promotions, Company Culture, Work Satisfaction"
Impact Analytics,3.8,IT Services & Consulting,"Skill Development, Salary, Company Culture"
IntelliSmart Infrastructure,3.7,Power,Salary
Ammann Apollo,4.0,Industrial Machinery,"Work Life Balance, Job Security, Salary"
Lizmontagens India,4.0,Engineering & Construction,"Job Security, Salary, Skill Development"
Smc Insurance Brokers,3.3,Insurance,"Promotions, Salary, Company Culture"
Q3 Technologies,3.3,IT Services & Consulting,"Promotions, Company Culture, Work Satisfaction"
The New India Assurance Co.,4.4,Insurance,"Company Culture, Work Life Balance, Job Security"
Barmalt Malting,4.0,Food Processing,"Work Life Balance, Job Security, Company Culture"
Chennai Petroleum Corporation,4.6,Oil & Gas,"Work Satisfaction, Job Security, Skill Development"
Webtel Electrosoft,3.5,IT Services & Consulting,Job Security
Lizmontagens India,4.0,Engineering & Construction,"Job Security, Salary, Skill Development"
The BIM Engineers,4.1,Engineering & Construction,"Work Life Balance, Job Security, Company Culture"
The House of Abhinandan Lodha,3.2,Real Estate,Salary
Webtel Electrosoft,3.5,IT Services & Consulting,Job Security
Chennai Petroleum Corporation,4.6,Oil & Gas,"Work Satisfaction, Job Security, Skill Development"
ARKA Fincap,4.1,NBFC,"Salary, Work Life Balance, Company Culture"
Cryoviva Biotech,3.3,Biotechnology,"Promotions, Work Satisfaction, Skill Development"
Chai Point,3.7,Hospitality,Work Life Balance
The Smart Cube,3.5,Management Consulting,Job Security
bebo Technologies,3.4,IT Services & Consulting,"Job Security, Promotions, Salary"
VRC Constructions India,3.8,Engineering & Construction,Promotions
AABSyS IT,3.3,IT Services & Consulting,"Promotions, Salary, Work Life Balance"
Pearl Precision Products,3.8,Building Material,"Promotions, Job Security"
Nagata India,3.9,Metals & Mining,"Skill Development, Job Security"
Miraj Cinemas,3.8,Media & Entertainment,"Promotions, Job Security, Salary"
Vasta Global,3.9,Clinical Research,"Work Life Balance, Job Security"
Dhandhania Infotech,3.2,IT Services & Consulting,"Promotions, Skill Development, Salary"
Prozo,3.5,Logistics,"Company Culture, Work Satisfaction, Job Security"
Sales India,4.1,Retail,"Company Culture, Salary, Work Life Balance"
Selectsys,3.4,Software Product,"Promotions, Company Culture, Skill Development"
Toshiba,4.2,Industrial Machinery,"Work Life Balance, Company Culture, Salary"
EY-Parthenon,3.0,Bengaluru +14 other locations,"Company Culture, Work Life Balance, Work Satisfaction"
IIFL Securities,3.9,Financial Services,Work Life Balance
iVenus,4.0,Retail,"Work Life Balance, Work Satisfaction, Skill Development"
Jitm Skills,3.0,Education & Training,"Promotions, Job Security, Company Culture"
GlobusSoft,3.4,IT Services & Consulting,"Salary, Promotions, Company Culture"
Ajmera Realty & Infra India,4.6,Real Estate,"Work Life Balance, Skill Development, Company Culture"
CPM International,4.0,Recruitment,"Company Culture, Work Life Balance"
RegisterKaro,3.6,Internet,Work Life Balance
St. John's Medical College Hospital,4.1,Healthcare,"Skill Development, Job Security, Company Culture"
Prompt Personnel,3.7,Recruitment,Promotions
JAY JAY MILLS,4.0,Fashion & Textile,"Job Security, Company Culture, Work Life Balance"
Shri Mahavir Ferro Alloys,3.4,Iron & Steel,"Promotions, Company Culture, Salary"
NCL BUILDTEK,3.5,Building Material,"Promotions, Skill Development, Salary"
Narmada Bio Chem,4.8,Agro Chemicals,"Company Culture, Work Life Balance, Work Satisfaction"
ContinuServe Softech India,3.2,BPO,"Promotions, Work Satisfaction, Skill Development"
Bihar Foundry and Castings Limited,4.3,Industrial Machinery,"Salary, Company Culture, Work Life Balance"
Arkray Healthcare,3.5,Healthcare,Work Life Balance
Programmers.io,3.9,IT Services & Consulting,"Work Life Balance, Salary, Company Culture"
Nova IVI Fertility,3.9,Healthcare,"Work Life Balance, Skill Development"
HMSHost,3.7,FMCG,"Promotions, Company Culture, Work Satisfaction"
Klaus IT Solutions,3.4,IT Services & Consulting,"Job Security, Promotions, Skill Development"
ILS Hospitals,3.5,Healthcare,"Promotions, Work Satisfaction, Salary"
OASYS Cybernetics,3.0,IT Services & Consulting,"Promotions, Salary, Company Culture"
Deen Dayal Upadhyaya Grameen Kaushalya Yojana,3.7,Government,Skill Development
20Cube Logistics,3.8,Logistics,"Promotions, Work Satisfaction"
Garware Hi-Tech Films,4.0,Packaging,"Job Security, Work Life Balance, Work Satisfaction"
Bsr Infratech India,3.9,Engineering & Construction,"Work Life Balance, Job Security, Skill Development"
AT&S,3.7,Semiconductors,Work Life Balance
SMS Pharmaceuticals,3.1,Pharma,"Promotions, Company Culture, Salary"
PIX Transmissions,3.7,Petrochemicals,Salary
Kuwait Oil Company,4.3,Oil & Gas,"Salary, Company Culture, Work Life Balance"
Precision Group,3.4,Industrial Machinery,"Promotions, Salary, Company Culture"
Sewa Grih Rin,3.4,NBFC,"Job Security, Company Culture, Work Satisfaction"
ICICI Merchant Service,3.7,Banking,"Promotions, Job Security, Skill Development"
Ratna Sagar,3.6,Printing & Publishing,"Promotions, Company Culture, Work Satisfaction"
Orange Mantra,3.8,IT Services & Consulting,Job Security
Magnasoft Consulting India,3.2,IT Services & Consulting,"Job Security, Promotions, Work Life Balance"
Pharmaceutical job,4.2,Pharma,"Work Life Balance, Skill Development, Company Culture"
FoodPanda,3.9,Internet,"Work Life Balance, Company Culture, Salary"
SevenMentor,4.3,Education & Training,"Skill Development, Company Culture, Work Life Balance"
Onkar Infotech,4.0,BPO,"Job Security, Work Life Balance, Work Satisfaction"
Coolberg Beverages,3.2,Hospitality,"Job Security, Work Satisfaction, Promotions"
American Oncology Institute,4.1,Healthcare,"Company Culture, Work Life Balance, Job Security"
Harita Techserv,3.2,Recruitment,"Promotions, Salary, Company Culture"
Veolia,3.9,Waste Management,"Job Security, Company Culture, Work Life Balance"
Crown Solutions,3.6,IT Services & Consulting,Work Life Balance
Allianz,4.3,Insurance,"Work Life Balance, Job Security, Company Culture"
DM Consultants,1.4,Abu Dhabi +16 other locations,"Promotions, Salary, Company Culture"
AONE OUTSOURCING SOLUTIONS,4.6,Financial Services,"Work Satisfaction, Skill Development, Company Culture"
Army Ordnance Corps,4.8,Defence & Aerospace,"Work Life Balance, Job Security, Company Culture"
Income Tax Department India,4.2,Government,"Work Life Balance, Company Culture, Work Satisfaction"
Radio Mirchi,3.3,Broadcasting,"Promotions, Salary, Job Security"
Boston Institute of Analytics,4.3,Education & Training,"Company Culture, Salary, Work Satisfaction"
Naprod Life Sciences,3.3,Pharma,"Promotions, Job Security, Company Culture"
MYND Intergrated Solutions,3.3,BPO,"Promotions, Salary, Work Satisfaction"
SLAP,3.9,Management Consulting,"Promotions, Work Life Balance, Work Satisfaction"
Mvs Acmei Technologies,3.9,Industrial Machinery,"Job Security, Work Life Balance, Work Satisfaction"
Balasore Alloys,3.2,Metals & Mining,"Promotions, Job Security, Company Culture"
Chandan Steel,3.3,Metals & Mining,"Company Culture, Promotions, Salary"
Accentuate Business Solutions,3.5,IT Services & Consulting,"Promotions, Salary, Work Satisfaction"
Kanpur Plastipack,3.6,Packaging,"Promotions, Work Satisfaction, Company Culture"
Premier Indoplast,4.1,Faridabad +20 other locations,"Work Life Balance, Skill Development, Salary"
Neon Laboratories,4.0,Pharma,"Job Security, Work Life Balance, Company Culture"
Bravura Solutions,3.8,Software Product,"Work Life Balance, Company Culture"
inMorphis Services,3.9,IT Services & Consulting,"Skill Development, Salary, Company Culture"
WEG,4.0,Electronics Manufacturing,"Skill Development, Work Satisfaction, Job Security"
VGN Projects Estates,3.8,Real Estate,Salary
ASSA ABLOY,3.6,Real Estate,Work Life Balance
Jindal (India) Limited,4.0,Iron & Steel,"Work Life Balance, Work Satisfaction, Job Security"
Zones Corporate Solutions,3.2,IT Services & Consulting,"Promotions, Company Culture, Work Satisfaction"
Linc,3.6,FMCG,"Promotions, Company Culture, Skill Development"
Oasis Fertility,4.0,Healthcare,"Work Life Balance, Work Satisfaction, Skill Development"
Knest Manufacturers,3.5,Metals & Mining,"Promotions, Salary, Company Culture"
Bikaji Foods,4.0,Hospitality,Salary
SRR Projects,4.2,Engineering & Construction,"Job Security, Company Culture, Salary"
Vaidik Eduservices,3.3,EdTech,"Promotions, Job Security, Work Satisfaction"
Government Medical College,4.1,Education & Training,"Work Life Balance, Work Satisfaction, Skill Development"
Consilio,3.5,Legal,Work Life Balance
Franco-Indian Pharmaceuticals,3.3,Pharma,"Promotions, Company Culture, Work Satisfaction"
University of Petroleum & Energy Studies,3.7,Education & Training,"Work Life Balance, Salary"
SIAC SKH India Cabs Manufacturing,3.8,Industrial Machinery,"Job Security, Work Life Balance"
Sugam Parivahan,4.3,Logistics,"Work Life Balance, Job Security, Company Culture"
NCR Atleos,3.8,Banking,Work Life Balance
Steelman Telecom,3.7,Telecom,"Promotions, Salary, Work Satisfaction"
Model N,4.4,Software Product,"Company Culture, Work Life Balance, Work Satisfaction"
Bonito Designs,3.4,Architecture & Interior Design,"Work Life Balance, Promotions, Company Culture"
Live Connections,3.8,Recruitment,"Promotions, Salary"
BillDesk,3.1,FinTech,Job Security
Optimus Drugs,4.1,Pharma,"Work Life Balance, Salary, Company Culture"
MASAI School,4.0,EdTech,"Salary, Company Culture, Work Satisfaction"
Texas Review,3.9,Education & Training,"Work Life Balance, Work Satisfaction, Skill Development"
Albert David,3.4,Pharma,"Promotions, Skill Development, Company Culture"
AGILE AIRPORT SERVICES,3.9,Aviation,Salary
Finorchem Limited,3.7,Petrochemicals,"Job Security, Promotions, Company Culture"
S Chand Group,3.7,Printing & Publishing,"Promotions, Skill Development, Work Satisfaction"
Chaitanya Projects Consultancy,4.0,Engineering & Construction,Work Life Balance
Infosearch BPO Services,4.0,BPO,"Job Security, Work Satisfaction, Company Culture"
Centillion Solutions and Services,3.9,IT Services & Consulting,"Work Life Balance, Company Culture, Job Security"
Prabhat Dairy,3.6,FMCG,"Promotions, Job Security, Work Satisfaction"
Red Bull,4.1,Beverage,"Work Life Balance, Salary, Company Culture"
Alembic,4.0,Pharma,Salary
The Indian Express,3.9,Printing & Publishing,"Work Life Balance, Job Security"
Placementindia.com,4.9,Recruitment,"Company Culture, Work Life Balance, Work Satisfaction"
S&IB Services,3.9,Facility Management Services,"Company Culture, Work Life Balance, Job Security"
Global Edge Software,3.4,Software Product,"Salary, Promotions, Company Culture"
Flex Technologies,3.9,Chennai +10 other locations,"Company Culture, Work Life Balance"
Rasna,3.2,Food Processing,"Work Satisfaction, Promotions, Company Culture"
APM Terminals,4.4,Ports & Shipping,"Work Life Balance, Work Satisfaction, Company Culture"
Indo German Tool Room,3.9,Government,Skill Development
RASI SEEDS,4.2,Agriculture,"Company Culture, Work Life Balance, Work Satisfaction"
CodSoft,4.0,New Delhi +43 other locations,"Work Life Balance, Skill Development"
Man Industries,3.6,Iron & Steel,"Promotions, Company Culture, Work Satisfaction"
Andhra Paper,3.5,Pulp & Paper,Job Security
Groupe SEB,3.6,Consumer Electronics & Appliances,"Promotions, Job Security, Company Culture"
Reserve Bank Information Technology,3.2,IT Services & Consulting,"Promotions, Work Satisfaction, Skill Development"
SK E&C,4.4,Engineering & Construction,"Skill Development, Work Satisfaction, Salary"
Avontix,3.3,IT Services & Consulting,"Promotions, Work Satisfaction, Company Culture"
Aachi Foods,4.0,FMCG,Job Security
Cyrix Health Care,4.2,Medical Equipment,"Company Culture, Work Life Balance, Work Satisfaction"
Keertana Finserv,3.3,NBFC,"Job Security, Company Culture, Work Satisfaction"
Echs Polyclinic,4.1,Healthcare,"Work Life Balance, Work Satisfaction"
Housejoy,4.2,Facility Management Services,"Work Life Balance, Company Culture, Work Satisfaction"
Vensa Infrastructure,4.3,Real Estate,"Job Security, Company Culture, Work Life Balance"
LUX Industries,3.4,Fashion & Textile,"Promotions, Company Culture, Work Satisfaction"
ATS Homekraft,4.1,Real Estate,"Company Culture, Work Life Balance, Salary"
Mining Engineering Services,3.6,Metals & Mining,"Job Security, Work Satisfaction, Promotions"
National Insurance Company,4.6,Insurance,"Work Life Balance, Company Culture, Job Security"
National Small Industries Corporation,4.0,Government,"Work Life Balance, Company Culture, Work Satisfaction"
Amrita Vishwa Vidyapeetham,3.5,Education & Training,"Promotions, Salary, Work Satisfaction"
Marquardt,3.8,Auto Components,Work Life Balance
Box8,3.5,Hospitality,"Company Culture, Work Life Balance, Work Satisfaction"
Zinnov Management Consulting,3.3,Management Consulting,"Promotions, Salary, Work Satisfaction"
Pontika Aerotech,3.6,Pharma,"Work Life Balance, Work Satisfaction"
Amara Raja Power Systems,4.1,Auto Components,"Job Security, Company Culture, Work Life Balance"
ORISSA METALIKS,3.9,Industrial Machinery,"Job Security, Skill Development, Work Life Balance"
Masters' Union School of Business,3.6,EdTech,Salary
11:11 Systems,3.3,IT Services & Consulting,Work Life Balance
United Alliance Technology,4.9,IT Services & Consulting,"Company Culture, Work Life Balance, Work Satisfaction"
Sanoh,4.1,Auto Components,"Work Life Balance, Job Security, Company Culture"
ORISSA METALIKS,3.9,Industrial Machinery,"Job Security, Skill Development, Work Life Balance"
United Alliance Technology,4.9,IT Services & Consulting,"Company Culture, Work Life Balance, Work Satisfaction"
Carnival Cinemas,3.9,Media & Entertainment,"Work Life Balance, Work Satisfaction, Company Culture"
Sanoh,4.1,Auto Components,"Work Life Balance, Job Security, Company Culture"
Javi Systems,3.6,IT Services & Consulting,"Promotions, Skill Development, Work Satisfaction"
Augtech Nextwealth,3.7,IT Services & Consulting,Company Culture
Omprime Technology Private Limited,4.0,IT Services & Consulting,"Company Culture, Work Life Balance, Work Satisfaction"
"Sanjay Ghodawat International School, Kolhapur",3.4,Education & Training,"Promotions, Work Life Balance, Job Security"
Agiliad,3.2,Engineering & Construction,"Promotions, Salary, Job Security"
Aditya Birla Money,3.9,Chennai +46 other locations,"Job Security, Work Life Balance, Company Culture"
United India Insurance Company,4.5,Insurance,"Job Security, Work Life Balance, Company Culture"
LNV Technology,3.9,Industrial Machinery,"Salary, Work Life Balance, Work Satisfaction"
Hofincons Infotech & Industrial Services,4.0,Industrial Machinery,"Company Culture, Skill Development"
LawSikho,3.7,New Delhi +9 other locations,Skill Development
Manubhai Jewellers,4.7,Jewellery,"Company Culture, Work Life Balance, Work Satisfaction"
BPL Medical Technologies,3.5,Medical Equipment,"Promotions, Work Satisfaction, Company Culture"
The Mission Hospital,3.8,Healthcare,"Job Security, Skill Development"
JPM Group,3.9,Industrial Machinery,"Work Life Balance, Job Security, Company Culture"
Sonovision-Aetos,3.5,IT Services & Consulting,"Promotions, Salary, Job Security"
Intuit,3.3,IT Services & Consulting,Salary
Infoesearch Ites,3.2,Media & Entertainment,"Promotions, Salary, Job Security"
Programming.Com,3.3,IT Services & Consulting,"Job Security, Promotions, Company Culture"
Paradise Food Court,3.8,Hospitality,Salary
Autometers Alliance,4.3,Electronics Manufacturing,"Work Life Balance, Job Security, Company Culture"
ICPA Health Products,3.4,Healthcare,"Salary, Promotions, Company Culture"
Anand CY Myutec Automotive,3.8,Auto Components,"Job Security, Company Culture"
HEG,3.7,Semiconductors,"Promotions, Salary, Company Culture"
PIT Solutions,3.6,IT Services & Consulting,Work Life Balance
Airblack,3.9,EdTech,"Salary, Company Culture"
Neolite Zkw Lightings,3.8,Auto Components,Skill Development
Shorthills AI,3.4,Emerging Technologies,"Promotions, Salary, Work Satisfaction"
SUGAR Cosmetics,3.8,Internet,"Job Security, Promotions"
Qdigi Services,3.6,Recruitment,"Promotions, Job Security, Skill Development"
Ishan Technologies,3.8,Internet,Promotions
Tecnotree Convergence,3.0,IT Services & Consulting,"Promotions, Salary, Company Culture"
Asian Institute of Medical Sciences,3.8,Faridabad +12 other locations,"Promotions, Salary"
Verifone,3.1,FinTech,"Job Security, Promotions, Skill Development"
Transcom India,2.2,BPO,"Job Security, Promotions, Company Culture"
Shaw Toyota,4.9,Automobile,"Company Culture, Work Life Balance, Work Satisfaction"
Government of West Bengal,3.6,Government,Job Security
Marine Electricals,3.6,Industrial Automation,"Promotions, Company Culture, Work Satisfaction"
First Citizens India,4.1,Financial Services,"Salary, Company Culture, Work Life Balance"
Rubamin,4.0,Pharma,"Job Security, Company Culture, Work Life Balance"
MQSYS Technologies,3.6,IT Services & Consulting,Work Life Balance
Pure & Cure Healthcare,4.0,Pharma,"Job Security, Work Life Balance, Company Culture"
Little Millennium,3.7,EdTech,Skill Development
Expertrons,3.4,Education & Training,"Job Security, Work Life Balance, Work Satisfaction"
National Petroleum Construction Company,4.5,Oil & Gas,"Work Life Balance, Work Satisfaction, Company Culture"
Student Life,4.0,Non-Profit,"Company Culture, Skill Development, Work Life Balance"
Blue Cross Laboratories,3.8,Pharma,"Promotions, Salary"
Kalyani Maxion Wheels,4.1,Auto Components,"Job Security, Work Life Balance"
Umedica Laboratories,3.6,Pharma,"Promotions, Salary"
Tata Power Renewable Energy,4.0,Power,"Job Security, Work Life Balance, Company Culture"
Ankura Hospital,3.9,Healthcare,"Promotions, Salary"
Relevantz Technology Services,3.6,IT Services & Consulting,Salary
LinkedIn,3.9,Internet,"Salary, Work Life Balance, Company Culture"
Balaji Enterprises,4.5,Real Estate,"Work Life Balance, Company Culture, Work Satisfaction"
Valenta AI Private Limited,4.2,Emerging Technologies,"Work Life Balance, Company Culture, Work Satisfaction"
Shiva Pharmachem,3.9,Pharma,"Job Security, Work Life Balance"
BluSmart,3.9,Urban Transport,"Salary, Work Life Balance, Work Satisfaction"
Moople Academy,4.1,Education & Training,"Company Culture, Skill Development, Work Life Balance"
American Tower Corporation,4.0,Telecom,"Work Life Balance, Company Culture, Work Satisfaction"
Ankura Hospital,3.9,Healthcare,"Promotions, Salary"
Umedica Laboratories,3.6,Pharma,"Promotions, Salary"
Balaji Enterprises,4.5,Real Estate,"Work Life Balance, Company Culture, Work Satisfaction"
Rajan Technocast,4.7,Industrial Machinery,"Salary, Work Life Balance, Work Satisfaction"
Ami Polymer,3.6,Medical Equipment,Salary
Relevantz Technology Services,3.6,IT Services & Consulting,Salary
LinkedIn,3.9,Internet,"Salary, Work Life Balance, Company Culture"
Helmerich & Payne,3.8,Oil & Gas,Work Life Balance
Changepond Technologies,2.9,IT Services & Consulting,"Company Culture, Promotions, Salary"
Neudesic Technologies,4.1,IT Services & Consulting,"Skill Development, Salary, Company Culture"
Kharafi National,4.4,Engineering & Construction,"Work Satisfaction, Company Culture, Job Security"
Linux Laboratories,3.9,Pharma,"Work Satisfaction, Salary, Company Culture"
Teachers Insurance and Annuity Association of America,3.9,Financial Services,"Work Life Balance, Company Culture, Salary"
KNR Constructions,4.0,Engineering & Construction,"Work Life Balance, Work Satisfaction, Skill Development"
Neogen Chemicals,4.0,Chemicals,"Job Security, Salary, Work Life Balance"
GLA University,3.4,Education & Training,"Promotions, Company Culture, Work Satisfaction"
ADARSH DEVELOPERS,4.2,Real Estate,"Work Life Balance, Job Security, Company Culture"
Kriti Industries,3.7,Building Material,"Promotions, Job Security, Work Satisfaction"
Tata Passenger Electric Mobility,4.1,Automobile,"Company Culture, Skill Development, Job Security"
Patton International,3.5,Iron & Steel,Job Security
Atibir Industries,3.1,Iron & Steel,"Promotions, Company Culture, Salary"
ZingHR,2.9,IT Services & Consulting,"Promotions, Company Culture, Work Life Balance"
Furlenco,3.3,Internet,"Job Security, Promotions, Company Culture"
iD Fresh Food,4.0,FMCG,"Job Security, Skill Development, Company Culture"
Sun Vacuum Formers,3.9,Auto Components,"Job Security, Skill Development"
Linux Laboratories,3.9,Pharma,"Work Satisfaction, Salary, Company Culture"
Neogen Chemicals,4.0,Chemicals,"Job Security, Salary, Work Life Balance"
Kriti Industries,3.7,Building Material,"Promotions, Job Security, Work Satisfaction"
GLA University,3.4,Education & Training,"Promotions, Company Culture, Work Satisfaction"
Croma Campus,3.7,Education & Training,"Work Life Balance, Work Satisfaction, Job Security"
Fibe,3.7,FinTech,Promotions
Jaipur National University,3.1,Education & Training,"Company Culture, Work Life Balance, Work Satisfaction"
Sears IT & Management Services India,3.1,IT Services & Consulting,"Job Security, Promotions, Skill Development"
Northern Arc Capital,3.7,NBFC,"Salary, Work Life Balance"
Lifelong India,4.0,Petrochemicals,"Job Security, Work Life Balance"
FedServ,3.7,Banking,Job Security
Abante Integrated Management Services,4.1,Management Consulting,"Work Life Balance, Work Satisfaction, Skill Development"
Fragomen Immigration Services,3.5,Travel & Tourism,"Promotions, Work Satisfaction, Skill Development"
Parason Machinery,3.3,Industrial Machinery,"Job Security, Promotions, Company Culture"
Stratosphere IT Services,2.9,Recruitment,"Job Security, Promotions, Skill Development"
Excelra Knowledge Solutions,3.6,Analytics & KPO,"Promotions, Salary, Work Satisfaction"
ARB Bearings,3.6,Auto Components,"Promotions, Company Culture, Work Satisfaction"
John Crane Sealing Systems India,3.3,Industrial Machinery,"Promotions, Skill Development, Salary"
Algoworks,3.1,IT Services & Consulting,"Job Security, Promotions, Skill Development"
Matix Fertilisers & Chemicals,3.7,Agro Chemicals,"Company Culture, Work Satisfaction, Promotions"
Arihant Publications,3.6,Printing & Publishing,"Promotions, Job Security, Salary"
Veltris,3.5,IT Services & Consulting,Work Life Balance
Ganit Inc,3.9,IT Services & Consulting,"Skill Development, Work Satisfaction"
Parle Elizabeth Tools,4.0,Industrial Machinery,"Work Life Balance, Job Security, Skill Development"
Karanwal Capital,4.6,Investment Banking / Venture Capital / Private Equity,"Company Culture, Work Satisfaction, Job Security"
Indiabulls Real Estate,4.4,Real Estate,"Work Life Balance, Company Culture, Work Satisfaction"
Jaypee Hotels,3.8,Hospitality,"Work Life Balance, Job Security"
RAKS Pharma,3.9,Pharma,"Salary, Company Culture, Work Life Balance"
Essae Digitronics,4.1,Electronics Manufacturing,"Company Culture, Work Life Balance, Skill Development"
Mayur Uniquoters,3.7,Leather,Work Life Balance
Busy Infotech,4.0,Software Product,"Salary, Company Culture, Work Life Balance"
Savita Oil Technologies,4.0,Oil & Gas,"Job Security, Work Life Balance, Company Culture"
Maxinfra,4.1,Real Estate,"Work Life Balance, Company Culture, Job Security"
The Sparks Foundation,4.3,Education & Training,"Work Life Balance, Skill Development, Company Culture"
Tesseract Imaging,3.9,Navi Mumbai +5 other locations,"Salary, Promotions, Skill Development"
Analytix Business Solutions,3.3,Analytics & KPO,"Promotions, Work Satisfaction, Company Culture"
Teerthanker Mahaveer University,3.4,Education & Training,"Promotions, Salary, Work Satisfaction"
Gem Engserv,4.0,Engineering & Construction,"Work Life Balance, Salary, Company Culture"
Walter Bushnell,3.2,Pharma,"Promotions, Salary, Work Satisfaction"
Save the Children,4.3,Non-Profit,"Company Culture, Work Life Balance, Work Satisfaction"
Koyo Bearings India,3.9,Auto Components,Job Security
Qi Spine Clinic,3.6,Healthcare,"Promotions, Company Culture, Work Life Balance"
Brij Gopal Construction Company,3.8,Engineering & Construction,"Promotions, Company Culture, Work Satisfaction"
Rossari Biotech,3.6,Chemicals,Salary
Laxmi India Finleasecap,3.9,Financial Services,"Company Culture, Work Life Balance, Skill Development"
SkillRecruit,4.4,Recruitment,"Company Culture, Work Life Balance, Work Satisfaction"
Centaur Billing,3.8,Analytics & KPO,"Work Life Balance, Work Satisfaction, Skill Development"
Bombay Rayon Fashions,3.3,Fashion & Textile,"Promotions, Company Culture, Work Satisfaction"
Drools,3.5,FMCG,"Company Culture, Work Satisfaction, Job Security"
Steril Gene Life Sciences,3.8,Pharma,"Job Security, Skill Development, Work Life Balance"
Fortis Memorial Research Institute,3.9,Travel & Tourism,"Job Security, Work Life Balance, Skill Development"
MKCL,3.8,Education & Training,"Work Life Balance, Job Security, Company Culture"
SmartWorld Developers,3.9,Real Estate,"Salary, Work Life Balance"
Matrix ComSec,3.5,Law Enforcement & Security,"Promotions, Salary, Work Satisfaction"
Graviti Pharmaceuticals,3.2,Pharma,"Company Culture, Work Satisfaction, Promotions"
Uniinfo Telecom Services,3.5,Telecom,"Promotions, Salary, Company Culture"
Vara United,3.7,IT Services & Consulting,"Promotions, Salary, Company Culture"
Fusion,3.1,IT Services & Consulting,"Promotions, Salary, Company Culture"
AYM Syntex,3.3,Fashion & Textile,"Promotions, Work Life Balance, Job Security"
Coffee Day,3.0,Hospitality,"Promotions, Company Culture, Work Satisfaction"
Integrated Personnel Services Limited,3.9,Recruitment,"Work Life Balance, Work Satisfaction"
Scyo Decision Services,4.4,Analytics & KPO,"Job Security, Work Life Balance, Skill Development"
Forest Essentials,4.0,Retail,"Job Security, Company Culture, Work Life Balance"
Jagsonpal Pharmaceuticals,3.7,Pharma,"Promotions, Work Satisfaction, Salary"
ABEC,4.1,Events,"Work Satisfaction, Skill Development, Salary"
Coastal Marine Construction & Engineering,4.2,Engineering & Construction,"Work Life Balance, Job Security, Salary"
Ts Tech Sun India,4.1,Automobile,"Work Life Balance, Salary, Job Security"
Garden Silk Mills,3.7,Fashion & Textile,Work Life Balance
Futurism Technologies,3.8,IT Services & Consulting,Skill Development
Zydus Hospira Oncology,4.3,Pharma,"Job Security, Work Life Balance, Salary"
Flash Viven Machining Technologies,3.7,Auto Components,"Promotions, Work Life Balance, Salary"
Advantum Health,2.8,Healthcare,"Job Security, Company Culture, Promotions"
Arvato,3.6,IT Services & Consulting,Job Security
PrepLadder,2.6,EdTech,"Job Security, Promotions, Skill Development"
Bosch Power Tools,4.3,Industrial Machinery,"Company Culture, Work Life Balance, Skill Development"
SAVA Healthcare,3.8,Pharma,Job Security
Sears Holdings,3.0,Retail,"Promotions, Job Security, Company Culture"
AbbVie Inc.,3.6,Pharma,"Promotions, Job Security"
Chiripal Poly Films,4.0,Packaging,"Salary, Work Life Balance, Company Culture"
Srg Housing Finance,3.9,NBFC,"Work Life Balance, Salary"
STMicroelectronics,4.0,Semiconductors,"Work Life Balance, Job Security, Company Culture"
Aia Engineering,4.1,Industrial Machinery,"Work Life Balance, Job Security, Salary"
Raheja Developers,3.2,Real Estate,"Promotions, Salary, Work Satisfaction"
Pattern Technologies,4.2,Software Product,"Company Culture, Work Life Balance, Work Satisfaction"
Nielsen Sports,3.8,Sports & Recreation,"Work Life Balance, Company Culture"
Ramky Group,4.2,Engineering & Construction,"Job Security, Work Life Balance, Company Culture"
Kinetic Green Energy And Power Solutions,3.0,Power,"Promotions, Company Culture, Work Satisfaction"
Biotique,3.0,Beauty & Personal Care,"Promotions, Job Security, Skill Development"
Nyx-medical Solutions,3.6,Analytics & KPO,"Promotions, Job Security, Work Satisfaction"
Cotecna Inspection India,3.7,Analytics & KPO,"Promotions, Company Culture, Work Satisfaction"
Verticurl,3.0,Coimbatore +6 other locations,"Promotions, Salary, Work Satisfaction"
Megafine Pharma,3.7,Pharma,Job Security
Travel Boutique Online,3.2,Travel & Tourism,"Promotions, Work Satisfaction, Skill Development"
ExpertCallers,3.6,BPO,"Promotions, Job Security, Skill Development"
MasterSoft ERP Solutions,3.7,Software Product,Job Security
Travel Boutique Online,3.2,Travel & Tourism,"Promotions, Work Satisfaction, Skill Development"
SunMax Auto Engineering,3.6,Auto Components,"Promotions, Company Culture, Work Satisfaction"
ONLEI Technologies,4.8,Bengaluru +22 other locations,"Skill Development, Company Culture, Work Life Balance"
Xchanging,4.1,IT Services & Consulting,"Company Culture, Work Satisfaction, Work Life Balance"
M.J Global,3.9,Packaging,"Salary, Company Culture, Work Life Balance"
Verifacts Services,2.9,Recruitment,"Promotions, Salary, Company Culture"
IMSI,3.2,Recruitment,"Promotions, Salary, Company Culture"
Games24x7,3.9,Gaming,"Salary, Company Culture, Work Life Balance"
Travelex,3.2,Financial Services,"Job Security, Promotions, Company Culture"
Beumer Group,3.9,Industrial Machinery,"Work Life Balance, Job Security, Company Culture"
MUNDRA SOLAR TECHNOPARK,3.8,Industrial Machinery,"Promotions, Salary"
Vishnu Chemicals,3.9,Chemicals,"Job Security, Work Life Balance, Salary"
VisionTek,3.4,Telecom,"Promotions, Company Culture, Work Satisfaction"
TP Northern Odisha Distribution,3.6,Power,Job Security
SkilloVilla,4.1,Education & Training,"Company Culture, Job Security, Promotions"
Hyva,4.0,Urban Transport,"Work Life Balance, Salary, Company Culture"
University Living Accommodation,4.0,Internet,"Skill Development, Company Culture, Job Security"
Trivitron Healthcare,3.5,Medical Equipment,"Promotions, Job Security, Company Culture"
Hyva,4.0,Urban Transport,"Work Life Balance, Salary, Company Culture"
Trivitron Healthcare,3.5,Medical Equipment,"Promotions, Job Security, Company Culture"
Connectwell Industries,3.5,Electronics Manufacturing,"Promotions, Salary, Work Life Balance"
Wave Infratech,3.9,Real Estate,"Work Life Balance, Job Security, Company Culture"
University Living Accommodation,4.0,Internet,"Skill Development, Company Culture, Job Security"
Verzeo,2.6,EdTech,"Job Security, Salary, Work Satisfaction"
Advids,4.4,Marketing & Advertising,"Company Culture, Work Life Balance, Work Satisfaction"
All India Radio,4.3,Government,"Work Life Balance, Company Culture, Work Satisfaction"
TRF,3.5,Auto Components,"Promotions, Salary, Skill Development"
REI Systems,4.0,IT Services & Consulting,"Work Satisfaction, Company Culture, Work Life Balance"
Mantri Developers,3.4,Real Estate,"Promotions, Work Satisfaction, Job Security"
Z1 Tech,4.1,Internet,"Company Culture, Work Life Balance, Skill Development"
Lauren Information Technologies,3.5,IT Services & Consulting,"Job Security, Promotions, Company Culture"
Google Pay,3.8,FinTech,Salary
KPR Mill,4.0,Fashion & Textile,"Work Life Balance, Salary, Company Culture"
Ncc Urban Infrastructure,4.1,Engineering & Construction,"Work Life Balance, Job Security, Work Satisfaction"
Navitas Life Sciences,3.6,Clinical Research,Job Security
CoachX,4.8,Pune +5 other locations,"Company Culture, Work Life Balance, Work Satisfaction"
ZeMoSo Technologies,2.9,IT Services & Consulting,"Job Security, Company Culture, Promotions"
Atidiv,2.5,IT Services & Consulting,"Job Security, Promotions, Skill Development"
Sankey Solutions,3.9,IT Services & Consulting,"Skill Development, Promotions, Salary"
Ebixcash World Money,3.5,FinTech,"Promotions, Salary, Company Culture"
Elevate Services,3.1,Software Product,"Promotions, Job Security, Skill Development"
Texas Instruments,3.7,Semiconductors,"Salary, Job Security"
MINISO,3.8,Retail,"Job Security, Promotions, Salary"
ExcelSoft Technologies,3.4,IT Services & Consulting,"Promotions, Salary, Company Culture"
FarEye,3.3,IT Services & Consulting,"Job Security, Promotions, Work Life Balance"
MyCaptain by Imarticus Learning,3.8,EdTech,"Company Culture, Promotions"
TravelTriangle,3.6,Travel & Tourism,"Salary, Promotions, Skill Development"
Ritz-Carlton,4.0,Hospitality,"Job Security, Company Culture, Skill Development"
Bajaj Markets,3.1,FinTech,"Promotions, Company Culture, Work Life Balance"
Meditab Software,3.2,Software Product,"Promotions, Company Culture, Work Life Balance"
Olympus,3.8,Medical Equipment,"Job Security, Work Life Balance"
Techahead Software,3.6,IT Services & Consulting,Skill Development
Pran Beverages India,3.8,Beverage,"Promotions, Job Security"
Moreish Food,3.4,Food Processing,"Company Culture, Job Security, Promotions"
Link Group,3.8,Financial Services,"Work Life Balance, Job Security"
SrinSoft Technologies,3.7,IT Services & Consulting,
Toshiba Water Solutions,3.8,Waste Management,"Work Life Balance, Job Security"
OPG Mobility,3.0,Automobile,"Job Security, Company Culture, Promotions"
Reecomps Teleservices,3.8,Telecom,"Promotions, Job Security"
Deutsche Telekom Digital Labs,3.5,Software Product,"Promotions, Work Satisfaction, Salary"
Eurofins Scientific,3.2,"Testing, Inspection and Certification (TIC)","Promotions, Job Security, Company Culture"
Jindal Worldwide,3.5,Fashion & Textile,"Promotions, Company Culture, Salary"
Corrival Corporate Services,4.2,Recruitment,"Work Life Balance, Salary, Company Culture"
Jyoti Structures,4.0,Power,"Company Culture, Work Life Balance, Job Security"
TEOCO Software,4.0,IT Services & Consulting,"Work Life Balance, Company Culture, Job Security"
Fresher Than Fresh,4.0,Retail,"Company Culture, Work Life Balance, Work Satisfaction"
Groupe Lactalis,3.5,FMCG,"Promotions, Job Security, Work Satisfaction"
B4S Solutions,3.9,Law Enforcement & Security,"Work Life Balance, Work Satisfaction"
IVTL Infoview Technologies,3.5,IT Services & Consulting,"Job Security, Promotions, Work Satisfaction"
Innoplexus,4.2,IT Services & Consulting,"Work Life Balance, Skill Development, Company Culture"
Colourtex,3.8,Chemicals,"Job Security, Work Life Balance"
Scania,3.6,Auto Components,"Promotions, Job Security, Salary"
Dr Oetker,4.1,Food Processing,"Work Life Balance, Company Culture, Salary"
Microlink Solutions,3.6,IT Services & Consulting,"Promotions, Salary, Work Satisfaction"
Gleeds Consulting (India) Pvt. Ltd,4.2,Real Estate,"Work Life Balance, Company Culture, Work Satisfaction"
Kserve Bpo,4.3,BPO,"Company Culture, Work Life Balance, Work Satisfaction"
Flexituff Ventures International,3.4,Packaging,"Salary, Promotions, Company Culture"
Successive Technologies,3.7,IT Services & Consulting,Work Life Balance
Bo International,4.1,Beauty & Personal Care,"Work Life Balance, Company Culture, Work Satisfaction"
Vivifi India Finance,3.4,NBFC,"Promotions, Work Life Balance, Work Satisfaction"
Enser Communications,2.6,IT Services & Consulting,"Promotions, Work Satisfaction, Job Security"
Touchstone Educationals,3.2,Education & Training,"Promotions, Job Security, Work Satisfaction"
Mordor Intelligence,2.6,Analytics & KPO,"Skill Development, Work Satisfaction, Job Security"
Ceragon Networks,3.8,Telecom,Work Life Balance
REPUBLIC MEDIA NETWORK,3.5,Media & Entertainment,"Company Culture, Work Life Balance, Work Satisfaction"
Affluent Global Services,2.7,IT Services & Consulting,"Job Security, Promotions, Skill Development"
Vcare Call Center,3.3,BPO,"Job Security, Promotions, Company Culture"
TLC DigiTech Private Limited,3.3,Hospitality,"Promotions, Company Culture, Work Satisfaction"
Decimal Technologies,2.5,Software Product,"Job Security, Salary, Promotions"
BeatO,3.2,Fitness & Wellness,"Promotions, Job Security, Work Satisfaction"
La-Gajjar Machineries,4.1,Electronics Manufacturing,"Company Culture, Work Life Balance"
South Eastern Coalfields,4.3,Metals & Mining,"Skill Development, Work Life Balance, Work Satisfaction"
VHS Consulting,3.8,IT Services & Consulting,Work Life Balance
ePack Durables Solutions,3.5,Electronics Manufacturing,"Job Security, Promotions, Company Culture"
Laxmi-Agni Components and Forging,4.1,Industrial Machinery,"Job Security, Skill Development, Company Culture"
Shree Vasu Logistics Limited,3.4,Logistics,"Job Security, Promotions, Salary"
King George's Medical University,4.2,Education & Training,"Skill Development, Work Life Balance, Work Satisfaction"
MMTC-PAMP,4.0,Metals & Mining,"Work Life Balance, Salary, Company Culture"
Decimal Technologies,2.5,Software Product,"Job Security, Salary, Promotions"
Simform,3.6,IT Services & Consulting,Work Life Balance
Chitkara University,4.1,Education & Training,"Work Life Balance, Job Security, Skill Development"
Eternis Fine Chemicals,3.3,Chemicals,"Promotions, Work Satisfaction, Job Security"
VHS Consulting,3.8,IT Services & Consulting,Work Life Balance
Oben Electric Vehicle,4.2,Automobile,"Salary, Work Life Balance, Work Satisfaction"
Bank Muscat,4.0,Banking,"Job Security, Work Satisfaction, Skill Development"
Ritu Kumar,3.9,Fashion & Textile,"Job Security, Skill Development"
Soothe Healthcare,3.1,Healthcare,"Job Security, Promotions, Company Culture"
MT Educare,2.7,EdTech,"Salary, Promotions, Job Security"
Mark's,4.0,Telecom,"Job Security, Work Life Balance, Salary"
Dunnhumby,3.8,Analytics & KPO,"Work Life Balance, Company Culture, Job Security"
RateGain,3.6,IT Services & Consulting,"Promotions, Job Security, Work Satisfaction"
Milan Laboratories India Private Limited,3.5,Pharma,"Promotions, Company Culture, Work Life Balance"
PES Engineers,4.2,Engineering & Construction,"Work Life Balance, Work Satisfaction, Job Security"
Prakash Industries,3.7,Metals & Mining,Job Security
State Street Global Advisors,3.4,Bengaluru +6 other locations,"Promotions, Salary, Skill Development"
Nahars Engineering India,3.3,Auto Components,"Company Culture, Work Life Balance, Work Satisfaction"
BMW Industries,3.3,Iron & Steel,"Promotions, Salary, Company Culture"
Absolute Barbecues,3.8,Hospitality,"Salary, Company Culture"
Third wave Coffee Roasters,3.4,Hospitality,"Promotions, Company Culture, Work Satisfaction"
Absolute Barbecues,3.8,Hospitality,"Salary, Company Culture"
Broker Network,2.3,Internet,"Job Security, Promotions, Company Culture"
MEDICO Healthcare Services & Technologies,3.1,Healthcare,"Promotions, Company Culture, Job Security"
Petrofac Engineering India,4.5,Petrochemicals,"Work Life Balance, Work Satisfaction, Salary"
Putzmeister Concrete Machines,3.5,Industrial Machinery,"Promotions, Work Satisfaction, Job Security"
Sutlej Textiles and Industries,3.8,Fashion & Textile,"Job Security, Work Life Balance"
RAXA,4.2,Law Enforcement & Security,"Job Security, Work Life Balance, Skill Development"
Indo Rama Synthetics (i),3.6,Fashion & Textile,Job Security
Synthite Industries,4.1,Food Processing,"Work Life Balance, Job Security, Company Culture"
Reliance Money,4.3,Financial Services,"Company Culture, Work Life Balance, Work Satisfaction"
Gold's Gym,3.8,Fitness & Wellness,Work Life Balance
Reliance Home Finance,4.0,NBFC,"Company Culture, Work Life Balance, Skill Development"
Hippo Homes,3.5,Retail,"Job Security, Company Culture, Work Satisfaction"
Ivy Hospital,3.8,Healthcare,Promotions
Innovapptive,4.3,Software Product,"Salary, Skill Development, Company Culture"
AIS InfoSource,3.7,BPO,Job Security
Kanoria Chemicals & Industries,3.7,Chemicals,"Job Security, Work Life Balance"
M Swasth Solutions,3.3,Gurugram +45 other locations,"Promotions, Job Security, Salary"
NMIMS,3.7,Education & Training,Work Life Balance
Pradan,3.7,Non-Profit,Skill Development
CompuGroup Medical,3.1,Software Product,"Promotions, Company Culture, Work Life Balance"
Merkle,3.4,Mumbai +12 other locations,Work Life Balance
Texspin Bearings,4.1,Auto Components,"Work Life Balance, Skill Development, Company Culture"
Flair Writing Instruments,3.6,Other,"Promotions, Company Culture, Work Satisfaction"
MAKEEN Energy,3.7,Oil & Gas,"Promotions, Company Culture, Work Life Balance"
SPRAY ENGINEERING DEVICES,4.2,Industrial Machinery,"Job Security, Company Culture, Work Life Balance"
Uni Cards,3.8,FinTech,Salary
Kalyani Forge,3.5,Iron & Steel,"Company Culture, Job Security, Work Satisfaction"
Information Services Group,3.6,IT Services & Consulting,Work Life Balance
Indo Nissin Foods,3.9,Food Processing,"Work Life Balance, Job Security, Work Satisfaction"
Spacewood,3.5,Furniture & Furnishing,"Promotions, Salary, Company Culture"
Archwell Operations,3.4,IT Services & Consulting,"Promotions, Job Security, Skill Development"
Anlage Infotech,3.2,IT Services & Consulting,"Job Security, Promotions, Skill Development"
Cogent,3.2,IT Services & Consulting,"Promotions, Salary, Work Satisfaction"
Inchcape Shipping Services,3.3,Ports & Shipping,"Promotions, Skill Development, Company Culture"
Tata CLiQ,2.9,Internet,"Promotions, Company Culture, Work Satisfaction"
Data Patterns,3.2,Defence & Aerospace,Job Security
Dr Mohan's Diabetes Specialities Centre,3.7,Healthcare,"Work Life Balance, Salary"
Deep Industries,3.6,Oil & Gas,"Promotions, Salary, Company Culture"
Antino,2.7,Emerging Technologies,"Job Security, Company Culture, Work Life Balance"
Liebherr Appliances India,3.7,Industrial Machinery,"Promotions, Work Satisfaction, Company Culture"
Rotostat Services,3.9,Industrial Machinery,"Job Security, Promotions"
Ananth Technologies,3.7,Electronics Manufacturing,Job Security
Artech,3.1,Architecture & Interior Design,"Promotions, Job Security, Company Culture"
Data Patterns,3.2,Defence & Aerospace,Job Security
Deep Industries,3.6,Oil & Gas,"Promotions, Salary, Company Culture"
Inchcape Shipping Services,3.3,Ports & Shipping,"Promotions, Skill Development, Company Culture"
Motion Education,3.4,Education & Training,"Promotions, Salary, Company Culture"
Shangri-la Hotels & Resorts,4.2,Hospitality,"Skill Development, Company Culture, Work Life Balance"
iLink Digital,2.9,IT Services & Consulting,"Promotions, Job Security, Work Satisfaction"
KC Overseas Education,3.6,EdTech,"Job Security, Promotions, Work Satisfaction"
Bilt Graphic Paper Products,3.8,Pulp & Paper,"Job Security, Work Life Balance"
dsm-firmenich,3.9,Biotechnology,"Work Life Balance, Salary, Company Culture"
IPCS GLOBAL SOLUTIONS PVT LTD,4.2,Education & Training,"Skill Development, Company Culture, Work Life Balance"
OSI Digital,3.5,IT Services & Consulting,"Promotions, Salary, Work Satisfaction"
WovVTech,4.3,Software Product,"Work Life Balance, Company Culture, Work Satisfaction"
Jesons Industries,3.3,Chemicals,"Company Culture, Promotions, Work Satisfaction"
Cleartrip,3.1,Travel & Tourism,"Promotions, Work Satisfaction, Job Security"
Exponentia.ai,3.8,Emerging Technologies,"Work Life Balance, Skill Development, Salary"
Nuberg Engineering,3.6,Industrial Machinery,"Promotions, Skill Development, Work Satisfaction"
Droom,3.1,Internet,"Job Security, Promotions, Work Satisfaction"
Embassy Services,3.7,Facility Management Services,"Promotions, Work Satisfaction"
Beri Udyog,3.8,Industrial Machinery,"Promotions, Salary"
The Souled Store,3.7,Fashion & Textile,"Promotions, Work Satisfaction, Job Security"
Marsh,4.1,Insurance,"Work Life Balance, Job Security, Company Culture"
Keolis Hyderabad Metro,3.9,Urban Transport,"Job Security, Work Life Balance"
Mold-Tek Technologies,3.1,IT Services & Consulting,"Promotions, Work Satisfaction, Salary"
Commerce Pundit,4.4,IT Services & Consulting,"Company Culture, Work Life Balance, Work Satisfaction"
UGC Supply Chain Solutions,3.3,Logistics,"Promotions, Salary, Company Culture"
Bodal Chemicals,3.5,Chemicals,"Promotions, Company Culture, Salary"
Equentis Wealth Advisory Services,3.4,Financial Services,"Work Life Balance, Company Culture, Work Satisfaction"
Torque Pharmaceuticals,3.9,Pharma,"Company Culture, Work Life Balance"
PagarBook,3.6,Software Product,"Job Security, Promotions, Skill Development"
Indo National Limited (Nippo),4.2,FMCG,"Work Life Balance, Company Culture, Job Security"
Pathfinder Business Analysis,3.5,Management Consulting,"Promotions, Company Culture, Job Security"
Besant Technologies,3.7,Education & Training,"Salary, Job Security, Promotions"
Truemeds,3.4,Pharma,"Promotions, Job Security, Company Culture"
Webasto Roofsystems India,4.0,Automobile,"Company Culture, Work Life Balance, Skill Development"
ACUTAAS CHEMICALS LIMITED,3.7,Pharma,"Salary, Job Security"
Torque Pharmaceuticals,3.9,Pharma,"Company Culture, Work Life Balance"
Indo National Limited (Nippo),4.2,FMCG,"Work Life Balance, Company Culture, Job Security"
Pin Click,3.5,Real Estate,"Job Security, Company Culture, Work Life Balance"
SCON Projects,4.4,Engineering & Construction,"Job Security, Company Culture, Salary"
Webasto Roofsystems India,4.0,Automobile,"Company Culture, Work Life Balance, Skill Development"
Truemeds,3.4,Pharma,"Promotions, Job Security, Company Culture"
AGROCEL INDUSTRIES,4.3,Chemicals,"Job Security, Company Culture, Work Life Balance"
Moneyboxx Finance,3.5,NBFC,Salary
VISTRA INTERNATIONAL EXPANSION,3.4,Management Consulting,"Promotions, Salary, Work Satisfaction"
Motorola Solutions,3.6,Telecom,Work Life Balance
Manipal Business Solutions,3.8,Gurugram +56 other locations,"Company Culture, Work Life Balance"
TATA MEDICAL CENTER,3.7,Healthcare,"Job Security, Skill Development"
Nuance Communications,4.2,Software Product,"Work Life Balance, Salary, Company Culture"
Ibis,4.4,Hospitality,"Company Culture, Work Life Balance, Job Security"
Army Medical Corps,4.8,Healthcare,"Work Life Balance, Work Satisfaction, Job Security"
Elofic Industries,4.0,Auto Components,"Work Life Balance, Job Security, Salary"
Parker Hannifin,3.6,Industrial Machinery,"Promotions, Work Satisfaction, Skill Development"
Galaxy Weblinks,3.8,IT Services & Consulting,"Promotions, Salary, Job Security"
Saraca Solutions,4.0,IT Services & Consulting,"Work Life Balance, Company Culture, Salary"
Gates,2.9,Industrial Automation,"Promotions, Job Security, Work Satisfaction"
Bioseed,4.2,Agriculture,"Work Life Balance, Company Culture, Job Security"
Ajax Engineering,3.9,Engineering & Construction,"Company Culture, Work Life Balance, Skill Development"
CENTRUM HOUSING FINANCE,4.0,Financial Services,"Work Life Balance, Company Culture, Work Satisfaction"
SAS,4.3,IT Services & Consulting,"Work Life Balance, Company Culture, Job Security"
EagleBurgmann,4.2,Industrial Machinery,"Job Security, Work Life Balance, Company Culture"
Elofic Industries,4.0,Auto Components,"Work Life Balance, Job Security, Salary"
Army Medical Corps,4.8,Healthcare,"Work Life Balance, Work Satisfaction, Job Security"
Parker Hannifin,3.6,Industrial Machinery,"Promotions, Work Satisfaction, Skill Development"
Polestar Consulting,4.5,IT Services & Consulting,"Company Culture, Work Life Balance, Work Satisfaction"
Vikas Money,4.8,NBFC,"Company Culture, Work Life Balance, Work Satisfaction"
Horiba India,3.4,Industrial Machinery,"Promotions, Work Satisfaction, Skill Development"
Rohan Motors,3.9,Automobile,"Job Security, Company Culture, Work Life Balance"
Pha India,4.0,Auto Components,Job Security
TezTecch,4.8,IT Services & Consulting,"Skill Development, Company Culture, Work Life Balance"
Preethi Kitchen Appliances,4.0,Electronics Manufacturing,"Salary, Company Culture, Work Life Balance"
INFOSEC VENTURES,3.2,IT Services & Consulting,"Promotions, Company Culture, Work Life Balance"
Ksolves India Limited,2.8,IT Services & Consulting,"Promotions, Job Security, Company Culture"
Informatica Business Solutions,3.9,Software Product,"Work Life Balance, Company Culture, Salary"
Tata Lockheed Martin Aerostructures,4.0,Defence & Aerospace,"Job Security, Skill Development, Company Culture"
Apex Hospital,4.0,Healthcare,"Skill Development, Work Life Balance, Company Culture"
Govt. Medical College,4.1,Education & Training,"Skill Development, Work Life Balance, Work Satisfaction"
C DOT,3.8,Telecom,"Work Life Balance, Job Security"
NATIONAL SKILL DEVELOPMENT CORPORATION,3.5,Non-Profit,"Promotions, Job Security, Company Culture"
BridgeLabz Solutions,3.1,EdTech,"Job Security, Salary, Promotions"
Informatica Business Solutions,3.9,Software Product,"Work Life Balance, Company Culture, Salary"
TezTecch,4.8,IT Services & Consulting,"Skill Development, Company Culture, Work Life Balance"
Khanna Paper Mills,3.8,Pulp & Paper,"Promotions, Job Security"
Root Industries,4.1,Auto Components,"Job Security, Work Life Balance, Company Culture"
ICA Pidilite,4.0,Furniture & Furnishing,"Job Security, Work Life Balance, Company Culture"
Kerakoll,4.2,Building Material,"Work Life Balance, Company Culture, Work Satisfaction"
Kopran,3.6,Pharma,Job Security
Purnartha Investment Advisors,4.1,Financial Services,"Work Life Balance, Company Culture, Work Satisfaction"
Altum Credo Home Finance,3.7,NBFC,Salary
Magicrete Building Solutions,3.8,Building Material,Job Security
AWC Software,3.6,IT Services & Consulting,Work Life Balance
Satyesh Brinechem,3.2,Chemicals,"Job Security, Promotions, Company Culture"
Brnd.Me,3.7,Internet,"Promotions, Work Satisfaction, Job Security"
Religare Finvest,4.3,Financial Services,"Company Culture, Work Life Balance, Work Satisfaction"
InMobi,3.0,Marketing & Advertising,"Job Security, Promotions, Work Satisfaction"
Quest Global Technologies,3.5,IT Services & Consulting,"Promotions, Job Security, Salary"
Biostadt,4.2,Mumbai +59 other locations,"Company Culture, Work Life Balance, Job Security"
TechMojo Solutions,3.8,IT Services & Consulting,"Job Security, Salary, Work Satisfaction"
TPI Composites,4.3,Industrial Machinery,"Company Culture, Work Life Balance, Work Satisfaction"
Mitsui O.S.K. Lines,4.0,Ports & Shipping,"Work Life Balance, Job Security, Company Culture"
Blazeclan Technologies,3.7,IT Services & Consulting,Skill Development
Akbar Travels,3.5,Travel & Tourism,"Promotions, Salary, Company Culture"
Parijat Industries (India),4.0,Chemicals,"Company Culture, Work Life Balance, Salary"
Ubique Systems,4.1,Recruitment,"Work Life Balance, Salary, Company Culture"
Rajapushpa Properties,3.9,Real Estate,"Work Life Balance, Job Security"
XenonStack,3.0,Emerging Technologies,"Work Life Balance, Company Culture, Work Satisfaction"
Tci Freight,4.2,Logistics,"Company Culture, Skill Development, Work Life Balance"
Air India Express,3.3,Aviation,"Promotions, Company Culture, Work Satisfaction"
India Post Payments Bank,4.3,Government,"Work Life Balance, Company Culture, Job Security"
SAMCO Securities,3.9,Financial Services,"Skill Development, Company Culture, Work Life Balance"
Mehin,3.9,Software Product,"Work Life Balance, Skill Development, Company Culture"
KP GROUP,4.2,Logistics,"Skill Development, Salary, Work Life Balance"
UL Solutions,3.9,"Testing, Inspection and Certification (TIC)","Work Life Balance, Company Culture"
SILA Group (India),3.6,Internet,Promotions
Futaba Industrial Gujarat,4.5,Auto Components,"Job Security, Company Culture, Work Life Balance"
Tps Infrastructure,4.0,Industrial Machinery,"Salary, Work Life Balance, Work Satisfaction"
Futaba Industrial Gujarat,4.5,Auto Components,"Job Security, Company Culture, Work Life Balance"
SAMCO Securities,3.9,Financial Services,"Skill Development, Company Culture, Work Life Balance"
SILA Group (India),3.6,Internet,Promotions
SMC Power Generation,3.7,Iron & Steel,"Promotions, Company Culture, Job Security"
Rolta India,3.6,IT Services & Consulting,"Job Security, Company Culture, Work Satisfaction"
Yaantra,3.6,Internet,"Promotions, Job Security"
Resonance Eduventures,3.8,EdTech,"Work Life Balance, Company Culture, Skill Development"
Tata Housing Development Company,4.2,Real Estate,"Company Culture, Work Life Balance, Salary"
Cloud Analogy,3.8,IT Services & Consulting,"Skill Development, Salary, Promotions"
FAIRWAY ENTERPRISES,4.0,Leather,"Salary, Work Life Balance"
Gainwell Technologies,4.0,Healthcare,"Work Life Balance, Company Culture, Job Security"
Marque Impex,4.1,Import & Export,"Work Life Balance, Company Culture, Skill Development"
Vijay Tanks & Vessels,4.3,Engineering & Construction,"Job Security, Company Culture, Work Life Balance"
TransPerfect,3.1,Hardware & Networking,"Promotions, Salary, Skill Development"
Sri Ramachandra Institute of Higher Education and Research,3.9,Education & Training,"Job Security, Skill Development, Work Life Balance"
Tata Asset Management Private Limited,3.7,Financial Services,Work Life Balance
Modern Automotives,4.1,Auto Components,"Work Life Balance, Skill Development, Salary"
Rapid Care Transcription,4.3,Analytics & KPO,"Work Life Balance, Job Security, Company Culture"
ABCD,4.0,Education & Training,"Company Culture, Work Life Balance, Work Satisfaction"
U R Rao Satellite Centre,4.3,Bengaluru +19 other locations,"Company Culture, Work Life Balance, Job Security"
Modicare,4.0,Beauty & Personal Care,"Work Life Balance, Company Culture, Salary"
Manipal HealthMap,3.9,Healthcare,"Work Life Balance, Skill Development"
IFB Automotive,3.7,Auto Components,"Promotions, Skill Development, Company Culture"
Hinduja Group,3.6,Automobile,"Promotions, Skill Development, Salary"
Network Intelligence India,3.0,Emerging Technologies,"Promotions, Job Security, Company Culture"
Hicare Services,3.9,Facility Management Services,"Company Culture, Salary"
Globus Stores,3.5,Retail,"Promotions, Company Culture, Job Security"
Hyundai Motor India Engineering,4.0,IT Services & Consulting,"Job Security, Work Life Balance, Company Culture"
Anri Solutions HR Services,4.0,Recruitment,"Company Culture, Work Life Balance, Work Satisfaction"
HEPL - A Cavinkare Group Company,3.4,Recruitment,"Promotions, Salary, Job Security"
MidasCare Pharmaceuticals,3.3,Pharma,"Promotions, Company Culture, Work Satisfaction"
Utkal Alumina International,4.2,Chemicals,"Work Life Balance, Job Security, Company Culture"
Three D Integrated Solutions Ltd,3.3,Aviation,"Promotions, Company Culture, Work Life Balance"
Jm Frictech,3.3,Industrial Machinery,"Company Culture, Promotions, Job Security"
NGK Spark Plugs,4.2,Auto Components,"Work Life Balance, Job Security, Company Culture"
Pilot Industries,3.7,Metals & Mining,"Company Culture, Job Security, Promotions"
N.K. Realtors,4.0,Real Estate,"Job Security, Work Life Balance, Skill Development"
InSync Analytics,2.3,Analytics & KPO,"Work Life Balance, Company Culture, Work Satisfaction"
Bazar India,3.7,Retail,"Promotions, Salary, Work Life Balance"
Upstox,3.5,FinTech,"Promotions, Company Culture, Work Satisfaction"
Three D Integrated Solutions Ltd,3.3,Aviation,"Promotions, Company Culture, Work Life Balance"
Special Technical Services,4.1,Oil & Gas,"Company Culture, Work Life Balance, Job Security"
N.K. Realtors,4.0,Real Estate,"Job Security, Work Life Balance, Skill Development"
Pilot Industries,3.7,Metals & Mining,"Company Culture, Job Security, Promotions"
Tresor Systems,3.8,Retail,"Company Culture, Promotions"
Gulf Asia Contracting,3.5,Engineering & Construction,Job Security
Vinsum Axpress,3.5,Logistics,"Company Culture, Work Satisfaction, Job Security"
Colorbar Cosmetics,4.2,Beauty & Personal Care,"Work Life Balance, Work Satisfaction, Skill Development"
Solugenix India Private Limited,3.2,IT Services & Consulting,"Promotions, Job Security, Skill Development"
MiM-Essay,4.6,Education & Training,"Skill Development, Company Culture, Work Satisfaction"
Roulunds Braking,3.5,Auto Components,"Promotions, Company Culture, Work Satisfaction"
Liyaans Properties,4.9,Real Estate,"Company Culture, Salary, Work Life Balance"
VIS Networks,3.7,Telecom,"Promotions, Salary, Company Culture"
Haldiram's Prabhuji,2.9,Hospitality,"Promotions, Job Security, Company Culture"
Biryani By Kilo,4.3,Hospitality,"Work Life Balance, Skill Development, Company Culture"
Crimson Interactive,2.3,Content Development,"Promotions, Work Life Balance, Company Culture"
Flender,3.5,Industrial Machinery,Job Security
AtomicNorth,4.4,IT Services & Consulting,"Company Culture, Work Life Balance, Work Satisfaction"
GENWORKS Health,3.1,Healthcare,"Promotions, Job Security, Salary"
Continental Hospitals,4.0,Healthcare,"Job Security, Company Culture, Work Life Balance"
BTL EPC LTD,3.7,Industrial Machinery,"Promotions, Work Satisfaction, Company Culture"
Chhatrapati Shivaji International Airport,3.5,Real Estate,"Promotions, Job Security, Company Culture"
Skandhanshi Infra Projects,4.3,Real Estate,"Work Life Balance, Company Culture, Work Satisfaction"
Moody's,3.9,Analytics & KPO,"Work Life Balance, Company Culture, Salary"
Amgen,2.9,Biotechnology,"Promotions, Work Satisfaction, Company Culture"
Edunext Technologies,3.8,EdTech,
Aneja Associates,3.4,Accounting & Auditing,"Promotions, Salary, Company Culture"
Counsel India,4.2,EdTech,"Company Culture, Work Life Balance, Work Satisfaction"
Svasti Microfinance,3.9,Financial Services,"Company Culture, Work Life Balance, Job Security"
Biorad Medisys,3.7,Healthcare,"Promotions, Salary, Work Satisfaction"
Girnar Care,3.5,BPO,"Promotions, Salary, Skill Development"
Videojet Technologies,3.8,Consumer Electronics & Appliances,"Salary, Company Culture"
Fulcrum Digital,3.4,IT Services & Consulting,"Promotions, Job Security, Skill Development"
ARaymond,3.9,Auto Components,"Company Culture, Skill Development"
Fare Labs,2.4,Analytics & KPO,"Company Culture, Promotions, Work Life Balance"
Red FM 93.5,3.7,Broadcasting,"Promotions, Skill Development, Company Culture"
Corient Business Solutions,3.2,Accounting & Auditing,"Promotions, Salary, Work Satisfaction"
Toppan Merrill,3.8,Financial Services,"Work Life Balance, Company Culture"
Shanthi Gears,3.2,Auto Components,"Promotions, Company Culture, Work Life Balance"
Faiveley Transport,4.0,Railways,"Company Culture, Skill Development, Work Life Balance"
Tbea Energy,4.0,Electrical Equipment,"Job Security, Company Culture, Work Life Balance"
John Deere Financial,4.3,NBFC,"Company Culture, Work Life Balance, Skill Development"
Vidya Mandir Classes,3.3,EdTech,"Promotions, Skill Development, Work Satisfaction"
Radhakrishna Foodland,3.9,Logistics,"Company Culture, Job Security, Skill Development"
Orchid Chemicals & Pharmaceuticals,4.1,Pharma,"Skill Development, Job Security, Company Culture"
Xplore-Tech Services,3.2,BPO,"Promotions, Company Culture, Salary"
Six Sigma Soft Solutions,3.5,IT Services & Consulting,"Promotions, Job Security, Skill Development"
Orange Health Labs,4.0,Healthcare,"Salary, Work Life Balance, Company Culture"
The Co-operative Bank,3.7,Banking,"Promotions, Salary"
Daffodil Software,3.7,IT Services & Consulting,Skill Development
Destek Infosolutions,4.2,IT Services & Consulting,"Skill Development, Company Culture, Work Life Balance"
Su-Kam Power Systems,3.5,Power,"Job Security, Company Culture, Work Satisfaction"
Ramoji Film City,4.2,Events,"Job Security, Work Life Balance, Work Satisfaction"
Autoline Industries,3.4,Auto Components,"Promotions, Company Culture, Salary"
PP Rolling Mills,3.8,Industrial Machinery,Promotions
TRIGO Group,2.6,Auto Components,"Promotions, Company Culture, Work Satisfaction"
Marengo Asia Hospitals,4.0,Healthcare,"Work Life Balance, Salary"
Turito,3.2,EdTech,"Promotions, Salary, Company Culture"
Infiiloom,3.2,Fashion & Textile,"Promotions, Salary, Job Security"
Valethi Technologies,3.1,Analytics & KPO,"Promotions, Job Security, Skill Development"
Evonith Steel,3.9,Iron & Steel,"Job Security, Company Culture, Work Life Balance"
Square Bpo Services,3.2,BPO,"Promotions, Salary, Work Satisfaction"
Milk Mantra Dairy,3.7,Food Processing,Promotions
Venus Home Appliances,4.2,Consumer Electronics & Appliances,"Work Life Balance, Company Culture, Job Security"
Bhutani Group,4.2,Real Estate,"Work Life Balance, Work Satisfaction, Company Culture"
Josh Talks,4.1,Broadcasting,"Work Life Balance, Company Culture, Skill Development"
Rishabh Instruments Limited,3.8,Electronics Manufacturing,"Job Security, Work Life Balance, Skill Development"
SBL,3.5,IT Services & Consulting,"Promotions, Salary, Skill Development"
CallHealth,3.3,Healthcare,"Promotions, Job Security, Skill Development"
Cummins Generator Technologies,4.1,Industrial Machinery,"Skill Development, Company Culture, Work Life Balance"
Fleet Management,4.0,Ports & Shipping,"Job Security, Company Culture, Work Life Balance"
Jagran Prakashan,3.6,Printing & Publishing,"Promotions, Salary, Company Culture"
Ayesa,3.9,IT Services & Consulting,Work Life Balance
Vishay Components,4.0,Electronics Manufacturing,"Work Life Balance, Company Culture"
Malayala Manorama,3.7,Printing & Publishing,Work Life Balance
Hyundai Engineering,3.8,Engineering & Construction,Salary
JSW Severfield Structures,3.9,Engineering & Construction,"Promotions, Company Culture"
Shivam Infocom,4.5,Telecom,"Work Life Balance, Company Culture, Salary"
Smart Energy Water,2.5,IT Services & Consulting,"Company Culture, Work Satisfaction, Promotions"
Career Launcher,3.8,Education & Training,Job Security
Malayala Manorama,3.7,Printing & Publishing,Work Life Balance
Hyundai Engineering,3.8,Engineering & Construction,Salary
Lumiq,3.6,IT Services & Consulting,"Skill Development, Salary"
Network Techlab,3.6,Hardware & Networking,"Promotions, Salary, Company Culture"
Gujarat Narmada Valley Fertilizers & Chemicals,4.3,Agro Chemicals,"Work Life Balance, Company Culture, Job Security"
Tech Mahindra Foundation,4.0,Non-Profit,"Work Life Balance, Company Culture, Work Satisfaction"
Comcast India Engineering Center,3.7,Software Product,"Work Life Balance, Company Culture, Salary"
Manohar Filaments,3.8,Fashion & Textile,Skill Development
Navigators Software,4.1,IT Services & Consulting,"Salary, Skill Development, Work Life Balance"
ITCube Solutions,2.8,IT Services & Consulting,"Promotions, Company Culture, Skill Development"
Weatherford,3.4,Oil & Gas,"Promotions, Job Security, Skill Development"
BetterPlace Safety Solutions,3.2,IT Services & Consulting,"Job Security, Promotions, Skill Development"
Sapphire Infocom,4.7,IT Services & Consulting,"Company Culture, Work Satisfaction, Skill Development"
Entertainment Network India,3.5,Media & Entertainment,Company Culture
MKU,3.1,Defence & Aerospace,"Company Culture, Promotions, Work Life Balance"
IDMC,3.5,Industrial Machinery,Job Security
Prithvi Innerwears Private Limited,4.8,Fashion & Textile,"Company Culture, Work Life Balance, Job Security"
Software AG,4.3,Software Product,"Company Culture, Work Life Balance, Work Satisfaction"
Mol Information Processing Services India,3.3,IT Services & Consulting,"Promotions, Work Satisfaction, Company Culture"
Blackbuck Insights,3.7,IT Services & Consulting,Work Life Balance
Blackbuck Insights,3.7,IT Services & Consulting,Work Life Balance
Supreme Treon,3.9,Auto Components,"Job Security, Work Life Balance, Work Satisfaction"
Arvind Techno Engineers,4.0,Engineering & Construction,"Job Security, Salary, Skill Development"
Amphenol Fci,3.7,Electrical Equipment,"Promotions, Company Culture, Work Satisfaction"
City Montessori School,3.5,Education & Training,"Salary, Skill Development"
Software AG,4.3,Software Product,"Company Culture, Work Life Balance, Work Satisfaction"
Shirdi Sai Electricals,3.6,Power,Job Security
COWI,4.2,Engineering & Construction,"Work Life Balance, Company Culture, Job Security"
Vegrow,3.8,Internet,"Company Culture, Salary"
Heads Up For Tails,3.5,Retail,"Promotions, Company Culture, Work Satisfaction"
Nippon Data Systems,3.3,IT Services & Consulting,"Promotions, Job Security, Skill Development"
Janatics India,3.9,Industrial Automation,"Work Life Balance, Job Security"
UTI Asset Management Company,3.8,Financial Services,"Work Life Balance, Job Security"
Andhra Pradesh State Skill Development Corporation,4.0,Non-Profit,"Skill Development, Company Culture, Work Life Balance"
Transaction Solutions International (India) Pvt Ltd,3.8,Financial Services,Work Life Balance
S.S. Kothari Mehta & Co,3.6,Accounting & Auditing,"Salary, Promotions, Company Culture"
AmpleLogic,4.0,Software Product,"Work Satisfaction, Skill Development, Salary"
Zen Technologies,4.0,Defence & Aerospace,"Skill Development, Work Life Balance, Work Satisfaction"
CONTUS TECH,4.0,IT Services & Consulting,"Work Satisfaction, Job Security, Skill Development"
Wanbury,3.6,Pharma,"Promotions, Skill Development, Work Satisfaction"
Crossword Bookstores,3.6,Retail,"Promotions, Company Culture, Salary"
Praxis home Retail,3.7,Retail,"Work Life Balance, Skill Development"
Wanbury,3.6,Pharma,"Promotions, Skill Development, Work Satisfaction"
Born Group,3.6,Marketing & Advertising,"Promotions, Company Culture, Work Satisfaction"
LoansJagat.com,3.9,Financial Services,"Company Culture, Work Life Balance, Work Satisfaction"
ICE Data Services,3.2,Financial Services,"Promotions, Skill Development, Company Culture"
Rajesh Motors,3.8,Automobile,Skill Development
International Certification Services,3.1,Other,"Promotions, Salary, Job Security"
WinWire,3.2,IT Services & Consulting,"Job Security, Work Satisfaction, Work Life Balance"
Shriram Fortune Solutions,3.5,Financial Services,"Promotions, Company Culture, Work Satisfaction"
TechStar Group,4.0,IT Services & Consulting,"Work Life Balance, Salary, Company Culture"
Emiza Supply Chain Services Private Limited,3.6,Logistics,"Job Security, Promotions, Company Culture"
Ohmium,3.4,Power,"Job Security, Promotions, Skill Development"
Igarashi Motors,3.8,Auto Components,"Job Security, Skill Development"
Gokul Agro Resources,3.7,FMCG,Promotions
Thejo Engineering,4.0,Engineering & Construction,"Job Security, Work Life Balance, Salary"
Elsamex Maintenance Services,4.0,Facility Management Services,"Work Life Balance, Company Culture, Work Satisfaction"
Taikisha Engineering India,3.9,Industrial Machinery,"Job Security, Work Life Balance, Skill Development"
Alpha Design Technologies,3.6,Defence & Aerospace,"Promotions, Salary, Company Culture"
Karam Safety,4.2,Industrial Machinery,"Company Culture, Work Life Balance, Job Security"
Netaxis IT Solutions,3.9,IT Services & Consulting,"Skill Development, Promotions, Company Culture"
KFA Consultant,1.3,Dubai +2 other locations,"Company Culture, Work Life Balance, Work Satisfaction"
Innovalance Learning Systems,3.2,EdTech,"Promotions, Job Security, Company Culture"
ACME Group,4.6,Internet,"Salary, Work Life Balance, Job Security"
DNEG CREATIVE SERVICES,3.0,Animation & VFX,"Promotions, Salary, Company Culture"
Centrient Pharmaceuticals,3.6,Pharma,"Job Security, Promotions, Skill Development"
Zivame.com,3.7,Fashion & Textile,Skill Development
Mitsubishi Heavy Industries,4.2,Industrial Machinery,"Work Life Balance, Work Satisfaction, Job Security"
Fernandez Hospital,4.4,Healthcare,"Job Security, Work Life Balance, Skill Development"
Prasol Chemicals,3.3,Chemicals,"Promotions, Salary, Company Culture"
SmartStream Technologies,3.2,IT Services & Consulting,"Promotions, Company Culture, Work Satisfaction"
Barbrik Project Limited (PRA Group),3.7,Engineering & Construction,"Promotions, Job Security"
Vinculum Solutions,2.3,IT Services & Consulting,"Promotions, Salary, Job Security"
Mantra Softech,3.7,IT Services & Consulting,"Job Security, Work Life Balance"
ACT Plast Paints,3.9,Chemicals,Skill Development
KayBee Bio Organics,3.8,Agro Chemicals,Skill Development
Creative Group,4.3,Architecture & Interior Design,"Work Life Balance, Work Satisfaction, Job Security"
Lingaya's Vidyapeeth,4.4,Education & Training,"Company Culture, Work Life Balance, Skill Development"
India Pesticides,4.0,Agro Chemicals,"Job Security, Skill Development, Work Life Balance"
Stats Perform,3.3,Sports & Recreation,"Promotions, Skill Development, Work Satisfaction"
Barbrik Project Limited (PRA Group),3.7,Engineering & Construction,"Promotions, Job Security"
SACHA Engineering,3.3,IT Services & Consulting,"Promotions, Company Culture, Salary"
EKA Mobility,3.4,Automobile,"Company Culture, Job Security, Promotions"
Aditi Consulting,3.3,IT Services & Consulting,"Job Security, Promotions, Work Satisfaction"
ASP OL Media,3.8,Marketing & Advertising,"Salary, Company Culture"
Ziff Davis Performance Marketing,3.6,Marketing & Advertising,"Promotions, Job Security"
KisanKraft Machine Tools,3.2,Industrial Machinery,"Promotions, Job Security, Work Satisfaction"
Indel Money,4.1,NBFC,"Company Culture, Work Life Balance, Job Security"
Gulbrandsen,4.1,Chemicals,"Work Life Balance, Salary, Company Culture"
SkillVertex,3.2,EdTech,"Job Security, Promotions, Salary"
Roha Housing Finance,3.4,Financial Services,"Job Security, Company Culture, Work Life Balance"
Embio,4.0,Pharma,"Job Security, Work Life Balance, Skill Development"
Colan Infotech,4.0,IT Services & Consulting,"Work Life Balance, Skill Development, Salary"
Ruby General Hospital,3.4,Healthcare,"Promotions, Salary, Work Satisfaction"
KDK Software,2.7,Software Product,"Job Security, Company Culture, Work Satisfaction"
Bharat Broadband Network,3.8,Telecom,"Work Life Balance, Work Satisfaction"
Precision Camshafts,3.2,Auto Components,"Promotions, Salary, Work Satisfaction"
Emirates Airlines,3.9,Aviation,"Skill Development, Work Life Balance, Job Security"
Krishnapatnam Port,3.7,Ports & Shipping,"Work Life Balance, Skill Development"
Sahajanand Laser Technology,2.9,Industrial Machinery,"Promotions, Salary, Company Culture"
TVS Automobiles Solutions,3.5,Chennai +40 other locations,"Promotions, Company Culture, Work Satisfaction"
Mervice Infotech,3.5,BPO,"Promotions, Work Satisfaction, Job Security"
Aptia,2.7,IT Services & Consulting,"Promotions, Work Satisfaction, Skill Development"
Wardwizard Innovations & Mobility,3.1,Automobile,"Promotions, Salary, Job Security"
ECOS (I) MOBILITY & HOSPITALITY,3.8,Sports & Recreation,"Job Security, Work Satisfaction, Skill Development"
Sakarni Plaster,4.3,Building Material,"Work Life Balance, Work Satisfaction, Job Security"
MSC Technology India,4.0,IT Services & Consulting,"Job Security, Work Life Balance, Work Satisfaction"
Vnr Seeds,3.8,Agriculture,Skill Development
alliantgroup,2.2,Management Consulting,"Company Culture, Work Satisfaction, Job Security"
Walker Chandiok & Co,3.0,Accounting & Auditing,"Work Life Balance, Promotions, Company Culture"
Orange Retail Finance,4.1,Financial Services,"Company Culture, Work Life Balance, Work Satisfaction"
BajajSons,3.7,Automobile,"Company Culture, Promotions, Salary"
Thyssenkrupp Industries and Services,3.9,Pune +35 other locations,"Job Security, Salary"
Kh Exports,3.9,Import & Export,"Company Culture, Work Life Balance, Skill Development"
Ashok Iron Works,3.5,Industrial Machinery,"Promotions, Company Culture, Work Satisfaction"
UFO Moviez,3.2,Hospitality,"Promotions, Job Security, Skill Development"
Flyhomes,4.3,Internet,"Company Culture, Salary, Work Life Balance"
Orbit Techsol,3.6,IT Services & Consulting,"Promotions, Skill Development, Work Satisfaction"
The Cosmos Co-operative Bank,3.4,Banking,"Promotions, Work Satisfaction, Company Culture"
Sri Gopikrishna Infrastructure,3.8,Engineering & Construction,"Work Life Balance, Work Satisfaction"
Carzonrent,3.3,Travel & Tourism,"Promotions, Company Culture, Work Satisfaction"
Hidesign,3.0,Retail,"Promotions, Company Culture, Job Security"
World Health Organization,4.1,Government,"Work Satisfaction, Salary, Company Culture"
Gensol Engineering,3.7,Power,Salary
AccSource KPO,3.1,Accounting & Auditing,"Promotions, Company Culture, Work Satisfaction"
Teleone,3.8,Internet,"Promotions, Job Security, Salary"
LRS Services Pvt Ltd,3.9,IT Services & Consulting,"Work Life Balance, Company Culture, Work Satisfaction"
Manitou Equipment India,4.1,Industrial Machinery,"Work Life Balance, Company Culture, Job Security"
Jay Ushin,4.0,Auto Components,"Company Culture, Work Life Balance, Work Satisfaction"
Country Club India,3.2,Hospitality,"Job Security, Company Culture, Salary"
Sula Vineyards,4.0,Food Processing,"Work Life Balance, Company Culture, Work Satisfaction"
Cordlife Sciences India,3.4,Pharma,"Promotions, Skill Development, Salary"
Acma Computers,3.2,IT Services & Consulting,"Promotions, Company Culture, Work Satisfaction"
Vedika Credit Capital,3.4,NBFC,"Promotions, Salary, Job Security"
St Regis,4.2,Hospitality,"Job Security, Skill Development, Company Culture"
ZunRoof Tech,3.5,Power,"Job Security, Work Life Balance, Work Satisfaction"
Simplify Healthcare,2.6,Software Product,"Work Life Balance, Work Satisfaction, Promotions"
Nisum,2.7,IT Services & Consulting,"Job Security, Promotions, Work Satisfaction"
Crescon Projects & Services,3.5,Engineering & Construction,Salary
AARGEE STAFFING SERVICES,3.7,Recruitment,"Promotions, Job Security, Salary"
Pradhan Mantri Kaushal Vikas Yojana,4.2,Education & Training,"Work Life Balance, Skill Development, Company Culture"
Koye Pharmaceuticals,3.1,Pharma,"Promotions, Salary, Work Satisfaction"
Woodrock Infotech Private Limited,3.0,BPO,"Job Security, Promotions, Salary"
ZKTeco Biometrics,3.0,Law Enforcement & Security,"Company Culture, Work Satisfaction, Promotions"
Lokesh Machines,3.9,Industrial Machinery,"Work Life Balance, Skill Development"
Siemens PLM Software,4.1,Industrial Automation,"Work Life Balance, Job Security, Company Culture"
In2IT Technologies,2.9,IT Services & Consulting,"Promotions, Salary, Company Culture"
Appsierra,4.4,IT Services & Consulting,"Company Culture, Work Life Balance, Work Satisfaction"
Bureau of Indian Standards,4.0,Government,"Work Life Balance, Work Satisfaction"
Wingreens Farms,4.1,FMCG,"Work Life Balance, Salary"
Bombay Dyeing,3.9,Fashion & Textile,"Work Life Balance, Job Security, Skill Development"
rebootXP,2.7,Management Consulting,"Job Security, Promotions, Company Culture"
Enmas O & M Services,4.1,Oil & Gas,"Work Life Balance, Job Security, Work Satisfaction"
Japfa Comfeed India Private Limited,3.9,Agriculture,"Work Life Balance, Job Security, Salary"
Skypro Technologies,3.1,IT Services & Consulting,"Promotions, Salary, Company Culture"
Kriya NextWealth,3.5,Chittoor +9 other locations,"Promotions, Salary, Skill Development"
Geo Chem Laboratories,3.6,Industrial Machinery,"Promotions, Salary, Work Satisfaction"
Sapphire Software Solutions (India),4.4,IT Services & Consulting,"Skill Development, Company Culture, Work Life Balance"
Hoonartek,3.5,IT Services & Consulting,"Promotions, Job Security, Company Culture"
Samkwang India Electronic,3.4,Electronics Manufacturing,"Job Security, Company Culture, Promotions"
Hi Tech Informatics,3.6,IT Services & Consulting,"Promotions, Skill Development, Job Security"
Orthosquare Dental Clinic,4.4,Healthcare,"Skill Development, Work Satisfaction, Company Culture"
Hospet Steels,3.6,Iron & Steel,Job Security
HomeBazaar.com,3.7,Real Estate,"Job Security, Promotions"
Ducat,3.5,Education & Training,"Promotions, Job Security, Company Culture"
AISATS,3.5,Aviation,"Promotions, Salary, Company Culture"
Burger Singh,3.6,Hospitality,"Promotions, Job Security, Work Satisfaction"
Development Consultants,3.4,IT Services & Consulting,Work Life Balance
Lakme Salon,3.9,Beauty & Personal Care,"Skill Development, Work Satisfaction, Job Security"
Brainium Information Technologies,3.6,IT Services & Consulting,"Job Security, Promotions"
Emirates Flight Catering,4.4,Hospitality,"Company Culture, Job Security, Work Life Balance"
Vilcart,3.8,Internet,"Promotions, Job Security, Salary"
Rexel,3.4,Industrial Automation,"Promotions, Salary, Skill Development"
Kirloskar Technologies,4.1,Medical Equipment,"Work Life Balance, Job Security, Company Culture"
Kama Ayurveda,3.8,Beauty & Personal Care,"Skill Development, Company Culture, Work Life Balance"
Ganesh Grains,3.2,FMCG,"Promotions, Company Culture, Job Security"
Schreiber Dynamix Dairies,3.9,Electronics Manufacturing,"Work Life Balance, Salary, Company Culture"
House Of Diagnostics,4.2,Healthcare,"Company Culture, Work Life Balance, Work Satisfaction"
Infojini,2.7,IT Services & Consulting,"Job Security, Company Culture, Work Satisfaction"
Techmagnate,4.3,Marketing & Advertising,"Job Security, Company Culture, Skill Development"
Kama Ayurveda,3.8,Beauty & Personal Care,"Skill Development, Company Culture, Work Life Balance"
Schreiber Dynamix Dairies,3.9,Electronics Manufacturing,"Work Life Balance, Salary, Company Culture"
Vrinsoft Technology,4.5,IT Services & Consulting,"Skill Development, Company Culture, Work Satisfaction"
House Of Diagnostics,4.2,Healthcare,"Company Culture, Work Life Balance, Work Satisfaction"
Eshopbox Ecommerce,2.9,Internet,"Promotions, Company Culture, Work Life Balance"
Techmagnate,4.3,Marketing & Advertising,"Job Security, Company Culture, Skill Development"
Redington Group,3.8,IT Services & Consulting,"Job Security, Work Life Balance, Skill Development"
Infojini,2.7,IT Services & Consulting,"Job Security, Company Culture, Work Satisfaction"
IRIS KPO Resourcing,3.8,Analytics & KPO,"Work Life Balance, Job Security"
Talentica Software,3.8,IT Services & Consulting,"Job Security, Company Culture"
Kent,3.5,Financial Services,"Promotions, Job Security, Skill Development"
Logicon Facility Management,3.4,Facility Management Services,"Promotions, Company Culture, Work Satisfaction"
Sakura Autoparts,3.7,Auto Components,"Company Culture, Salary"
Primary Health Centre,4.2,Healthcare,"Work Life Balance, Company Culture, Work Satisfaction"
CBSI,3.2,Recruitment,"Job Security, Promotions, Skill Development"
Beyond Key,4.2,IT Services & Consulting,"Work Life Balance, Company Culture, Skill Development"
Ashv Finance,4.1,NBFC,"Work Life Balance, Company Culture, Work Satisfaction"
Petronas Lubricants,3.2,Petrochemicals,"Promotions, Work Satisfaction, Company Culture"
OEN India,4.1,Auto Components,"Work Life Balance, Skill Development, Company Culture"
Pacific Development Corporation Limited (Pacific Group),3.6,Real Estate,"Company Culture, Promotions, Skill Development"
Jasmin Infotech,3.9,Software Product,"Job Security, Work Life Balance"
DE Shaw,3.6,Financial Services,Salary
CDM Smith,3.6,Engineering & Construction,"Company Culture, Promotions, Work Satisfaction"
Sterling Talent Solutions,3.7,Internet,Company Culture
Axio,3.8,Financial Services,"Company Culture, Salary"
Ludhiana Beverages,4.0,Beverage,"Skill Development, Company Culture, Work Life Balance"
Aress Software and Education Technologies,2.4,IT Services & Consulting,"Promotions, Company Culture, Work Life Balance"
Ambuja Cement Foundation,3.8,Non-Profit,Skill Development
Rozana Rural Commerce Private Limited,3.4,Internet,"Job Security, Promotions, Company Culture"
Alghanim International,4.1,Engineering & Construction,"Work Life Balance, Job Security, Salary"
Expeditors International,3.5,Logistics,"Promotions, Salary, Work Satisfaction"
Brainware University,2.7,Education & Training,"Company Culture, Promotions, Work Satisfaction"
Innovel Energy Services,3.9,Power,"Work Life Balance, Skill Development, Salary"
Apis India Limited,3.4,Food Processing,"Promotions, Company Culture, Job Security"
Izmo,2.8,IT Services & Consulting,"Promotions, Skill Development, Salary"
MSV International,3.8,Engineering & Construction,"Promotions, Job Security, Skill Development"
Tripjack,3.8,Travel & Tourism,Promotions
TekisHub Consulting Services,3.5,IT Services & Consulting,"Job Security, Promotions, Skill Development"
OptimHire,3.7,Internet,Work Life Balance
A3logics,3.1,IT Services & Consulting,"Job Security, Promotions, Salary"
TekisHub Consulting Services,3.5,IT Services & Consulting,"Job Security, Promotions, Skill Development"
Pacific Development Corporation Limited (Pacific Group),3.6,Real Estate,"Company Culture, Promotions, Skill Development"
DE Shaw,3.6,Financial Services,Salary
CDM Smith,3.6,Engineering & Construction,"Company Culture, Promotions, Work Satisfaction"
SVN SYSTECH INDIA,3.2,IT Services & Consulting,"Promotions, Skill Development, Job Security"
IIMT Group of Colleges,4.0,Education & Training,"Company Culture, Work Life Balance, Job Security"
Ichhapurti.com,2.4,Software Product,"Job Security, Work Satisfaction, Salary"
Gulf Spic General Trading & Contracting Company,3.5,Engineering & Construction,Job Security
Ways2excel,4.4,EdTech,"Company Culture, Skill Development, Work Satisfaction"
eligarf Technologies,3.7,Emerging Technologies,"Promotions, Salary"
Shine,4.0,Internet,"Company Culture, Work Life Balance, Job Security"
DavaIndia,3.6,Kolkata +62 other locations,"Promotions, Job Security, Company Culture"
Al Ahleia Switchgear,3.7,Industrial Machinery,"Promotions, Salary, Company Culture"
Dollar Industries,3.7,Fashion & Textile,"Promotions, Company Culture, Skill Development"
Sigma Supply Chain Solutions,3.5,Logistics,"Promotions, Job Security, Company Culture"
Sigma Freudenberg NOK,4.2,Auto Components,"Work Life Balance, Company Culture, Job Security"
Clarion Technologies,3.9,IT Services & Consulting,"Company Culture, Work Life Balance, Work Satisfaction"
Getix Health,3.8,Analytics & KPO,Promotions
M&G India,3.5,Financial Services,Work Life Balance
FACE Prep,4.0,Coimbatore +17 other locations,"Skill Development, Company Culture, Work Satisfaction"
Muthoot Mercantile,3.2,NBFC,"Promotions, Salary, Company Culture"
Getix Health,3.8,Analytics & KPO,Promotions
Luthra Group Company,4.0,Waste Management,"Work Life Balance, Company Culture, Skill Development"
AB Mauri India,3.6,Food Processing,"Work Life Balance, Job Security"
Prime Focus,4.1,Animation & VFX,"Work Satisfaction, Work Life Balance, Skill Development"
Apache Footwear,3.5,Fashion & Textile,Job Security
One Point Solutions,3.3,Bengaluru +14 other locations,"Promotions, Salary, Work Satisfaction"
Wings Biotech,2.9,Pharma,"Promotions, Company Culture, Work Satisfaction"
Beckman Coulter,3.4,Medical Equipment,"Promotions, Work Satisfaction, Skill Development"
Paisalo Digital,3.4,NBFC,"Promotions, Skill Development, Salary"
Blue Tokai Coffee Roasters,3.9,Hospitality,"Work Life Balance, Skill Development, Salary"
Maharishi Markandeshwar University,3.6,Education & Training,"Promotions, Company Culture, Salary"
Krishi Rasayan Exports,4.0,Import & Export,"Work Life Balance, Job Security"
Paytm Money,2.9,FinTech,"Job Security, Promotions, Work Satisfaction"
Pie Infocomm,4.6,IT Services & Consulting,"Company Culture, Work Life Balance, Work Satisfaction"
Zentiva,4.1,Pharma,"Work Life Balance, Job Security, Company Culture"
Puthur Infotech,3.5,IT Services & Consulting,"Promotions, Salary, Company Culture"
Indobevs,3.8,Beverage,"Promotions, Company Culture, Job Security"
Rama University,3.3,Education & Training,"Job Security, Promotions, Company Culture"
Bygging India,3.9,Engineering & Construction,"Job Security, Skill Development"
Royal Cyber,3.4,IT Services & Consulting,Salary
Axalta Coating Systems,4.0,Chemicals,"Work Life Balance, Job Security, Company Culture"
Bhansali Engineering Polymers,3.0,Petrochemicals,"Promotions, Company Culture, Work Satisfaction"
Odisha Power Generation Corporation,3.7,Oil & Gas,"Work Life Balance, Job Security"
Sleepwell,4.1,Furniture & Furnishing,"Work Life Balance, Company Culture, Job Security"
Kutch Copper,3.6,Metals & Mining,"Promotions, Company Culture, Work Satisfaction"
Tirupati Medicare,4.5,Pharma,"Work Life Balance, Company Culture, Job Security"
NullClass,3.4,Bengaluru +26 other locations,"Salary, Promotions, Job Security"
Cosmos Impex,4.1,Industrial Machinery,"Work Life Balance, Job Security, Company Culture"
CETPA InfoTech,3.3,IT Services & Consulting,"Promotions, Work Life Balance, Salary"
Vestian Global Workplace Services,3.5,Real Estate,"Promotions, Skill Development, Work Satisfaction"
Apps Associates,3.2,IT Services & Consulting,"Job Security, Work Satisfaction, Promotions"
Kundan Group,3.2,Jewellery,"Job Security, Promotions, Company Culture"
Tata Main Hospital,3.7,Healthcare,Job Security
Windsor Machines,4.0,Industrial Machinery,"Work Life Balance, Company Culture, Job Security"
Vision IAS,2.1,Education & Training,"Promotions, Salary, Company Culture"
Shopclues,3.3,Internet,"Job Security, Promotions, Salary"
Anglo-Eastern Ship Management,4.2,Ports & Shipping,"Company Culture, Work Life Balance, Work Satisfaction"
Cyntexa,4.1,IT Services & Consulting,"Skill Development, Company Culture, Work Life Balance"
Euro School,3.9,Education & Training,"Job Security, Skill Development, Company Culture"
Maharaja Agrasen Hospital,3.8,Healthcare,"Promotions, Salary, Company Culture"
China State Construction Engineering Corporation,3.9,Engineering & Construction,Salary
Mitsubishi Power India,4.4,Industrial Machinery,"Company Culture, Work Life Balance, Salary"
Lakshmi Life Sciences,3.8,Industrial Automation,"Work Life Balance, Job Security"
Mukand Sumi Special Steel,3.7,Iron & Steel,"Promotions, Work Satisfaction"
IILM,3.8,Education & Training,"Work Life Balance, Salary"
Blue Rose Technologies,4.0,IT Services & Consulting,"Salary, Company Culture, Work Life Balance"
Indian Council of Medical Research,4.2,Healthcare,"Work Life Balance, Work Satisfaction, Skill Development"
IG Petrochemicals,3.2,Chemicals,"Promotions, Company Culture, Work Satisfaction"
LS Automotive India,3.2,Auto Components,"Company Culture, Promotions, Salary"
SFC Solutions India,3.6,Automobile,"Job Security, Company Culture, Promotions"
Fisdom,3.2,Financial Services,"Job Security, Company Culture, Work Satisfaction"
Alp Nishikawa,3.9,Auto Components,"Job Security, Work Life Balance, Salary"
VDart,3.9,IT Services & Consulting,"Company Culture, Skill Development, Work Life Balance"
MeritNation,3.2,EdTech,"Job Security, Work Satisfaction, Work Life Balance"
Hgs Services,3.8,Analytics & KPO,Job Security
Nutanix,3.3,Software Product,"Promotions, Job Security, Work Satisfaction"
Shemaroo Entertainment,3.4,Media & Entertainment,"Promotions, Skill Development, Work Satisfaction"
Mfine,3.3,Internet,"Job Security, Promotions, Skill Development"
Medecins Sans Frontieres,4.3,Non-Profit,"Work Life Balance, Salary, Company Culture"
DB Engineering & Consulting,4.3,Engineering & Construction,"Company Culture, Work Life Balance, Salary"
S.R.Batliboi & Co.,3.1,Accounting & Auditing,"Work Life Balance, Company Culture, Promotions"
DS-MAX Properties,3.6,Real Estate,"Promotions, Work Life Balance, Work Satisfaction"
INOXCVA,3.5,Engineering & Construction,Job Security
Fabtech Projects & Engineers,4.0,Engineering & Construction,"Work Life Balance, Work Satisfaction, Company Culture"
Hotel Parle International,3.8,Hospitality,"Salary, Work Life Balance, Skill Development"
Dhampur Sugar Mills,4.0,Agro Chemicals,"Work Life Balance, Job Security, Skill Development"
Integrated Resources,3.8,Recruitment,"Skill Development, Work Life Balance, Salary"
Samsung Semiconductor,3.1,Semiconductors,"Promotions, Work Satisfaction, Company Culture"
Vardhman Special Steels,4.0,Iron & Steel,"Company Culture, Job Security, Skill Development"
Biophore India Pharmaceuticals,3.5,Pharma,"Promotions, Company Culture, Salary"
Kifs Housing Finance,3.6,Financial Services,"Job Security, Promotions, Work Satisfaction"
Sims Hospital,3.7,Healthcare,"Promotions, Salary, Company Culture"
All India Council Technical Education,4.4,New Delhi +31 other locations,"Work Life Balance, Skill Development, Company Culture"
Ester Industries,3.9,Petrochemicals,"Work Life Balance, Job Security"
Oswal Castings,3.8,Metals & Mining,"Promotions, Company Culture, Work Satisfaction"
Zydus Pharma,3.6,Pharma,Salary
Manikaran Power Limited,3.7,Power,"Skill Development, Salary"
S.c Johnson Products,3.9,FMCG,Work Life Balance
Sendan International Co,2.2,Engineering & Construction,"Salary, Job Security, Promotions"
APAC Financial Services,4.1,Financial Services,"Salary, Work Life Balance, Company Culture"
Ministry of Home Affairs,4.2,Government,"Work Life Balance, Company Culture, Work Satisfaction"
Timex Group India,4.0,Metals & Mining,"Work Life Balance, Job Security"
J Mitra And Co,3.8,Medical Equipment,"Salary, Skill Development, Work Life Balance"
Appsquadz Software,4.0,IT Services & Consulting,"Company Culture, Job Security, Skill Development"
Repro India,3.1,FMCG,"Promotions, Skill Development, Company Culture"
General Diagnostics International Private Limited,3.2,Healthcare,"Promotions, Company Culture, Work Satisfaction"
NSL Textiles,4.0,Fashion & Textile,"Job Security, Work Life Balance, Company Culture"
Exeltis,4.2,Pharma,"Work Life Balance, Company Culture, Skill Development"
Overseas Health Care,3.3,Pharma,"Promotions, Company Culture, Work Satisfaction"
Vensure Employer Services,3.6,IT Services & Consulting,Salary
Toyo INK,3.8,Chemicals,Work Life Balance
Lohum Cleantech,3.4,Semiconductors,"Promotions, Company Culture, Work Life Balance"
Jubilant Motorworks,3.8,Automobile,Promotions
Lubrizol Corporation,3.7,Chemicals,Work Life Balance
GoMechanic,3.4,Internet,"Job Security, Promotions, Company Culture"
Grass Roots Research & Creation,4.6,Analytics & KPO,"Company Culture, Work Life Balance, Work Satisfaction"
Outbooks Outsourcing,4.0,Accounting & Auditing,"Work Life Balance, Skill Development, Work Satisfaction"
Salasar Techno Engineering,4.0,Iron & Steel,"Job Security, Work Life Balance, Work Satisfaction"
Hy Gro Chemicals Pharmtek,3.9,Pharma,"Work Life Balance, Salary"
Zenoti,2.5,IT Services & Consulting,"Work Satisfaction, Company Culture, Promotions"
Shipco It,3.3,IT Services & Consulting,"Promotions, Salary, Skill Development"
Manika Plastech Private Limited,3.8,Building Material,Promotions
Monocept,3.3,Software Product,"Promotions, Job Security, Salary"
Adhaan Solutions,3.8,Recruitment,Company Culture
Margadarsi Chit Fund,3.6,Financial Services,Job Security
PS Group,3.8,Real Estate,"Job Security, Promotions"
Mazars,3.0,Accounting & Auditing,"Promotions, Salary, Company Culture"
Nipro India Corporation,3.5,Healthcare,"Promotions, Salary, Skill Development"
EDR Continuous Information,2.9,IT Services & Consulting,"Promotions, Salary, Company Culture"
Monomark Engineering,4.0,Engineering & Construction,Work Life Balance
Doubletree By Hilton,4.0,Hospitality,"Company Culture, Job Security, Skill Development"
Sahyadri Industries,3.4,Building Material,"Promotions, Job Security, Salary"
Energy Efficiency Services,3.8,Power,Work Life Balance
RJ Corp,4.2,Retail,"Work Life Balance, Salary, Company Culture"
Saatvik Green Energy,3.9,Power,Salary
Peps Industries,4.1,Furniture & Furnishing,"Work Life Balance, Work Satisfaction, Job Security"
Cognifyz Technologies,4.0,Hyderabad +40 other locations,"Skill Development, Work Life Balance, Work Satisfaction"
Tropilite Foods,3.5,Food Processing,"Promotions, Company Culture, Work Satisfaction"
Godrej Appliances,3.8,Consumer Electronics & Appliances,Job Security
Kenvue,3.6,Beauty & Personal Care,Salary
Gennova Biopharmaceuticals,4.2,Pharma,"Company Culture, Work Life Balance, Job Security"
Eagle Infra,4.0,Engineering & Construction,"Work Life Balance, Company Culture, Skill Development"
Marathon Electric India,3.5,Electrical Equipment,"Promotions, Work Satisfaction, Skill Development"
OASYS Tech Solutions,3.7,IT Services & Consulting,"Job Security, Promotions"
SEW Eurodrive india,4.1,Industrial Automation,"Company Culture, Work Life Balance, Job Security"
Dayal Fertilizers,3.9,Agro Chemicals,"Company Culture, Job Security, Skill Development"
Capricorn Logistics,3.6,Logistics,"Promotions, Company Culture, Work Satisfaction"
HLE Glascoat,3.1,Industrial Machinery,"Promotions, Company Culture, Work Satisfaction"
DGS Technical Services,3.2,Design,"Promotions, Salary, Company Culture"
Timezone Entertainment,3.4,Events,"Promotions, Work Life Balance, Work Satisfaction"
Della Group,4.2,Architecture & Interior Design,"Company Culture, Work Life Balance, Promotions"
CleanMax Enviro Energy Solutions,4.4,Power,"Company Culture, Work Life Balance, Job Security"
SSEM,3.3,Industrial Machinery,"Promotions, Company Culture, Work Satisfaction"
Dalmia-OCL,3.9,Building Material,"Skill Development, Company Culture, Work Satisfaction"
Symphoni HR,4.0,Recruitment,"Skill Development, Company Culture, Work Life Balance"
Sanmar Group,3.5,Chemicals,Job Security
HIVELOOP LOGISTICS,4.2,Bengaluru +69 other locations,"Salary, Work Life Balance, Skill Development"
Tokai Imperial Rubber India,3.9,Industrial Machinery,"Work Life Balance, Salary, Job Security"
Cex Webuy Entertainment,3.3,Retail,"Promotions, Skill Development, Work Satisfaction"
AXIS Solutions,3.5,Industrial Automation,"Promotions, Company Culture, Work Satisfaction"
GUVI,3.5,EdTech,"Promotions, Job Security, Skill Development"
insightsoftware,3.6,Software Product,Work Life Balance
Grupo Bimbo,3.6,FMCG,"Promotions, Work Satisfaction, Company Culture"
NRP Projects,4.2,Engineering & Construction,"Work Life Balance, Work Satisfaction, Job Security"
TomTom,3.7,IT Services & Consulting,"Work Life Balance, Company Culture, Work Satisfaction"
Soch Apparels,4.4,Fashion & Textile,"Company Culture, Work Life Balance, Work Satisfaction"
SCIO Management Solutions,4.4,BPO,"Job Security, Company Culture, Work Life Balance"
Godrej Tyson Food,4.0,Food Processing,"Work Life Balance, Job Security"
Object Technology Solutions,3.8,IT Services & Consulting,Work Life Balance
Ascendum KPS,3.6,IT Services & Consulting,"Promotions, Salary, Job Security"
Delhi World Public School,3.6,Education & Training,"Company Culture, Job Security, Promotions"
Kiaasa Retail Limited,4.6,Retail,"Company Culture, Work Life Balance, Work Satisfaction"
Raksha TPA,4.2,Insurance,"Company Culture, Work Life Balance, Job Security"
MBL Infrastructure Limited,4.0,Engineering & Construction,"Salary, Company Culture, Work Satisfaction"
Prologic Web Solutions,4.0,IT Services & Consulting,"Company Culture, Work Life Balance, Work Satisfaction"
Dentsu Communications,3.1,Marketing & Advertising,"Promotions, Work Satisfaction, Salary"
Bharti Airtel Foundation,3.8,Non-Profit,"Promotions, Company Culture"
Prem Henna,3.6,Beauty & Personal Care,"Work Life Balance, Work Satisfaction, Job Security"
JNET Technologies,3.6,IT Services & Consulting,"Work Life Balance, Work Satisfaction, Promotions"
Competition Team Technology,3.5,Electronics Manufacturing,"Promotions, Salary, Job Security"
GDX Group,4.0,Law Enforcement & Security,"Skill Development, Salary, Company Culture"
Exel Rubber,4.1,Petrochemicals,"Work Life Balance, Company Culture, Salary"
Goldi Solar,3.9,Power,"Work Life Balance, Salary"
DesignCafe,3.3,Architecture & Interior Design,"Promotions, Company Culture, Work Satisfaction"
Epson,4.1,IT Services & Consulting,"Company Culture, Work Life Balance, Skill Development"
HOLITECH INDIA,4.1,Electronics Manufacturing,"Skill Development, Company Culture, Work Life Balance"
DigiCall Teleservices,4.0,Telecom,"Company Culture, Work Life Balance, Work Satisfaction"
Jehangir Hospital,3.8,Healthcare,"Job Security, Company Culture"
Rudrabhishek Enterprises,3.0,Urban Transport,"Promotions, Skill Development, Salary"
YouTube,4.5,Internet,"Skill Development, Company Culture, Work Life Balance"
Clean Science And Technology,3.6,Chemicals,Job Security
Kalyan Toll Infrastructure,4.2,Engineering & Construction,"Company Culture, Work Life Balance, Salary"
Extentia Information Technology,3.4,IT Services & Consulting,"Promotions, Job Security, Work Satisfaction"
Yotta Infrastructure Solutions,3.7,IT Services & Consulting,Promotions
Eglo India,3.2,Consumer Electronics & Appliances,"Job Security, Promotions, Company Culture"
Cholayil Private Limited,4.1,FMCG,"Work Life Balance, Salary, Company Culture"
Tech Vedhu,4.5,Bengaluru +4 other locations,"Company Culture, Work Life Balance, Job Security"
Ushodaya Enterprises,4.0,FMCG,"Job Security, Work Life Balance, Company Culture"
Jagran New Media,3.0,Internet,"Promotions, Work Satisfaction, Skill Development"
Excel Industries,3.9,Agro Chemicals,"Job Security, Work Life Balance"
Epimoney,3.3,Financial Services,"Promotions, Work Life Balance, Work Satisfaction"
Tecumseh Products,3.3,Industrial Machinery,"Promotions, Job Security, Salary"
Vertafore,3.9,IT Services & Consulting,"Work Life Balance, Job Security, Company Culture"
Apollo Supply Chain,3.9,Logistics,"Work Life Balance, Skill Development"
Avis,3.5,Travel & Tourism,"Promotions, Job Security, Skill Development"
Green Gene Enviro Protection And Infrastructure,3.7,Waste Management,"Promotions, Skill Development, Company Culture"
Illusion Dental Laboratory,3.4,Medical Equipment,"Promotions, Work Satisfaction, Salary"
TNT Express,4.0,Logistics,"Company Culture, Work Life Balance, Work Satisfaction"
Springbord Systems,4.1,IT Services & Consulting,"Company Culture, Work Life Balance, Work Satisfaction"
Target Publications,4.0,Printing & Publishing,"Salary, Skill Development, Company Culture"
GKC Projects,4.6,Engineering & Construction,"Work Life Balance, Work Satisfaction, Company Culture"
Astec LifeSciences,3.6,Agro Chemicals,"Promotions, Salary"
Aeon Credit Service,3.6,Financial Services,Salary
Tm Automotive Seating Systems,,Auto Components,"Promotions, Company Culture, Work Life Balance"
CRB Tech Solution,3.7,EdTech,
Eicher Trucks and Buses,4.4,Automobile,"Skill Development, Company Culture, Job Security"
Hubergroup,3.9,Chemicals,"Work Life Balance, Job Security"
Solverminds Solutions and Technologies,3.1,IT Services & Consulting,"Work Life Balance, Company Culture, Promotions"
ReGen Powertech,3.7,Power,"Promotions, Job Security, Salary"
Solverminds Solutions and Technologies,3.1,IT Services & Consulting,"Work Life Balance, Company Culture, Promotions"
Digamber Finance,4.0,Financial Services,"Salary, Work Life Balance, Work Satisfaction"
Aquera,4.5,IT Services & Consulting,"Salary, Company Culture, Work Life Balance"
Osam Dairy,3.8,Agriculture,"Promotions, Job Security, Skill Development"
RT Network Solutions,3.6,IT Services & Consulting,"Promotions, Salary, Job Security"
Naresh i Technologies,3.9,IT Services & Consulting,"Skill Development, Work Satisfaction, Work Life Balance"
Rimini Street,4.1,IT Services & Consulting,"Work Life Balance, Company Culture, Salary"
Gateway Group of Companies,2.7,IT Services & Consulting,"Work Life Balance, Promotions, Company Culture"
AlgoShack,4.1,Software Product,"Company Culture, Skill Development, Work Satisfaction"
Avaali Solutions,4.3,IT Services & Consulting,"Job Security, Skill Development, Company Culture"
Bajaj Steel Industries,3.2,Industrial Machinery,"Promotions, Salary, Company Culture"
The Hindu Group,3.8,Printing & Publishing,"Work Life Balance, Work Satisfaction, Job Security"
UST BlueConch Technologies,3.8,Software Product,Work Life Balance
B2x Service Solutions,3.9,BPO,"Work Life Balance, Skill Development, Work Satisfaction"
Praxair,4.1,Chemicals,"Skill Development, Salary, Company Culture"
Volksoft Technologies,4.2,Software Product,"Skill Development, Job Security, Company Culture"
CIMS Hospital,4.2,Healthcare,"Work Life Balance, Job Security, Company Culture"
OnMobile Global,3.6,Telecom,"Job Security, Promotions, Skill Development"
Meritto,3.4,Internet,"Work Life Balance, Company Culture, Work Satisfaction"
Vastu Finserve,4.0,NBFC,"Salary, Company Culture, Work Life Balance"
Cadsys,3.3,IT Services & Consulting,"Promotions, Salary, Company Culture"
Krystal Integrated Services Limited,3.9,Facility Management Services,"Work Life Balance, Job Security"
Praxair,4.1,Chemicals,"Skill Development, Salary, Company Culture"
OnMobile Global,3.6,Telecom,"Job Security, Promotions, Skill Development"
Kimbal Private Limited,3.5,Power,Salary
Thriveni Sainik Mining,4.3,Metals & Mining,"Job Security, Skill Development, Work Life Balance"
Vastu Finserve,4.0,NBFC,"Salary, Company Culture, Work Life Balance"
Stantec,3.7,Engineering & Construction,"Job Security, Work Life Balance"
Anand Rathi Wealth Limited,3.1,Financial Services,"Promotions, Work Satisfaction, Skill Development"
Iron Systems,3.1,Hardware & Networking,"Promotions, Skill Development, Company Culture"
U.S. Polo Assn,4.4,Retail,"Work Life Balance, Work Satisfaction, Skill Development"
Maahi Milk Producer Company,4.0,Food Processing,"Job Security, Company Culture, Work Life Balance"
Lennox India Technology Centre,3.6,Industrial Machinery,"Promotions, Work Satisfaction, Skill Development"
Holy Family Hospital,3.4,Healthcare,"Promotions, Work Satisfaction, Company Culture"
Fermenta Biotech,4.3,Biotechnology,"Work Life Balance, Job Security, Company Culture"
DAIMLER TRUCKS ASIA,3.8,Chennai +19 other locations,"Work Life Balance, Job Security"
Panchshil Realty,4.3,Real Estate,"Work Life Balance, Job Security, Company Culture"
Anthea Pharma,4.1,Pharma,"Skill Development, Work Satisfaction, Job Security"
Indovision Services,4.0,IT Services & Consulting,"Work Life Balance, Work Satisfaction, Skill Development"
Trinity Mobility,3.0,IT Services & Consulting,"Work Life Balance, Company Culture, Salary"
Theon Pharmaceuticals,3.7,Pharma,"Promotions, Company Culture, Work Satisfaction"
Vandana Global,2.8,Iron & Steel,"Job Security, Promotions, Company Culture"
Dr ITM,2.8,BPO,"Job Security, Promotions, Skill Development"
Invenio Business Solutions,3.4,IT Services & Consulting,"Promotions, Work Satisfaction, Salary"
Experian,3.8,FinTech,"Work Life Balance, Salary, Company Culture"
Sequretek It Solutions,3.4,Emerging Technologies,"Job Security, Promotions, Work Satisfaction"
Dmi Housing Finance,4.2,Financial Services,"Company Culture, Job Security, Skill Development"
IIHT,3.6,Education & Training,"Job Security, Company Culture, Promotions"
The Chennai Silks,3.7,Fashion & Textile,"Promotions, Salary, Work Life Balance"
Arvind Smartspaces Limited,3.7,Real Estate,Salary
ILJIN AUTOMOTIVE,3.8,Automobile,"Promotions, Salary"
Anu Industries,3.5,Packaging,"Promotions, Job Security, Salary"
Elsevier,3.8,Printing & Publishing,"Company Culture, Work Life Balance"
i-Source Infosystems,3.7,IT Services & Consulting,Work Life Balance
Shakti Hormann,3.6,Building Material,"Promotions, Company Culture, Skill Development"
Solex Energy,4.6,Power,"Job Security, Skill Development, Company Culture"
Bajaj Broking,4.0,Financial Services,"Salary, Job Security, Work Life Balance"
Adcock Ingram,3.9,Pharma,"Work Life Balance, Job Security"
Kyb Motorcycle Suspension,3.8,Industrial Machinery,Salary
Nabard Consultancy Services,3.5,Management Consulting,Work Life Balance
Saudi Electricity Company,4.2,Power,"Company Culture, Work Life Balance, Work Satisfaction"
Enrich Hair And Skin Solutions,3.6,Beauty & Personal Care,"Promotions, Work Satisfaction, Job Security"
SOS Children's Village,3.3,Non-Profit,"Promotions, Skill Development, Company Culture"
Mangalam Landmarks,4.7,Real Estate,"Company Culture, Work Life Balance, Work Satisfaction"
Bullmen Realty,3.0,Real Estate,"Job Security, Work Satisfaction, Promotions"
Epitome Components,3.2,Electrical Equipment,"Promotions, Company Culture, Work Satisfaction"
Toyota Boshoku Automotive,4.0,Auto Components,"Salary, Company Culture, Job Security"
Essencea Infoserv,2.8,BPO,"Promotions, Salary, Job Security"
Ginni Filaments,3.7,Fashion & Textile,"Work Life Balance, Job Security"
TQ Cert Services,3.8,Hyderabad +43 other locations,Work Life Balance
Bengal Energy,3.8,Power,"Job Security, Work Life Balance"
Cheema Boilers,3.9,Industrial Machinery,"Skill Development, Job Security"
SEG Automotive,4.2,Auto Components,"Work Life Balance, Job Security, Skill Development"
Kohler Power,3.9,Power,"Company Culture, Work Life Balance"
Triveni Almirah,3.9,Furniture & Furnishing,"Salary, Work Life Balance, Work Satisfaction"
Ciklum,3.6,IT Services & Consulting,Work Life Balance
Privi Speciality Chemicals,3.8,Chemicals,Promotions
DST Worldwide Services,4.3,Hyderabad +6 other locations,"Work Life Balance, Company Culture, Work Satisfaction"
SAT n paper,4.3,New Delhi +4 other locations,"Company Culture, Skill Development, Work Satisfaction"
Primus Techsystems,3.3,IT Services & Consulting,Skill Development
Integrated Enterprises,3.9,Financial Services,Job Security
Ess Kay Group,3.8,Industrial Machinery,Promotions
NexTurn,3.7,IT Services & Consulting,"Work Life Balance, Skill Development"
Stedman Pharmaceuticals,4.2,Pharma,"Skill Development, Work Life Balance, Company Culture"
GEETANJALI HOMESTATE,3.5,Real Estate,Skill Development
Starworth Infrastructure Construction,3.5,Engineering & Construction,Salary
Hi-Tech,3.5,Education & Training,"Promotions, Work Satisfaction, Job Security"
Canvera,3.7,Printing & Publishing,Company Culture
Accord Synergy,3.4,Hardware & Networking,"Promotions, Job Security, Salary"
Food Corporation of India,4.0,Government,"Work Life Balance, Job Security, Salary"
Affine,3.3,IT Services & Consulting,"Promotions, Job Security, Work Satisfaction"
Bentley Systems,4.2,Software Product,"Work Life Balance, Company Culture, Work Satisfaction"
NHPC,4.3,Power,"Company Culture, Work Life Balance, Job Security"
BGD Tech PVT LTD,4.4,IT Services & Consulting,"Work Life Balance, Company Culture, Salary"
R.K Associates & Hoteliers,4.0,Facility Management Services,"Work Life Balance, Work Satisfaction, Skill Development"
Dar Al Handasah Consultants Shair And Partners,3.0,Engineering & Construction,"Work Life Balance, Company Culture, Work Satisfaction"
Akasa Air,3.3,Aviation,"Promotions, Salary, Company Culture"
Government of Bihar,3.6,Government,"Promotions, Company Culture, Skill Development"
VBeyond Corporation,3.6,Recruitment,"Promotions, Salary, Work Satisfaction"
Mitsuba,3.8,Auto Components,Salary
Advantage One Tax Consulting,3.8,Financial Services,"Skill Development, Work Life Balance, Work Satisfaction"
Auto Ignition,3.6,Auto Components,"Promotions, Work Satisfaction, Salary"
Givaudan,4.1,Beauty & Personal Care,"Work Life Balance, Company Culture, Job Security"
Zeon Lifesciences Ltd.,4.0,Fitness & Wellness,"Work Life Balance, Company Culture, Work Satisfaction"
Dr. Willmar Schwabe India,3.8,Healthcare,"Skill Development, Promotions, Job Security"
Dishnet Wireless,3.6,Telecom,"Job Security, Work Satisfaction, Promotions"
AMS Comtel BPMS,3.2,IT Services & Consulting,"Promotions, Work Satisfaction, Salary"
Loconav,3.1,Software Product,"Job Security, Promotions, Work Satisfaction"
Cubastion Consulting,2.8,IT Services & Consulting,"Work Life Balance, Company Culture, Work Satisfaction"
Relyon Softech,3.9,Software Product,"Work Life Balance, Job Security"
IFB Agro Industries,4.2,Beverage,"Job Security, Work Life Balance, Company Culture"
Emirates NBD,3.0,Banking,"Promotions, Company Culture, Work Life Balance"
SmartQ - Bottle Lab Technologies,4.0,Software Product,"Company Culture, Work Life Balance, Job Security"
Jarvis Technology and Strategy Consulting,3.4,Management Consulting,"Job Security, Promotions, Work Life Balance"
Caretel Infotech,3.4,Analytics & KPO,"Promotions, Salary, Skill Development"
Blowhorn,3.3,Logistics,"Promotions, Job Security, Salary"
Capline Services,3.8,Healthcare,"Work Life Balance, Company Culture, Work Satisfaction"
Namra Finance,3.9,Financial Services,"Skill Development, Work Life Balance"
Inteva Products,3.6,Auto Components,"Promotions, Work Satisfaction, Company Culture"
Freyr Energy Services,3.7,Power,Salary
Pegasus InfoCorp,2.5,IT Services & Consulting,"Job Security, Company Culture, Promotions"
Novopor Advanced Science,4.1,Chemicals,"Work Life Balance, Salary, Work Satisfaction"
NIMS University,3.1,Education & Training,"Promotions, Job Security, Company Culture"
Virinchi Technologies,2.8,IT Services & Consulting,"Promotions, Salary, Company Culture"
INDIA TODAY GROUP,3.6,Media & Entertainment,"Promotions, Salary, Company Culture"
Kanerika Software,4.3,IT Services & Consulting,"Skill Development, Salary, Company Culture"
ProcDNA,3.9,Management Consulting,"Company Culture, Job Security, Skill Development"
Green Park Hotels,4.1,Hospitality,"Job Security, Work Life Balance, Skill Development"
CivilMantra Infracon Private Limited,3.7,Engineering & Construction,
Jarvis Technology and Strategy Consulting,3.4,Management Consulting,"Job Security, Promotions, Work Life Balance"
Toto India Industries,3.7,Building Material,Job Security
Savills,3.7,Real Estate,"Work Life Balance, Job Security"
Minda Stoneridge Instruments,3.0,Auto Components,"Company Culture, Work Life Balance, Work Satisfaction"
Lithium Urban Technologies,3.5,Urban Transport,"Promotions, Company Culture, Work Satisfaction"
Traya Health,3.3,Fitness & Wellness,"Job Security, Promotions, Company Culture"
Massive Restaurants,3.7,Hospitality,"Promotions, Job Security"
E Pack Polymers,3.7,Packaging,"Job Security, Work Satisfaction, Promotions"
Txd (india) Technology,3.9,Electronics Manufacturing,"Promotions, Company Culture"
Anion Healthcare Services,4.0,Healthcare,"Job Security, Work Life Balance, Company Culture"
Paranjape Schemes (Construction) Limited,3.3,Real Estate,"Promotions, Salary, Work Satisfaction"
Jayanita Exports,3.4,Furniture & Furnishing,"Promotions, Job Security, Work Satisfaction"
Bharat Oman Refineries,3.4,Oil & Gas,"Promotions, Salary, Skill Development"
Denso Ten Minda India,4.0,Auto Components,"Job Security, Company Culture, Work Life Balance"
Tara Consultancy Services,2.7,Chennai +19 other locations,"Promotions, Salary, Work Satisfaction"
Cerium Systems,2.8,IT Services & Consulting,"Promotions, Job Security, Salary"
R-Logic Technology Services,3.9,IT Services & Consulting,"Work Life Balance, Skill Development, Work Satisfaction"
Dayal Group,3.9,Agriculture,"Company Culture, Job Security"
C.G. Marketing,3.8,Marketing & Advertising,"Skill Development, Job Security"
ARC Document Solutions,2.8,Printing & Publishing,"Job Security, Promotions, Company Culture"
Kayjay Forging,3.6,Auto Components,"Promotions, Company Culture, Work Satisfaction"
Mansukh Securities & Finance,3.0,Financial Services,"Job Security, Promotions, Salary"
Sadhu Forging,3.7,Industrial Machinery,Job Security
Neosym Industry,3.9,Auto Components,Promotions
HeyCoach,3.8,Education & Training,"Company Culture, Work Life Balance, Work Satisfaction"
Sun Direct TV,3.8,Telecom,"Work Life Balance, Job Security"
Value Rcm Solutions,4.1,Analytics & KPO,"Work Life Balance, Job Security, Company Culture"
Ilensys Technologies,4.1,Engineering & Construction,"Company Culture, Work Life Balance, Job Security"
Apollo Telehealth Services,3.9,Healthcare,Work Life Balance
Four Seasons Hotel,3.9,Hospitality,"Company Culture, Job Security, Skill Development"
DesiCrew Solutions,3.1,Financial Services,"Promotions, Salary, Company Culture"
Phenix Construction Technologies,4.0,Engineering & Construction,"Work Life Balance, Job Security, Company Culture"
Electronics Mart India,3.6,Retail,"Promotions, Company Culture, Skill Development"
NMTronics India Private Limited,3.0,Electronics Manufacturing,"Work Life Balance, Promotions, Company Culture"
Miraj Group,3.9,Printing & Publishing,"Work Life Balance, Company Culture, Work Satisfaction"
Ecolab Digital Center,3.2,Chemicals,"Promotions, Job Security, Skill Development"
Apollo Spectra Hospitals,4.4,Healthcare,"Work Life Balance, Skill Development, Company Culture"
Fichtner Consulting Engineers,3.8,Engineering & Construction,"Promotions, Job Security, Company Culture"
Cadmaxx Solutions,3.5,IT Services & Consulting,"Promotions, Job Security, Salary"
Danblock Brakes,3.9,Industrial Machinery,"Job Security, Work Life Balance"
Sobha Constructions,3.5,Engineering & Construction,"Work Life Balance, Promotions, Company Culture"
Kumar Organic Products,3.3,Chemicals,"Company Culture, Work Satisfaction, Promotions"
RLabs Enterprise Services,3.0,Recruitment,"Promotions, Job Security, Skill Development"
Target Engineering Construction Company,4.1,Engineering & Construction,"Job Security, Company Culture, Salary"
Monnet Group,4.5,Metals & Mining,"Job Security, Company Culture, Work Life Balance"
Profinch Solutions,3.6,FinTech,"Promotions, Salary"
DSM Infocom,2.4,IT Services & Consulting,"Salary, Promotions, Company Culture"
Radheya Machining,3.6,Industrial Machinery,Skill Development
Laxmi Remote India,3.6,Pharma,"Promotions, Salary, Company Culture"
Code Brew Labs,3.2,IT Services & Consulting,"Promotions, Job Security, Work Satisfaction"
Tata Institute of Social Sciences,4.1,Education & Training,"Work Life Balance, Work Satisfaction, Skill Development"
InAmigos Foundation,4.6,Chennai +26 other locations,"Work Life Balance, Company Culture, Work Satisfaction"
Virbac Animal Health,3.8,Pharma,"Skill Development, Work Life Balance, Salary"
RLabs Enterprise Services,3.0,Recruitment,"Promotions, Job Security, Skill Development"
GreenCell Mobility,3.5,Logistics,"Job Security, Promotions, Skill Development"
Param Renewable Energy,3.8,Power,Company Culture
Oliva Skin and Hair Clinics,3.7,Healthcare,Job Security
Afflatus Gravures,3.7,Printing & Publishing,"Promotions, Company Culture, Job Security"
Profinch Solutions,3.6,FinTech,"Promotions, Salary"
Digital Web Solutions,3.4,IT Services & Consulting,"Promotions, Job Security, Company Culture"
Swipewire Technologies,3.9,Software Product,"Salary, Work Life Balance, Work Satisfaction"
DSM Infocom,2.4,IT Services & Consulting,"Salary, Promotions, Company Culture"
Gnrc Hospital,3.6,Healthcare,"Promotions, Salary, Work Satisfaction"
Abellon Clean Energy,3.2,Other,"Job Security, Salary, Promotions"
Radheya Machining,3.6,Industrial Machinery,Skill Development
Carwale,3.3,Internet,"Salary, Promotions, Company Culture"
Exotel,2.8,Software Product,"Job Security, Promotions, Work Life Balance"
Godavari Krishna Co-operative Society,4.7,Financial Services,"Company Culture, Skill Development, Work Life Balance"
Go Speedy Go,4.5,Automobile,"Company Culture, Work Life Balance, Work Satisfaction"
Zen3 Info Solutions,4.0,IT Services & Consulting,"Work Life Balance, Company Culture"
Al-Futtaim Group,3.8,Retail,"Salary, Work Life Balance, Work Satisfaction"
Cornerstone OnDemand,3.3,Software Product,"Job Security, Promotions, Work Satisfaction"
Wyzmindz Solutions,3.2,IT Services & Consulting,"Salary, Promotions, Company Culture"
Aurus,2.7,FinTech,"Company Culture, Work Life Balance, Work Satisfaction"
Azure Hospitality,4.1,Hospitality,"Company Culture, Work Life Balance, Work Satisfaction"
INFRES METHODEX,3.5,Industrial Automation,"Promotions, Job Security, Salary"
Carwale,3.3,Internet,"Salary, Promotions, Company Culture"
Allset Business Solutions,3.7,BPO,"Promotions, Salary"
Radiant Appliances,4.2,Electronics Manufacturing,"Company Culture, Work Life Balance, Job Security"
Reliance Smart Point,4.2,Kolkata +86 other locations,"Work Life Balance, Skill Development, Company Culture"
Vivimed Labs,3.3,Chemicals,"Salary, Promotions, Job Security"
Cyient DLM,3.9,Hyderabad +5 other locations,"Work Life Balance, Job Security"
W3Global,3.1,Recruitment,"Job Security, Company Culture, Promotions"
NeST Digital,3.6,IT Services & Consulting,"Promotions, Salary, Job Security"
Cashfree Payments,2.8,FinTech,"Promotions, Job Security, Company Culture"
Eurofins Advinus,3.4,Pharma,"Promotions, Job Security, Company Culture"
Google Maps,4.7,Internet,"Company Culture, Work Life Balance, Work Satisfaction"
Carryfast group,3.6,Logistics,"Promotions, Company Culture, Work Life Balance"
Simple Energy,4.0,Automobile,"Work Life Balance, Company Culture, Skill Development"
BVC Logistics,3.4,Logistics,"Promotions, Company Culture, Skill Development"
Micromatic Grinding Technologies,4.0,Industrial Machinery,"Work Life Balance, Company Culture, Job Security"
Simple Energy,4.0,Automobile,"Work Life Balance, Company Culture, Skill Development"
Azure Hospitality,4.1,Hospitality,"Company Culture, Work Life Balance, Work Satisfaction"
INFRES METHODEX,3.5,Industrial Automation,"Promotions, Job Security, Salary"
Prgx India,3.2,Accounting & Auditing,Work Life Balance
Micromatic Grinding Technologies,4.0,Industrial Machinery,"Work Life Balance, Company Culture, Job Security"
Service Master Clean,3.8,Facility Management Services,"Skill Development, Work Life Balance"
Pratibha Industries,4.4,Engineering & Construction,"Work Life Balance, Company Culture, Salary"
Celon Laboratories,3.3,Pharma,"Job Security, Promotions, Skill Development"
Tonglit Autogistic,3.6,Logistics,"Job Security, Promotions, Company Culture"
Mobile Premier League,3.8,Gaming,"Salary, Company Culture, Work Life Balance"
Source One Management Services,3.2,IT Services & Consulting,"Promotions, Job Security, Skill Development"
Euronet Worldwide,3.6,FinTech,"Promotions, Skill Development, Work Satisfaction"
GD Goenka University,3.5,Education & Training,"Promotions, Work Satisfaction, Job Security"
Peerless Hospital,3.9,Healthcare,Skill Development
Gangavaram Port,3.4,Ports & Shipping,"Salary, Promotions, Work Satisfaction"
Toyota Kirloskar Auto Parts,4.2,Auto Components,"Company Culture, Work Life Balance, Skill Development"
Dr Shroff Charity Eye Hospital,3.8,Healthcare,"Company Culture, Work Life Balance, Skill Development"
Jeena & Company,3.5,Logistics,"Promotions, Salary, Work Life Balance"
NTC Logistics India,4.0,Logistics,"Company Culture, Work Life Balance, Skill Development"
Biesse Manufacturing,3.7,Architecture & Interior Design,"Promotions, Work Satisfaction"
SBL Knowledge Services,2.9,IT Services & Consulting,"Promotions, Company Culture, Work Satisfaction"
River Engineering,3.8,Industrial Machinery,"Work Life Balance, Work Satisfaction, Job Security"
Vega Intellisoft,4.2,Recruitment,"Work Life Balance, Company Culture, Work Satisfaction"
RattanIndia Power,3.4,Power,"Promotions, Company Culture, Skill Development"
CIGNEX,3.8,IT Services & Consulting,"Work Life Balance, Salary"
Gunnebo,3.9,Defence & Aerospace,"Job Security, Company Culture, Work Life Balance"
Kiran Foreign Trade,3.1,Software Product,"Salary, Promotions, Company Culture"
CloudMoyo,3.9,Software Product,"Company Culture, Work Life Balance, Work Satisfaction"
Teleminds Infotech,2.8,BPO,"Promotions, Work Satisfaction, Job Security"
O2 Power,4.5,Power,"Company Culture, Work Life Balance, Work Satisfaction"
Unify Technologies,2.6,IT Services & Consulting,"Job Security, Promotions, Company Culture"
TPF Engineering,3.6,Engineering & Construction,"Promotions, Salary, Job Security"
Shubham K Mart,3.9,Retail,"Company Culture, Work Life Balance, Work Satisfaction"
Cloudstrats Technologies,3.3,IT Services & Consulting,"Salary, Promotions, Work Life Balance"
AMBITION JOB,4.3,Recruitment,"Salary, Company Culture, Work Life Balance"
DevTown,3.7,Education & Training,"Salary, Promotions, Job Security"
Merkle Sokrati,3.7,Marketing & Advertising,"Job Security, Skill Development"
Amelia,3.2,Hospitality,"Promotions, Company Culture, Job Security"
Mandovi Motors,3.8,Auto Components,"Skill Development, Company Culture, Work Life Balance"
Hindustan Media Ventures,3.7,Printing & Publishing,"Promotions, Job Security, Work Satisfaction"
Nangia & Co. LLP,3.3,Accounting & Auditing,"Promotions, Company Culture, Work Satisfaction"
General Industrial Controls,3.8,Industrial Automation,"Promotions, Salary, Company Culture"
Indian School of Business,3.2,Analytics & KPO,"Promotions, Company Culture, Work Satisfaction"
Amelia,3.2,Hospitality,"Promotions, Company Culture, Job Security"
Hindustan Media Ventures,3.7,Printing & Publishing,"Promotions, Job Security, Work Satisfaction"
Recykal,3.8,Internet,"Company Culture, Work Life Balance, Work Satisfaction"
Sitics Logistic Solutions,3.2,Financial Services,"Promotions, Company Culture, Job Security"
P C CHANDRA JEWELLERS,3.8,Jewellery,"Job Security, Work Life Balance, Company Culture"
National Aerospace Laboratories,4.3,Defence & Aerospace,"Work Life Balance, Skill Development, Work Satisfaction"
Bambino Agro Industries,3.7,Food Processing,"Promotions, Salary, Skill Development"
Wanfeng Aluminum Wheel,3.7,Industrial Machinery,"Salary, Promotions, Company Culture"
CRED,3.6,FinTech,Salary
Junomoneta Finsol,3.0,Investment Banking / Venture Capital / Private Equity,"Job Security, Promotions, Company Culture"
Caparo Group,4.2,Oil & Gas,"Work Life Balance, Company Culture, Work Satisfaction"
Warner Bros. Discovery,3.8,Media & Entertainment,"Work Life Balance, Salary, Company Culture"
Raptim Research,4.3,Clinical Research,"Work Life Balance, Job Security, Company Culture"
Epp Composites,3.2,Industrial Machinery,"Company Culture, Promotions, Work Life Balance"
EbixCash Financial Technologies,2.7,IT Services & Consulting,"Promotions, Company Culture, Work Satisfaction"
Symed Labs,3.8,Pharma,"Company Culture, Work Satisfaction, Promotions"
AlmaBetter,3.6,Bengaluru +11 other locations,"Job Security, Promotions, Salary"
Accutest Research Laboratories,3.3,Clinical Research,"Promotions, Salary, Skill Development"
Bharat Benz,4.3,Automobile,"Work Life Balance, Skill Development, Company Culture"
Arwade Infrastructure,4.0,Engineering & Construction,"Salary, Skill Development, Company Culture"
Trellix,3.2,Software Product,"Promotions, Job Security, Work Satisfaction"
Jaslok Hospital and Research Centre,3.8,Healthcare,Job Security
AMS,2.9,Recruitment,"Promotions, Work Satisfaction, Job Security"
Rajhans Group of Industries,4.1,Real Estate,"Work Life Balance, Salary, Company Culture"
Stumpp Schuele & Somappa Springs,3.3,Industrial Machinery,"Promotions, Salary, Company Culture"
Jayem Automotives,3.4,Auto Components,"Promotions, Salary, Company Culture"
Macmet Engineering,3.9,Industrial Machinery,"Job Security, Work Satisfaction, Company Culture"
Glatt Systems,3.8,Pharma,"Promotions, Work Satisfaction, Company Culture"
Reventics,3.9,Healthcare,Job Security
GVK Group,3.5,Engineering & Construction,Work Life Balance
Ananda Dairy,3.7,Agriculture,Promotions
Fortune Marketing,3.7,Hardware & Networking,"Promotions, Skill Development, Salary"
Harbinger Systems,3.4,Software Product,"Promotions, Salary, Job Security"
Simplify3x Software,3.9,Software Product,Promotions
Systopic Laboratories,4.5,Pharma,"Job Security, Work Life Balance, Company Culture"
Universal Cables,3.8,Building Material,"Work Life Balance, Job Security"
The Pride Hotel,3.4,Hospitality,"Promotions, Work Satisfaction, Salary"
vSplash Techlabs,1.9,IT Services & Consulting,"Work Life Balance, Work Satisfaction, Company Culture"
Sportz Interactive,3.5,Internet,"Promotions, Salary, Work Life Balance"
Delivery.com,3.8,Internet,"Company Culture, Job Security, Skill Development"
Sel Manufacturing Co.,3.6,Fashion & Textile,"Promotions, Salary, Job Security"
ANEWA Engineering,4.1,Engineering & Construction,"Job Security, Company Culture, Work Life Balance"
All Time Plastics,3.8,Petrochemicals,Salary
Intense Technologies,3.5,IT Services & Consulting,"Promotions, Salary, Work Satisfaction"
Cogniter Technologies,3.3,IT Services & Consulting,"Promotions, Salary, Work Satisfaction"
PPMS Field Marketing,3.8,Marketing & Advertising,"Skill Development, Work Life Balance"
Be10X,4.4,Education & Training,"Promotions, Salary, Skill Development"
InfoService,4.1,IT Services & Consulting,"Work Life Balance, Company Culture, Work Satisfaction"
CPC Diagnostics,3.7,Medical Equipment,"Promotions, Job Security, Company Culture"
Sahyadri Farms,3.5,Internet,"Salary, Promotions, Work Life Balance"
Vmoksha Technologies,4.5,IT Services & Consulting,"Work Life Balance, Work Satisfaction, Skill Development"
Sagar Hospital,4.1,Healthcare,"Work Life Balance, Company Culture, Work Satisfaction"
RPP Infra Projects,4.0,Engineering & Construction,"Skill Development, Work Life Balance, Work Satisfaction"
Solenis,3.7,Chemicals,"Work Life Balance, Job Security"
Deepak Chem Tech,3.9,Chemicals,"Work Life Balance, Company Culture, Job Security"
Hogarth Worldwide,3.6,Marketing & Advertising,"Promotions, Work Satisfaction, Job Security"
Goel Construction,3.8,Engineering & Construction,Salary
IPL Biologicals,4.0,Agriculture,"Work Life Balance, Company Culture, Job Security"
Bimbo Bakeries India,3.6,FMCG,"Promotions, Company Culture, Work Satisfaction"
SmartSchool Education,4.5,EdTech,"Company Culture, Work Life Balance, Salary"
Donear Industries,3.1,Fashion & Textile,"Promotions, Company Culture, Salary"
Swaraj Engines,3.7,Automobile,"Promotions, Salary, Job Security"
Gameskraft,4.2,Software Product,"Salary, Company Culture, Work Life Balance"
An Pharmaceuticals,4.4,Pharma,"Promotions, Salary, Company Culture"
Rhenus Logistics,3.3,Logistics,"Promotions, Company Culture, Work Satisfaction"
Crif Solutions,3.1,FinTech,"Promotions, Work Satisfaction, Skill Development"
DSM SOFT,2.8,IT Services & Consulting,"Salary, Promotions, Company Culture"
S V S Projects India,3.0,Engineering & Construction,"Company Culture, Promotions, Work Life Balance"
Valiant Organics,3.5,Chemicals,"Promotions, Company Culture, Salary"
Mythri Infrastructure and Mining,3.4,Engineering & Construction,"Promotions, Job Security, Company Culture"
Archean Chemical Industries,3.6,Chemicals,Job Security
Maschio Gaspardo,3.6,Industrial Machinery,"Job Security, Skill Development, Promotions"
Burman Hospitality,3.9,Hospitality,"Company Culture, Job Security, Skill Development"
NNE,3.3,Engineering & Construction,"Promotions, Job Security, Skill Development"
Cinda Engineering & Construction,4.2,Engineering & Construction,"Work Life Balance, Company Culture, Salary"
SYNCHRONIZED SUPPLY SYSTEMS,4.0,Logistics,"Company Culture, Work Life Balance, Work Satisfaction"
Proventech,4.2,Software Product,"Job Security, Skill Development, Company Culture"
M2P Fintech,2.9,FinTech,"Job Security, Promotions, Work Satisfaction"
Ansal Api,3.9,Real Estate,"Work Life Balance, Company Culture, Work Satisfaction"
Sharda Hospital,4.0,Healthcare,"Work Life Balance, Job Security, Company Culture"
Nandi Toyota,3.8,Automobile,"Company Culture, Job Security, Skill Development"
Birdeye,3.1,Marketing & Advertising,"Promotions, Company Culture, Work Satisfaction"
Randstad Digital,3.2,Recruitment,"Promotions, Job Security, Work Satisfaction"
Translumina Therapeutics,3.4,Healthcare,"Promotions, Work Satisfaction, Skill Development"
Qube Cinema Technologies,3.8,Media & Entertainment,"Company Culture, Work Life Balance, Job Security"
Sulphur Mills,3.5,Agro Chemicals,"Promotions, Company Culture, Salary"
NSL Sugars,4.2,Food Processing,"Work Life Balance, Job Security, Company Culture"
Aptonline,3.2,IT Services & Consulting,Job Security
Nuance Transcription Services,4.1,IT Services & Consulting,"Salary, Company Culture, Work Life Balance"
KerryIndev Logistics,3.6,Logistics,"Promotions, Skill Development, Company Culture"
Ideaforge Technology,3.5,Internet,"Promotions, Salary, Work Satisfaction"
Amtex Systems,3.2,IT Services & Consulting,"Promotions, Salary, Job Security"
Aditya Anagha Multi State Credit Co-Operative Society,4.7,Banking,"Company Culture, Skill Development, Work Life Balance"
Inspiredge IT Solutions,3.9,IT Services & Consulting,"Work Life Balance, Company Culture, Job Security"
Ashley Global Capability Center,3.5,IT Services & Consulting,"Promotions, Job Security, Company Culture"
Aster MIMS,4.5,Healthcare,"Company Culture, Work Life Balance, Skill Development"
Birla Cellulose,3.6,Pulp & Paper,"Promotions, Company Culture, Work Life Balance"
Som Projects (S.P.L),3.6,Engineering & Construction,"Company Culture, Promotions, Skill Development"
Modelama Exports,3.8,Fashion & Textile,"Company Culture, Work Satisfaction, Job Security"
Volante Technologies,3.3,FinTech,"Promotions, Work Satisfaction, Skill Development"
Eros Group,3.8,Real Estate,"Work Life Balance, Company Culture"
Bhavna Corp.,3.4,IT Services & Consulting,Salary
Global Payments,4.2,FinTech,"Company Culture, Work Life Balance, Work Satisfaction"
Tynor Orthotics,3.6,Fitness & Wellness,"Promotions, Work Satisfaction, Job Security"
Presidency University,2.6,Education & Training,"Promotions, Company Culture, Work Life Balance"
MaxVal Group,3.1,IT Services & Consulting,"Promotions, Work Satisfaction, Company Culture"
Nippon Konpo,4.1,Logistics,"Work Life Balance, Job Security, Company Culture"
Private Practice,4.4,Mumbai +76 other locations,"Skill Development, Work Satisfaction, Company Culture"
Bharat Coking Coal,4.3,Metals & Mining,"Company Culture, Work Satisfaction, Work Life Balance"
Sinch,3.3,Internet,"Promotions, Work Satisfaction, Skill Development"
Mangal Industries,3.8,Auto Components,"Job Security, Skill Development, Company Culture"
Maheshwari Mining,3.5,Metals & Mining,"Promotions, Company Culture, Work Satisfaction"
SPJ group,4.0,Real Estate,"Work Life Balance, Salary, Company Culture"
Giridhan Metal,4.0,Iron & Steel,"Work Life Balance, Work Satisfaction, Job Security"
Regal Rexnord Corporation,3.5,Industrial Machinery,"Promotions, Skill Development, Work Satisfaction"
D'Decor Home Fabrics,3.8,Fashion & Textile,"Job Security, Work Life Balance"
FutureSoft India,3.4,Software Product,"Job Security, Promotions, Company Culture"
Ramee Group of Hotels,3.6,Hospitality,"Job Security, Promotions, Skill Development"
Giridhan Metal,4.0,Iron & Steel,"Work Life Balance, Work Satisfaction, Job Security"
CapitalVia,3.9,Analytics & KPO,"Company Culture, Skill Development, Salary"
ObjectWin Technology,3.5,Recruitment,"Job Security, Promotions, Skill Development"
Corrtech International,3.0,Engineering & Construction,"Promotions, Salary, Work Satisfaction"
Architect Hafeez Contractor,2.9,Architecture & Interior Design,"Work Life Balance, Promotions, Company Culture"
Ruparel Realty,3.8,Real Estate,"Work Life Balance, Salary"
Open Financial Technologies Private Limited,3.2,FinTech,"Job Security, Promotions, Work Satisfaction"
Asianet Satellite Communications,4.4,Internet,"Work Life Balance, Company Culture, Work Satisfaction"
Magnit Global,3.4,Software Product,"Promotions, Job Security, Company Culture"
Shankar Packagings,2.5,Packaging,"Company Culture, Job Security, Promotions"
Supple Tek Industries,3.5,Food Processing,Salary
Maksat Technologies,3.3,Telecom,"Promotions, Salary, Job Security"
Unislink,3.9,Healthcare,"Work Life Balance, Company Culture, Work Satisfaction"
Greaves Electric Mobility,3.2,Automobile,"Job Security, Promotions, Skill Development"
VAYA Finserv,4.0,Financial Services,"Company Culture, Work Life Balance, Work Satisfaction"
Best Value Chem,3.8,Chemicals,"Promotions, Salary"
Dmi Finance,3.6,NBFC,"Promotions, Work Satisfaction"
Hitek Syndicate,3.3,Banking,"Salary, Work Satisfaction, Promotions"
Cytecare Cancer Hospital,4.4,Healthcare,"Work Life Balance, Job Security, Skill Development"
Greaves Electric Mobility,3.2,Automobile,"Job Security, Promotions, Skill Development"
bloom Hotel Group,4.2,Hospitality,"Work Life Balance, Job Security, Company Culture"
Kamdhenu,3.7,Building Material,Work Life Balance
Cytecare Cancer Hospital,4.4,Healthcare,"Work Life Balance, Job Security, Skill Development"
Johnson Electric,3.5,Electronics Manufacturing,Salary
Metayb,3.8,IT Services & Consulting,Company Culture
"L&T Construction, Mining and Industrial Machinery",4.1,Industrial Machinery,"Job Security, Skill Development"
Biotech Vision Care,3.6,Healthcare,"Promotions, Company Culture, Work Satisfaction"
Sri Ranganathar Industries,3.2,Industrial Machinery,"Promotions, Company Culture, Job Security"
ASK-EHS Engineering & Consultants,3.5,Engineering & Construction,"Promotions, Job Security, Company Culture"
Mahindra Accelo,3.6,Iron & Steel,Job Security
Jar,4.4,FinTech,"Work Life Balance, Skill Development, Salary"
Globe Capital Market,3.4,Investment Banking / Venture Capital / Private Equity,"Promotions, Skill Development, Company Culture"
Hills Cement Company,3.4,Engineering & Construction,"Job Security, Promotions, Company Culture"
Maven Silicon,3.9,Semiconductors,"Company Culture, Work Life Balance, Job Security"
Divgi Torqtransfer Systems,3.2,Auto Components,"Promotions, Salary, Company Culture"
Bonanza Portfolio,3.2,Financial Services,"Promotions, Skill Development, Salary"
KPI Partners,3.5,IT Services & Consulting,Salary
Vitech Systems Asia,3.4,IT Services & Consulting,"Skill Development, Work Satisfaction, Job Security"
Tata Memorial Hospital,4.1,Healthcare,Skill Development
S kant Healthcare Ltd,4.6,Pharma,"Work Life Balance, Job Security, Company Culture"
RPSG,3.6,FMCG,"Promotions, Company Culture, Work Satisfaction"
Oswal Group,3.9,Fashion & Textile,Promotions
International Travel House,3.7,Travel & Tourism,Job Security
Zeiss Pharma,3.4,Pharma,"Company Culture, Work Satisfaction, Promotions"
3F Industries,3.5,Food Processing,"Promotions, Company Culture, Skill Development"
ART Housing Finance (India),3.9,Financial Services,"Work Life Balance, Skill Development, Salary"
Hills Cement Company,3.4,Engineering & Construction,"Job Security, Promotions, Company Culture"
cFIRST,3.8,Recruitment,"Company Culture, Work Life Balance, Job Security"
Maven Silicon,3.9,Semiconductors,"Company Culture, Work Life Balance, Job Security"
Bonanza Portfolio,3.2,Financial Services,"Promotions, Skill Development, Salary"
Accurate Engineering Company,3.3,Industrial Machinery,"Promotions, Salary, Company Culture"
Divgi Torqtransfer Systems,3.2,Auto Components,"Promotions, Salary, Company Culture"
Hyderabad Metro Rail,4.2,Railways,"Job Security, Company Culture, Work Life Balance"
KPI Partners,3.5,IT Services & Consulting,Salary
Tata Memorial Hospital,4.1,Healthcare,Skill Development
Vitech Systems Asia,3.4,IT Services & Consulting,"Skill Development, Work Satisfaction, Job Security"
APOLLO POWER SYSTEMS,3.7,Electrical Equipment,Work Life Balance
Careers360,2.9,Education & Training,"Work Satisfaction, Promotions, Company Culture"
WNS Denali,3.5,Management Consulting,"Promotions, Salary, Work Satisfaction"
KRG Technologies,4.3,IT Services & Consulting,"Company Culture, Work Life Balance, Work Satisfaction"
Rane Group,3.8,Auto Components,"Job Security, Skill Development, Work Life Balance"
Kuantum Papers,4.3,Pulp & Paper,"Work Life Balance, Job Security, Company Culture"
iQuanti,4.0,Marketing & Advertising,"Company Culture, Work Satisfaction, Job Security"
Mega Rubber Technologies,3.6,Auto Components,"Promotions, Skill Development, Work Satisfaction"
Polyplastics,3.6,Petrochemicals,Job Security
Enterslice,3.8,FinTech,"Work Life Balance, Skill Development"
Heavy Engineering Corporation,3.5,Engineering & Construction,Work Life Balance
Damodar Valley Corporation,3.8,Power,"Job Security, Work Life Balance"
Ranjit Buildcon,4.4,Engineering & Construction,"Salary, Work Life Balance, Work Satisfaction"
DESIGNCO,3.9,Import & Export,Skill Development
Goel Ganga Group,3.2,Real Estate,"Promotions, Salary, Company Culture"
Agrawal Metal Works,4.0,Metals & Mining,"Salary, Job Security, Work Life Balance"
Si Creva Capital Services,3.4,Mumbai +69 other locations,"Job Security, Company Culture, Work Satisfaction"
Ring Plus Aqua,4.2,Auto Components,"Work Life Balance, Company Culture, Job Security"
STEM Learning,4.1,Education & Training,"Salary, Company Culture, Work Life Balance"
Ginger Webs,2.6,IT Services & Consulting,"Job Security, Promotions, Company Culture"
Deccan Cements,4.0,Building Material,"Work Life Balance, Job Security"
Bajaj Electronics,3.7,Retail,"Promotions, Salary, Job Security"
Lalitpur Power Generation,4.3,Power,"Job Security, Work Life Balance, Work Satisfaction"
Radix Electrosystems,3.4,Electronics Manufacturing,"Promotions, Skill Development, Company Culture"
Servosys Solutions,2.7,Financial Services,"Company Culture, Promotions, Skill Development"
Techugo,3.4,Software Product,"Promotions, Salary, Job Security"
Gopalan Enterprises,4.0,Real Estate,"Work Life Balance, Salary"
Labtron Equipment,3.4,Hyderabad +8 other locations,"Promotions, Salary, Company Culture"
John Cockerill,3.2,Industrial Machinery,"Promotions, Job Security, Skill Development"
Mega Rubber Technologies,3.6,Auto Components,"Promotions, Skill Development, Work Satisfaction"
Polyplastics,3.6,Petrochemicals,Job Security
Express Roadways,3.5,Logistics,"Promotions, Salary, Work Satisfaction"
Axa Parenterals,3.8,Medical Equipment,"Promotions, Salary"
Geno Pharmaceuticals,3.1,Pharma,"Promotions, Work Satisfaction, Skill Development"
HEUBACH Colour,4.0,Chemicals,"Company Culture, Work Life Balance, Work Satisfaction"
FreshersNow,3.9,Hyderabad +40 other locations,"Company Culture, Skill Development, Work Satisfaction"
Srijan Realty,3.6,Real Estate,Salary
Ican BPO,4.2,BPO,"Company Culture, Skill Development, Salary"
IOT Infrastructure & Energy,4.2,Engineering & Construction,"Work Life Balance, Salary, Company Culture"
SNS College of Technology,4.8,Education & Training,"Company Culture, Work Life Balance, Work Satisfaction"
Yashashvi Rasayan,4.3,Metals & Mining,"Skill Development, Work Life Balance, Work Satisfaction"
Drishti IAS,4.1,EdTech,"Company Culture, Work Life Balance, Work Satisfaction"
ABP Network,3.8,Broadcasting,Work Life Balance
Ican BPO,4.2,BPO,"Company Culture, Skill Development, Salary"
IOT Infrastructure & Energy,4.2,Engineering & Construction,"Work Life Balance, Salary, Company Culture"
FreshersNow,3.9,Hyderabad +40 other locations,"Company Culture, Skill Development, Work Satisfaction"
Drishti IAS,4.1,EdTech,"Company Culture, Work Life Balance, Work Satisfaction"
Dexian India Technologies,3.5,IT Services & Consulting,"Job Security, Promotions, Work Satisfaction"
Vee Gee Industrial Enterprises,3.7,Electronics Manufacturing,"Company Culture, Promotions, Work Life Balance"
Yashoda Super Speciality Hospitals,3.8,Hyderabad +12 other locations,"Work Life Balance, Job Security"
ABP Network,3.8,Broadcasting,Work Life Balance
Fangs Technology,3.9,Consumer Electronics & Appliances,"Skill Development, Company Culture, Work Life Balance"
JBM Neel Metal,3.9,Auto Components,"Job Security, Skill Development"
IQ City Medical College,3.4,Education & Training,"Promotions, Salary, Company Culture"
Amalgam Steel,3.7,Iron & Steel,"Promotions, Company Culture, Work Satisfaction"
Graygraph Technologies Private Limited,4.3,IT Services & Consulting,"Company Culture, Work Life Balance, Work Satisfaction"
Ceratizit,4.4,Industrial Machinery,"Work Life Balance, Company Culture, Work Satisfaction"
Amentum,4.1,Defence & Aerospace,"Work Life Balance, Company Culture, Work Satisfaction"
Confiance BizSol Private Limited,2.9,Analytics & KPO,"Company Culture, Promotions, Work Satisfaction"
Monginis Foods,3.5,Hospitality,"Promotions, Company Culture, Work Satisfaction"
Mepro Pharmaceuticals,3.9,Pharma,"Job Security, Work Life Balance, Work Satisfaction"
Bewakoof,3.7,Fashion & Textile,Work Life Balance
Swal Corporation,4.1,Agro Chemicals,"Company Culture, Work Life Balance, Work Satisfaction"
Pathcare Labs,3.8,Healthcare,"Promotions, Company Culture, Job Security"
Zuari Agro Chemicals,3.9,Agro Chemicals,Work Life Balance
Infinity Data Technologies,3.3,IT Services & Consulting,"Promotions, Salary, Company Culture"
Confiance BizSol Private Limited,2.9,Analytics & KPO,"Company Culture, Promotions, Work Satisfaction"
Nipha Exports,3.5,Industrial Machinery,"Promotions, Company Culture, Work Satisfaction"
Arabtec Construction,4.2,Engineering & Construction,"Company Culture, Work Life Balance, Work Satisfaction"
M*Modal,3.6,IT Services & Consulting,"Promotions, Company Culture, Work Satisfaction"
Healthplix Technologies,3.0,Fitness & Wellness,"Job Security, Promotions, Company Culture"
Towell Engineering Group,3.4,Engineering & Construction,Job Security
NetCom Learning,3.1,EdTech,"Job Security, Promotions, Salary"
Sree Metaliks,3.9,Industrial Machinery,Work Life Balance
Hyundai Heavy Industries,3.5,Industrial Machinery,"Skill Development, Work Life Balance, Work Satisfaction"
MSL Driveline Systems,4.3,Auto Components,"Work Life Balance, Work Satisfaction, Skill Development"
Kamal Fincap,3.9,Financial Services,"Work Life Balance, Work Satisfaction"
Appiness Interactive,4.3,IT Services & Consulting,"Company Culture, Work Life Balance, Skill Development"
Gpt Infraprojects,3.9,Engineering & Construction,"Job Security, Promotions"
Chromewell Engineering,3.8,Industrial Machinery,Promotions
Wipro Insurance Solutions,3.6,Mumbai +11 other locations,Job Security
A2Z Infraservices,3.9,Facility Management Services,Work Life Balance
Li & Fung,3.8,Electrical Equipment,"Work Life Balance, Company Culture"
Healthplix Technologies,3.0,Fitness & Wellness,"Job Security, Promotions, Company Culture"
Gpt Infraprojects,3.9,Engineering & Construction,"Job Security, Promotions"
Appiness Interactive,4.3,IT Services & Consulting,"Company Culture, Work Life Balance, Skill Development"
Li & Fung,3.8,Electrical Equipment,"Work Life Balance, Company Culture"
Chromewell Engineering,3.8,Industrial Machinery,Promotions
Global Hospital Pune India,3.8,Healthcare,"Company Culture, Job Security, Skill Development"
Lawrence & Mayo,3.6,Retail,"Salary, Job Security"
A2Z Infraservices,3.9,Facility Management Services,Work Life Balance
Ayoki Fabricon,3.8,Engineering & Construction,Skill Development
Rain Carbon,4.1,Visakhapatnam +5 other locations,"Job Security, Work Life Balance, Company Culture"
Trinity Touch,4.4,Electrical Equipment,"Company Culture, Work Life Balance, Job Security"
FloBiz,3.3,IT Services & Consulting,"Job Security, Promotions, Skill Development"
O2f info Solutions,3.4,Recruitment,"Job Security, Promotions, Skill Development"
Pro1 Health Systems,3.6,Medical Equipment,"Work Life Balance, Company Culture, Work Satisfaction"
Sms Integrated Facility Services,4.1,Facility Management Services,"Company Culture, Work Life Balance, Work Satisfaction"
EASTMAN EXPORTS GLOBAL CLOTHING PVT.LTD,3.7,Fashion & Textile,"Promotions, Job Security"
United Nations Development Programme,4.0,Non-Profit,"Company Culture, Work Life Balance, Work Satisfaction"
Pravin Masalewale,3.9,FMCG,Skill Development
Veeline Industries,4.2,Surat +9 other locations,"Work Life Balance, Company Culture, Work Satisfaction"
Market Xcel Data Matrix,2.8,Analytics & KPO,"Job Security, Promotions, Company Culture"
Carrefour,3.6,Retail,"Promotions, Job Security, Skill Development"
Natural Remedies,3.7,Pharma,Work Life Balance
Tata Realty and Infrastructure,3.9,Real Estate,"Work Life Balance, Salary, Job Security"
OneAdvanced,2.6,IT Services & Consulting,"Job Security, Promotions, Skill Development"
Pentagon System and Services,3.8,IT Services & Consulting,"Promotions, Work Satisfaction"
Da Milano Leathers,2.9,Leather,"Promotions, Job Security, Work Satisfaction"
Kaff Appliances (india),3.2,Consumer Electronics & Appliances,"Promotions, Company Culture, Job Security"
Pratibha Syntex,3.9,Fashion & Textile,"Job Security, Skill Development, Work Life Balance"
Bobst India,4.0,Industrial Machinery,"Work Life Balance, Company Culture, Work Satisfaction"
Childline India Foundation,4.3,Non-Profit,"Work Life Balance, Skill Development, Work Satisfaction"
Rabwin Industries,4.0,Industrial Machinery,"Skill Development, Work Life Balance, Job Security"
Advanced Medtech Solutions,3.5,Medical Equipment,"Job Security, Promotions, Work Satisfaction"
Willowood Chemicals,3.9,Agro Chemicals,"Work Life Balance, Company Culture, Salary"
SeQuent Scientific,3.7,Pharma,"Job Security, Promotions, Work Satisfaction"
Outscale Partners,2.5,IT Services & Consulting,"Company Culture, Promotions, Skill Development"
Sterlite Copper,4.2,Metals & Mining,"Skill Development, Work Satisfaction, Company Culture"
Goibibo,2.6,Travel & Tourism,"Promotions, Work Satisfaction, Skill Development"
Diksha Technologies,2.8,IT Services & Consulting,"Promotions, Company Culture, Skill Development"
Wysetek Systems Technologists,3.4,IT Services & Consulting,"Company Culture, Promotions, Work Life Balance"
Wepsol,3.4,IT Services & Consulting,"Promotions, Salary, Job Security"
Applus Velosi,3.7,Oil & Gas,"Promotions, Salary, Job Security"
Central Institute of Plastics Engineering & Technology,3.5,Education & Training,"Promotions, Job Security, Company Culture"
Maccaferri,3.7,Real Estate,"Salary, Company Culture, Work Life Balance"
Aditya Birla Lifestyle Brands,4.1,Bengaluru +39 other locations,"Job Security, Company Culture, Work Life Balance"
Maya Academy of Advanced Cinematics,3.0,Animation & VFX,"Promotions, Company Culture, Work Satisfaction"
Kenstar,3.7,Consumer Electronics & Appliances,"Salary, Work Life Balance"
BYLD Group,3.8,Management Consulting,"Company Culture, Work Life Balance, Skill Development"
GXO,3.7,Logistics,Work Life Balance
Kolors Healthcare,3.8,Healthcare,Promotions
Vignesh Polymers,3.6,Petrochemicals,"Job Security, Promotions, Salary"
Hyland Software Solutions India LLP,3.5,IT Services & Consulting,Work Life Balance
Ncr Eduservices,4.2,Education & Training,"Company Culture, Work Life Balance, Work Satisfaction"
Impressions Services,3.9,Facility Management Services,"Salary, Company Culture, Work Life Balance"
Gujarat Guardian Ltd.,3.8,Building Material,Salary
Sellcraft Global Technology Solutions,3.9,IT Services & Consulting,"Job Security, Promotions"
JioHotstar,3.4,Internet,"Promotions, Company Culture, Job Security"
Olive Bar & Kitchen,4.1,Hospitality,"Work Life Balance, Job Security, Company Culture"
Infibeam Avenues,3.1,IT Services & Consulting,"Promotions, Company Culture, Work Satisfaction"
St. Joseph's School,4.2,Education & Training,"Work Life Balance, Company Culture, Work Satisfaction"
NimbusPost,3.2,Logistics,"Job Security, Promotions, Skill Development"
Institute of Language Management,4.2,Education & Training,"Skill Development, Job Security, Company Culture"
Anytime Fitness,3.4,Fitness & Wellness,"Job Security, Promotions, Salary"
Atlassian,3.0,Software Product,Salary
Daebu Automotive Seat,3.2,Auto Components,"Promotions, Salary, Company Culture"
Country Holidays Travel Chennai,3.9,Travel & Tourism,"Work Life Balance, Company Culture, Work Satisfaction"
Jagatjit Industries,3.5,Beverage,"Promotions, Company Culture, Salary"
Yamaha Music India,3.6,Media & Entertainment,"Work Life Balance, Job Security"
J Pan Tubular Components,3.3,Industrial Machinery,"Promotions, Company Culture, Work Satisfaction"
Leena Powertech Engineers,3.6,Engineering & Construction,"Company Culture, Promotions, Work Life Balance"
Brandix India Apparel City,3.9,Fashion & Textile,"Job Security, Company Culture, Skill Development"
Ccl Products,4.0,Beverage,"Work Life Balance, Job Security, Company Culture"
Doordarshan,3.5,Broadcasting,Work Life Balance
Toluna,3.1,Analytics & KPO,Job Security
Govind Milk & Milk Products,4.3,Food Processing,"Work Life Balance, Company Culture, Job Security"
Singer India,4.0,Consumer Electronics & Appliances,"Company Culture, Work Life Balance, Job Security"
Continental Tyres,3.5,Auto Components,"Promotions, Job Security, Work Satisfaction"
Exemed Pharmaceuticals,3.9,Pharma,"Job Security, Salary, Company Culture"
Lal Baba Seamless Tubes,3.1,Industrial Machinery,"Promotions, Company Culture, Work Satisfaction"
LeapScholar,3.3,Bengaluru +18 other locations,"Work Satisfaction, Work Life Balance, Job Security"
Educational Initiatives,2.9,EdTech,"Promotions, Company Culture, Work Satisfaction"
TalentServe,2.0,Software Product,"Work Satisfaction, Job Security, Promotions"
C-quel Management Services,4.2,Accounting & Auditing,"Work Life Balance, Job Security, Work Satisfaction"
S.M. Consultants,3.3,Management Consulting,"Company Culture, Promotions, Work Life Balance"
Newtech Medical Devices,3.7,Medical Equipment,
Jai Kisan,3.2,Internet,"Job Security, Promotions, Company Culture"
Lapp India,4.1,Electrical Equipment,"Work Life Balance, Work Satisfaction, Company Culture"
Indian Council of Agricultural Research,3.9,Education & Training,"Work Life Balance, Work Satisfaction, Skill Development"
Scorpion Express,3.7,Logistics,"Promotions, Job Security, Work Satisfaction"
Katyayani Organics,4.0,Agriculture,"Skill Development, Company Culture"
L&T Geostructure,4.2,Chennai +30 other locations,"Job Security, Salary, Company Culture"
B.L. Agro Industries,3.8,Bareilly +21 other locations,"Job Security, Promotions"
Ingenero Technologies,4.0,IT Services & Consulting,"Job Security, Company Culture, Work Life Balance"
Swelect Energy Systems,4.0,Electrical Equipment,"Job Security, Work Life Balance, Skill Development"
Bry-Air (Asia),3.6,Gurugram +17 other locations,Job Security
Finecure Pharmaceuticals,3.7,Pharma,"Promotions, Company Culture"
Jubilant Industries,3.8,Agro Chemicals,"Job Security, Company Culture, Work Life Balance"
Ascolite - Aswani Industries Pvt. Ltd.,3.8,Engineering & Construction,"Skill Development, Work Life Balance"
First Abu Dhabi Bank,3.0,Banking,"Promotions, Skill Development, Job Security"
BG Distributors,3.5,FMCG,"Promotions, Work Satisfaction, Salary"
Paracoat Products,3.7,Auto Components,Job Security
Cadworks India,4.9,Design,"Company Culture, Skill Development, Work Life Balance"
VASANTHA TOOL CRAFTS,3.9,Industrial Machinery,"Skill Development, Job Security"
Alliant Talent,2.0,Accounting & Auditing,"Job Security, Company Culture, Work Satisfaction"
Don Bosco Tech Society,4.0,Non-Profit,"Skill Development, Work Life Balance, Work Satisfaction"
Newton School: Pay after Placement,3.8,Internet,"Work Life Balance, Skill Development"
Thinksys Software,3.8,IT Services & Consulting,Work Life Balance
ATYETI,3.8,IT Services & Consulting,"Work Life Balance, Salary, Company Culture"
Kapil Chit Funds,4.0,FinTech,"Company Culture, Work Life Balance, Skill Development"
L&T Infrastructure Development Projects,4.0,Engineering & Construction,"Work Life Balance, Job Security, Work Satisfaction"
Altius Customer Services,3.4,BPO,"Salary, Promotions, Job Security"
CI Infotech,3.7,IT Services & Consulting,"Promotions, Salary, Work Satisfaction"
Technocraft Industries,3.8,Industrial Machinery,Promotions
Ind swift ltd. Gbu,3.6,Chandigarh +22 other locations,"Promotions, Company Culture, Skill Development"
Crio.Do,2.8,EdTech,"Job Security, Work Satisfaction, Promotions"
SKYMAP PHARMACEUTICALS,4.0,Pharma,"Work Life Balance, Job Security, Salary"
Ajanta Shoes,3.5,Fashion & Textile,"Promotions, Company Culture, Work Satisfaction"
Arvind Technocrats & Engineers LLP,3.8,Engineering & Construction,Salary
SISA Information Security,3.0,IT Services & Consulting,"Promotions, Salary, Work Satisfaction"
Experion Technologies,3.6,IT Services & Consulting,Job Security
Curateq Biologics,3.2,Biotechnology,Job Security
Fiat Chrysler Automobiles,3.7,Automobile,"Promotions, Salary, Company Culture"
Indus Motors,4.1,Automobile,"Company Culture, Work Life Balance, Skill Development"
Vehere Technologies,4.4,IT Services & Consulting,"Job Security, Company Culture, Work Life Balance"
ThinkPalm Technologies,3.9,IT Services & Consulting,"Job Security, Company Culture, Work Life Balance"
PC Financial Services,4.1,Financial Services,"Company Culture, Work Life Balance, Work Satisfaction"
Sandfits Foundries,4.0,Auto Components,"Skill Development, Work Satisfaction, Job Security"
Happy Forging,3.8,Auto Components,Job Security
Advance Auto Parts India,3.9,Retail,"Work Life Balance, Salary, Company Culture"
Speed Engineering Solutions,3.8,Industrial Machinery,Company Culture
Ascendum Solutions,3.0,IT Services & Consulting,"Promotions, Job Security, Work Satisfaction"
SMCC Construction India,4.1,Engineering & Construction,"Job Security, Salary, Company Culture"
Crowe Horwath,3.6,Accounting & Auditing,Work Life Balance
Thinksynq Solutions,3.8,Management Consulting,"Job Security, Company Culture, Work Life Balance"
Amnet Systems,3.7,IT Services & Consulting,"Promotions, Skill Development, Work Satisfaction"
Allied Nippon,3.7,Auto Components,"Promotions, Skill Development"
Sun Technologies,3.2,IT Services & Consulting,"Promotions, Salary, Work Satisfaction"
NDTV Network,3.5,Broadcasting,"Promotions, Company Culture, Work Satisfaction"
Publicis Global Delivery,4.0,Media & Entertainment,"Work Life Balance, Job Security, Company Culture"
Varsity Education Management,3.7,Education & Training,"Promotions, Salary, Company Culture"
Pan Gulf Technologies,3.9,Design,"Company Culture, Job Security"
Ben Franklin,3.6,Retail,"Promotions, Salary, Company Culture"
Laminaar Aviation Infotech,2.6,IT Services & Consulting,"Promotions, Salary, Company Culture"
Community Health Center,4.2,Healthcare,"Work Life Balance, Company Culture, Work Satisfaction"
Indo European Educational Services,4.2,Education & Training,"Skill Development, Company Culture, Work Life Balance"
Jamboree Education,3.3,EdTech,"Promotions, Skill Development, Company Culture"
Unilog Content Solutions ( P),3.1,Software Product,"Job Security, Promotions, Skill Development"
Ethara AI,3.2,Gurugram +9 other locations,"Job Security, Work Satisfaction, Promotions"
Tech2Globe,3.8,IT Services & Consulting,"Work Life Balance, Skill Development, Company Culture"
KNNX Corp,2.4,IT Services & Consulting,"Job Security, Promotions, Company Culture"
Sunera Technologies,3.6,IT Services & Consulting,"Promotions, Job Security, Skill Development"
West Bengal State Electricity Distribution Company,3.4,Power,Job Security
B5 Plus,3.2,Iron & Steel,"Promotions, Company Culture, Work Satisfaction"
Nayoda,4.4,Chennai +6 other locations,"Work Life Balance, Skill Development, Work Satisfaction"
Encalm Hospitality,4.0,Aviation,"Job Security, Company Culture, Work Life Balance"
Vee Gee Auto Components,3.9,Auto Components,"Skill Development, Salary, Work Satisfaction"
Modenik Lifestyle,3.8,Fashion & Textile,Work Life Balance
Urban Money,2.9,Mumbai +51 other locations,"Job Security, Work Satisfaction, Promotions"
NASDAQ,3.4,Financial Services,"Promotions, Job Security, Work Satisfaction"
Nanavati Max Super Speciality Hospital,3.6,Mumbai +7 other locations,"Promotions, Work Satisfaction, Company Culture"
Zuno General Insurance,3.7,Financial Services,"Work Life Balance, Job Security"
Ashish Life Science,3.7,Pharma,"Job Security, Promotions"
Manorama Industries Limited,4.5,FMCG,"Work Life Balance, Skill Development, Salary"
UptoSkills,4.5,New Delhi +11 other locations,"Company Culture, Work Life Balance, Skill Development"
Jamboree Education,3.3,EdTech,"Promotions, Skill Development, Company Culture"
Unilog Content Solutions ( P),3.1,Software Product,"Job Security, Promotions, Skill Development"
Petroexcel Technology Services,3.5,Oil & Gas,"Promotions, Skill Development, Work Satisfaction"
Sowparnika,4.1,Real Estate,"Work Life Balance, Work Satisfaction, Skill Development"
Rhysley Private Limited,3.3,Fashion & Textile,"Job Security, Promotions, Company Culture"
ARCHER Transnational Systems Private Limited,3.5,Legal,"Promotions, Work Satisfaction, Job Security"
Ferring Pharmaceuticals,3.8,Pharma,Work Life Balance
MUFG Intime India,3.4,Mumbai +9 other locations,"Promotions, Salary, Skill Development"
Shree Maruti Courier Service,4.0,Logistics,"Work Life Balance, Salary, Work Satisfaction"
SPX Flow Technology,4.3,Industrial Machinery,"Work Life Balance, Company Culture, Job Security"
Simpa Energy,4.6,Power,"Company Culture, Work Life Balance, Work Satisfaction"
Prione Business Services,4.4,Retail,"Company Culture, Work Life Balance, Job Security"
Gmr Airport Developers,3.8,Engineering & Construction,"Job Security, Work Life Balance"
Best Corporation,3.6,Fashion & Textile,"Promotions, Company Culture, Salary"
SPIE Oil & Gas Services,4.0,Oil & Gas,"Work Life Balance, Skill Development, Company Culture"
Rosmerta Safety Systems,3.5,Gurugram +41 other locations,"Promotions, Job Security, Skill Development"
Scribe EMR,3.9,BPO,"Job Security, Work Satisfaction"
Scribe EMR,3.9,BPO,"Job Security, Work Satisfaction"
Graphite India,3.5,Electrical Equipment,Job Security
JSW Dulux,4.1,Building Material,"Work Life Balance, Skill Development, Salary"
Nirvasa Healthcare,3.1,Healthcare,"Job Security, Company Culture, Work Satisfaction"
Feedback Energy Distribution Company,3.6,Power,Company Culture
ValueFirst Digital Media,3.3,Software Product,"Promotions, Skill Development, Salary"
Matrix Cellular Services,4.1,Telecom,"Skill Development, Salary, Work Satisfaction"
Qicpic,2.2,Internet,"Company Culture, Work Satisfaction, Job Security"
Lamprell,3.7,Oil & Gas,"Promotions, Company Culture, Job Security"
Abu Dhabi Oil Refining Company,4.3,Oil & Gas,"Work Life Balance, Company Culture, Work Satisfaction"
Zurich Kotak General Insurance,3.1,Insurance,"Promotions, Company Culture, Work Satisfaction"
Gowtham Model School,3.8,Education & Training,"Skill Development, Company Culture, Work Satisfaction"
IPG Mediabrands,3.3,Marketing & Advertising,"Skill Development, Work Satisfaction, Promotions"
Ellucian Higher Education Systems,3.6,IT Services & Consulting,"Work Life Balance, Company Culture"
Liquiloans,2.9,FinTech,"Promotions, Job Security, Company Culture"
Amar Cars,3.7,Automobile,"Company Culture, Salary"
Doms Industries,3.9,Other,Work Life Balance
Lince Soft Solutions,4.7,Recruitment,"Work Life Balance, Company Culture, Work Satisfaction"
Konstelec Engineers,3.3,Engineering & Construction,"Promotions, Salary, Company Culture"
Ajmal Perfumes,3.8,Beauty & Personal Care,Promotions
Sindhuja Microcredit,3.7,NBFC,"Job Security, Work Satisfaction, Promotions"
Mold Tek Packaging,3.8,Packaging,Job Security
Doms Industries,3.9,Other,Work Life Balance
Camlin Fine Sciences,3.5,Chemicals,"Promotions, Company Culture, Skill Development"
Khaitan Electricals,2.8,Food Processing,"Promotions, Company Culture, Job Security"
Meditrina Hospital,3.9,Healthcare,"Work Life Balance, Work Satisfaction, Skill Development"
Gsa Industries,3.9,Automobile,"Skill Development, Salary, Work Satisfaction"
Intellect Bizware Services,4.1,IT Services & Consulting,"Job Security, Skill Development, Company Culture"
Brose India Automotive Systems,3.6,Auto Components,"Work Life Balance, Job Security"
Dipty Lal Judge Mal,4.0,Retail,"Job Security, Salary, Company Culture"
MRCC Solutions,3.0,IT Services & Consulting,"Promotions, Job Security, Work Satisfaction"
Lepton Software Export & Research,3.4,Software Product,"Promotions, Company Culture, Work Life Balance"
nurture.farm,3.1,Agriculture,"Job Security, Promotions, Work Satisfaction"
Motwane Manufacturing Company,3.5,Electrical Equipment,"Job Security, Promotions, Company Culture"
Kumar Properties,4.3,Real Estate,"Work Life Balance, Job Security, Company Culture"
Geltec,3.1,Pharma,"Company Culture, Work Satisfaction, Promotions"
Chandak Group,4.2,Real Estate,"Job Security, Salary, Company Culture"
SEForge,3.3,Engineering & Construction,"Promotions, Salary, Job Security"
Stonex,3.9,Metals & Mining,"Work Life Balance, Work Satisfaction, Job Security"
Sankara Eye Hospital,4.1,Non-Profit,"Job Security, Company Culture, Work Life Balance"
Techno India Group,3.4,EdTech,"Promotions, Salary, Work Satisfaction"
Indian Register of Shipping,3.9,"Testing, Inspection and Certification (TIC)",Work Life Balance
Wellspring Healthcare,2.8,Healthcare,"Promotions, Company Culture, Salary"
Advance Career Solutions,4.1,Recruitment,"Skill Development, Company Culture, Work Life Balance"
Ognibene India,3.4,Industrial Machinery,"Promotions, Company Culture, Work Life Balance"
Layam Flexi Solutions,3.5,Recruitment,"Promotions, Job Security, Salary"
IFFCO Kisan Finance,3.3,New Delhi +49 other locations,"Promotions, Company Culture, Job Security"
Acer India,3.7,IT Services & Consulting,Promotions
VFS Capital,3.6,NBFC,Company Culture
Poonawalla Finance,3.7,NBFC,"Promotions, Job Security, Company Culture"
Topre India,4.3,Auto Components,"Work Life Balance, Salary, Company Culture"
Nahar Industrial Enterprises,3.8,Fashion & Textile,Promotions
Atidan Technologies,4.1,IT Services & Consulting,"Skill Development, Work Life Balance, Work Satisfaction"
Attero Recycling,4.2,Semiconductors,"Work Life Balance, Salary, Company Culture"
Crane Consulting and Outsourcing,3.9,Bengaluru +5 other locations,"Job Security, Company Culture, Work Life Balance"
Zebra Technologies,3.8,IT Services & Consulting,"Company Culture, Work Life Balance"
Enviro Infra Engineers,4.1,Waste Management,"Work Life Balance, Salary, Company Culture"
Sabyasachi Couture,3.7,Fashion & Textile,Work Life Balance
KLM Laboratories,3.5,Pharma,"Promotions, Salary, Skill Development"
VISION,3.8,Management Consulting,"Skill Development, Company Culture, Work Life Balance"
Embassy Group,4.1,Real Estate,"Company Culture, Job Security, Salary"
SmartED Innovations,3.9,Education & Training,"Company Culture, Skill Development"
Indian Register of Shipping,3.9,"Testing, Inspection and Certification (TIC)",Work Life Balance
KLM Laboratories,3.5,Pharma,"Promotions, Salary, Skill Development"
Citylife Retail,3.9,Retail,"Company Culture, Job Security, Salary"
Amagi Media Labs,3.5,Software Product,"Promotions, Work Life Balance, Work Satisfaction"
Nimbus BPO,3.2,BPO,"Promotions, Salary, Work Satisfaction"
Geodis Overseas,3.3,Logistics,"Promotions, Company Culture, Salary"
Conde Nast India,2.7,Printing & Publishing,"Promotions, Job Security, Skill Development"
RC Plasto Tanks And Pipes,3.7,Nagpur +28 other locations,"Promotions, Salary, Company Culture"
Inmakes Infotech,3.4,Kochi +12 other locations,"Job Security, Salary, Work Life Balance"
otsuka chemical india,4.1,Chemicals,"Salary, Skill Development, Work Life Balance"
Salzer Electronics,4.1,Electrical Equipment,"Job Security, Skill Development, Work Life Balance"
UMSL,3.5,Engineering & Construction,"Promotions, Job Security, Skill Development"
Metro Tyres,3.6,Auto Components,"Promotions, Company Culture, Salary"
DCW,3.8,Chemicals,"Work Life Balance, Job Security, Skill Development"
Mafatlal Industries,3.7,Fashion & Textile,"Promotions, Job Security, Work Satisfaction"
Prayag Polymers,3.7,Petrochemicals,Work Life Balance
Lynk,3.4,Logistics,"Promotions, Job Security, Company Culture"
EssentiallySports,3.7,Media & Entertainment,Skill Development
GA Infra Private Limited,3.8,Engineering & Construction,"Job Security, Promotions, Company Culture"
otsuka chemical india,4.1,Chemicals,"Salary, Skill Development, Work Life Balance"
ATYETI,3.8,IT Services & Consulting,"Work Life Balance, Salary"
EssentiallySports,3.7,Media & Entertainment,Skill Development
Lynk,3.4,Logistics,"Promotions, Job Security, Company Culture"
RevFin,3.8,Financial Services,"Work Life Balance, Company Culture, Salary"
AdamsBridge Global,3.4,Internet,"Promotions, Company Culture, Work Satisfaction"
United Industries,3.6,Industrial Machinery,"Promotions, Company Culture, Salary"
MEP Infrastructure Developers,3.8,Engineering & Construction,"Promotions, Salary"
SembCorp,3.8,Power,"Job Security, Salary, Work Life Balance"
Unique Engineers,3.5,Industrial Machinery,"Promotions, Salary, Work Satisfaction"
BYD Electronics,3.5,Electronics Manufacturing,"Company Culture, Promotions, Work Life Balance"
Avaada Electro,4.2,Power,"Work Life Balance, Job Security, Salary"
Juspay Technologies,3.7,FinTech,Promotions
SHARON BIO MEDICINE,3.9,Pharma,"Work Life Balance, Job Security"
Wibmo,3.3,FinTech,"Promotions, Job Security, Company Culture"
Jupiter Wagons,3.7,Railways,"Promotions, Skill Development, Company Culture"
Eicher Engineering Components,4.1,Auto Components,"Work Life Balance, Job Security, Work Satisfaction"
Garden Reach Shipbuilders & Engineers,4.1,Ports & Shipping,"Job Security, Work Life Balance, Work Satisfaction"
Real Estate Group,4.3,Mumbai +52 other locations,"Skill Development, Company Culture, Work Satisfaction"
Newfold Digital,3.6,IT Services & Consulting,"Work Life Balance, Company Culture"
Turner & Townsend,3.9,Engineering & Construction,"Job Security, Company Culture, Salary"
MGNREGA,3.8,Government,"Promotions, Job Security, Salary"
Deepak Foundation,3.9,Non-Profit,"Work Life Balance, Work Satisfaction, Skill Development"
Prudent Insurance Brokers,3.6,Insurance,"Promotions, Work Satisfaction"
Neelachal Ispat Nigam,4.1,Metals & Mining,"Skill Development, Work Life Balance, Company Culture"
Lanson Toyota,4.3,Automobile,"Job Security, Company Culture, Work Life Balance"
Banas Dairy,3.9,Food Processing,"Job Security, Work Life Balance, Work Satisfaction"
Ghv India,4.3,Engineering & Construction,"Work Life Balance, Company Culture, Work Satisfaction"
Jivo Wellness,3.1,FMCG,"Promotions, Salary, Work Life Balance"
Egon Zehnder International,3.8,Management Consulting,"Work Life Balance, Job Security, Company Culture"
DMI,4.0,IT Services & Consulting,"Work Life Balance, Salary, Company Culture"
Marsh India Insurance Brokers,4.2,Insurance,"Company Culture, Job Security, Work Life Balance"
Nina Percept,3.9,Building Material,Promotions
Holostik,3.7,Packaging,Promotions
HP Computing and Printing Systems,3.7,IT Services & Consulting,"Work Life Balance, Company Culture"
L&T Buildings & Factories,3.6,Engineering & Construction,Job Security
Umang Dairies,3.9,FMCG,"Job Security, Work Life Balance, Skill Development"
Inox Green Energy Services,4.0,Electrical Equipment,"Job Security, Work Life Balance, Work Satisfaction"
Automation Anywhere,3.9,Industrial Automation,"Work Life Balance, Salary, Company Culture"
Nahar Group of Companies,3.6,Fashion & Textile,"Promotions, Company Culture, Skill Development"
The Dollar Business,3.1,IT Services & Consulting,"Company Culture, Job Security, Work Satisfaction"
Vehant Technologies,3.7,IT Services & Consulting,"Work Satisfaction, Promotions, Skill Development"
Indian Armed Forces,4.6,Government,"Job Security, Skill Development, Salary"
Prateek Group,3.9,Real Estate,"Job Security, Salary"
Sonyo Management Consultants,4.4,Recruitment,"Company Culture, Work Life Balance, Work Satisfaction"
Safdarjung Hospital,4.3,Healthcare,"Skill Development, Work Life Balance, Work Satisfaction"
CR Asia,3.8,Oil & Gas,Job Security
Hansa Cequity,3.3,Marketing & Advertising,"Promotions, Work Life Balance, Salary"
D A V School,3.8,Education & Training,"Skill Development, Work Satisfaction, Salary"
Ramco Steels,3.8,Iron & Steel,Salary
TVS - SUNDARAM BRAKE LININGS,3.1,Auto Components,"Salary, Promotions, Work Satisfaction"
NSK,3.9,Industrial Machinery,"Work Life Balance, Salary, Company Culture"
Sensiple,3.7,IT Services & Consulting,"Promotions, Job Security"
Apptunix,4.1,Software Product,"Company Culture, Skill Development, Work Satisfaction"
Zerodha,4.1,FinTech,"Work Life Balance, Company Culture, Work Satisfaction"
CoinDCX,3.9,Emerging Technologies,"Salary, Company Culture, Work Life Balance"
Ivis International,3.4,Law Enforcement & Security,"Promotions, Job Security, Salary"
Pacific Global Solutions,3.4,Ahmedabad +5 other locations,"Promotions, Salary, Work Satisfaction"
v4c.ai,4.5,Pune +3 other locations,"Skill Development, Company Culture, Work Satisfaction"
Zerodha,4.1,FinTech,"Work Life Balance, Company Culture, Work Satisfaction"
Indian Armed Forces,4.6,Government,"Job Security, Skill Development, Salary"
Sterling Software Private Limited,3.4,Software Product,Job Security
DataTracks,3.3,FinTech,"Promotions, Salary, Skill Development"
Podar Jumbo Kids,3.8,Education & Training,"Work Life Balance, Skill Development"
Decon Telecom Solutions,3.1,Telecom,"Promotions, Company Culture, Work Satisfaction"
MPL Group,3.5,Iron & Steel,"Promotions, Company Culture, Job Security"
Safdarjung Hospital,4.3,Healthcare,"Skill Development, Work Life Balance, Work Satisfaction"
Sonyo Management Consultants,4.4,Recruitment,"Company Culture, Work Life Balance, Work Satisfaction"
Vishay Precision Transducers,3.4,Semiconductors,"Promotions, Job Security, Work Life Balance"
Ardex Endura,3.8,Building Material,"Job Security, Work Life Balance"
Lulu Hypermarket,3.5,Retail,"Promotions, Salary, Company Culture"
Ray Engineering,4.0,Engineering & Construction,"Skill Development, Job Security, Work Satisfaction"
Hiranandani group,4.1,Real Estate,"Work Life Balance, Company Culture, Job Security"
B M Birla Heart Research Centre,3.7,Healthcare,"Promotions, Work Satisfaction"
Cipla Industries,4.1,Pharma,"Skill Development, Salary"
IREO,4.6,Real Estate,"Work Life Balance, Company Culture, Work Satisfaction"
Kepler Healthcare,3.5,Pharma,"Job Security, Salary, Company Culture"
Endress Hauser,4.0,Industrial Automation,"Company Culture, Work Life Balance, Job Security"
MENTORS EDUSERV,4.0,EdTech,"Company Culture, Work Life Balance, Work Satisfaction"
Shri Ram Finance Corporation,3.2,Financial Services,"Job Security, Salary, Work Satisfaction"
Narayana Medical College & Hospital,3.9,Healthcare,"Work Life Balance, Skill Development, Job Security"
TruCap Finance,3.8,Financial Services,"Work Life Balance, Salary, Company Culture"
Cipla Industries,4.1,Pharma,"Skill Development, Salary"
Ray Engineering,4.0,Engineering & Construction,"Skill Development, Job Security, Work Satisfaction"
B M Birla Heart Research Centre,3.7,Healthcare,"Promotions, Work Satisfaction"
MENTORS EDUSERV,4.0,EdTech,"Company Culture, Work Life Balance, Work Satisfaction"
Endress Hauser,4.0,Industrial Automation,"Company Culture, Work Life Balance, Job Security"
MResult Services,3.6,IT Services & Consulting,Work Life Balance
HYOSUNG T&D,3.9,Electrical Equipment,"Job Security, Work Life Balance"
Teliolabs,3.9,Emerging Technologies,"Company Culture, Work Life Balance, Work Satisfaction"
FunnL,3.4,Marketing & Advertising,"Salary, Job Security, Promotions"
Steadfast Medishield,3.7,Pharma,Salary
Peekay Steel Castings,4.0,Iron & Steel,"Company Culture, Job Security, Skill Development"
LC Infra Projects,3.9,Engineering & Construction,"Salary, Company Culture"
Aakash Health Care,3.9,Healthcare,"Company Culture, Work Life Balance, Job Security"
Nivara Home Finance,3.8,Financial Services,"Work Life Balance, Salary"
Expedien eSolutions,3.1,IT Services & Consulting,"Promotions, Skill Development, Company Culture"
Arcon TechSolutions,3.2,IT Services & Consulting,"Promotions, Company Culture, Work Life Balance"
Emmbi Industries,3.5,Packaging,"Promotions, Job Security, Salary"
IREP Credit Capital,3.9,Financial Services,"Salary, Work Life Balance, Skill Development"
Isprava,3.3,Real Estate,"Job Security, Promotions, Work Satisfaction"
M Tech Innovations,3.8,Electronics Manufacturing,"Job Security, Skill Development, Company Culture"
ROI NET Solution,4.1,FinTech,"Company Culture, Work Life Balance, Work Satisfaction"
CFlo,4.5,Industrial Machinery,"Company Culture, Job Security, Skill Development"
Coverfox,3.5,Insurance,"Job Security, Promotions, Salary"
KodNest,3.8,Education & Training,"Skill Development, Company Culture"
DIN Engineering Services,3.6,Analytics & KPO,"Promotions, Job Security, Salary"
Jewelex India,3.9,Jewellery,"Company Culture, Job Security, Work Life Balance"
MRC Logistics,3.9,Logistics,"Work Life Balance, Work Satisfaction, Company Culture"
bgr Mining infra pvt Ltd,4.0,Metals & Mining,"Work Life Balance, Skill Development, Salary"
Techno Exponent,3.6,Financial Services,"Job Security, Promotions, Work Satisfaction"
Arihant Capital Markets,4.0,Financial Services,"Work Life Balance, Work Satisfaction, Skill Development"
FCS Software Solutions,3.7,IT Services & Consulting,Work Life Balance
Ceigall,3.2,Engineering & Construction,"Promotions, Job Security, Company Culture"
Bimal Auto Agency,3.8,Auto Components,"Promotions, Work Satisfaction, Company Culture"
Conviction HR,3.8,Recruitment,
Talwalkars Better Value Fitness,4.3,Fitness & Wellness,"Company Culture, Work Satisfaction, Skill Development"
B.P. Poddar Hospital & Medical Research,3.0,Healthcare,"Promotions, Salary, Company Culture"
Trawex Technologies,4.5,Software Product,"Company Culture, Work Life Balance, Work Satisfaction"
Bimal Auto Agency,3.8,Auto Components,"Promotions, Work Satisfaction, Company Culture"
Inditex,4.2,Fashion & Textile,"Work Life Balance, Job Security, Skill Development"
Benzo Chem Industries,3.8,Chemicals,"Job Security, Work Life Balance"
Keihin India Manufacturing,4.4,Auto Components,"Company Culture, Skill Development, Work Satisfaction"
Orchid Hotel,3.4,Hospitality,"Job Security, Promotions, Work Satisfaction"
Edujobs Academy,3.6,Education & Training,"Promotions, Job Security, Company Culture"
Government of Odisha,4.0,Government,"Work Life Balance, Work Satisfaction, Job Security"
J G Hosiery,3.3,Fashion & Textile,"Promotions, Skill Development, Company Culture"
Gemini Edibles & Fats India,4.1,Food Processing,"Work Life Balance, Job Security, Company Culture"
Deepija Telecom,3.7,Software Product,Job Security
Nv Group,3.5,Beverage,"Job Security, Promotions, Skill Development"
M.P. Power Transmission Company,3.9,Power,"Skill Development, Work Life Balance"
Mayoor School,3.9,Education & Training,"Skill Development, Company Culture, Work Satisfaction"
Advatix,3.0,Gurugram +7 other locations,"Promotions, Company Culture, Job Security"
Kewal Kiran Clothing,3.6,Fashion & Textile,"Promotions, Salary, Company Culture"
Desai Construction,4.1,Engineering & Construction,"Salary, Job Security, Company Culture"
Group Surya Peb,4.2,Engineering & Construction,"Promotions, Skill Development"
New Era Technology,3.5,IT Services & Consulting,"Promotions, Skill Development, Salary"
HexaView Technologies,3.4,IT Services & Consulting,"Job Security, Promotions, Salary"
EAPRO Global Ltd,4.1,Consumer Electronics & Appliances,"Company Culture, Work Life Balance, Skill Development"
KDDL,3.6,Metals & Mining,"Promotions, Work Satisfaction, Company Culture"
Semac Consultants,4.1,Engineering & Construction,"Salary, Work Life Balance"
Collage,4.2,Retail,"Work Life Balance, Work Satisfaction, Company Culture"
Accurate Global Alliances,4.7,Recruitment,"Company Culture, Work Life Balance, Work Satisfaction"
Lilac Insights,3.2,Fitness & Wellness,"Promotions, Job Security, Company Culture"
Way.com,3.8,Internet,"Salary, Skill Development, Work Life Balance"
Naxnova,4.3,Auto Components,"Work Life Balance, Company Culture, Work Satisfaction"
Hughes Communications,3.3,Gurugram +22 other locations,"Promotions, Salary, Company Culture"
Farmson Pharmaceutical,3.2,Pharma,"Job Security, Promotions, Company Culture"
First Solar,4.1,Internet,"Company Culture, Work Life Balance, Job Security"
Automotive Research Association of India,4.1,Auto Components,"Work Life Balance, Skill Development, Company Culture"
Voith,3.8,Pulp & Paper,"Job Security, Work Life Balance"
Nisa Industrial Services,3.8,Law Enforcement & Security,
Super Auto India,3.8,Industrial Machinery,"Promotions, Company Culture, Salary"
Mastech Digital,3.5,IT Services & Consulting,"Job Security, Promotions, Skill Development"
Mount Talent Consulting,2.9,Recruitment,"Salary, Promotions, Job Security"
Yuken India,3.2,Industrial Machinery,"Promotions, Company Culture, Salary"
Hartex Rubber,3.2,Auto Components,"Promotions, Salary, Company Culture"
West Coast Pharmaceuticals,2.9,Pharma,"Salary, Promotions, Company Culture"
Solar Defence And Aerospace,3.7,Defence & Aerospace,Job Security
Motovolt Mobility,3.7,Automobile,Promotions
CGS,3.3,IT Services & Consulting,"Promotions, Company Culture, Skill Development"
Rysun Labs,3.4,IT Services & Consulting,"Job Security, Promotions, Company Culture"
Cease Fire,2.8,New Delhi +42 other locations,"Promotions, Work Satisfaction, Job Security"
Arya Collateral Warehousing Services,4.2,Agriculture,"Company Culture, Work Life Balance, Work Satisfaction"
Airpay Payment Services,3.0,FinTech,"Promotions, Work Satisfaction, Work Life Balance"
Focus Softnet,3.4,Software Product,"Promotions, Salary, Company Culture"
Qatar Petroleum,4.3,Oil & Gas,"Company Culture, Work Life Balance, Work Satisfaction"
Omega,3.9,Industrial Machinery,"Job Security, Company Culture, Work Life Balance"
Kaseya Software,3.1,Software Product,"Promotions, Work Satisfaction, Skill Development"
The Millennium School,3.8,Education & Training,"Work Life Balance, Skill Development, Salary"
Sarvatra Technologies,4.0,IT Services & Consulting,"Job Security, Company Culture, Work Life Balance"
Jobby Engineers,4.1,Engineering & Construction,"Work Life Balance, Company Culture, Skill Development"
Somika Sarl,4.1,Metals & Mining,"Salary, Company Culture, Work Satisfaction"
Mastech,3.5,IT Services & Consulting,"Job Security, Promotions, Skill Development"
Texport Industries,3.5,Fashion & Textile,"Promotions, Company Culture, Work Life Balance"
CDS Infra Projects,3.3,Engineering & Construction,"Promotions, Job Security, Skill Development"
Visible Alpha Solutions,3.7,Analytics & KPO,"Work Life Balance, Company Culture"
UTILITY PROJECTS AND SERVICES,3.8,Engineering & Construction,Work Life Balance
Mindenious Edutech,4.1,Education & Training,"Company Culture, Work Life Balance, Work Satisfaction"
Kirtane & Pandit,3.6,Accounting & Auditing,"Promotions, Salary, Skill Development"
Opporture,4.8,Content Development,"Company Culture, Work Satisfaction, Work Life Balance"
Anabeeb,4.0,Oil & Gas,"Company Culture, Skill Development, Work Satisfaction"
Central Coalfields,4.5,Metals & Mining,"Work Life Balance, Company Culture, Work Satisfaction"
Egniol Services Private Limited,2.3,Legal,"Job Security, Company Culture, Work Satisfaction"
Creditas Solutions,3.3,FinTech,"Promotions, Job Security, Work Life Balance"
Scientific Games,3.6,Gaming,"Promotions, Skill Development, Work Satisfaction"
Naari Pharma,2.7,Pharma,"Work Life Balance, Company Culture, Work Satisfaction"
Verity Knowledge Solutions,3.1,Investment Banking / Venture Capital / Private Equity,"Work Satisfaction, Company Culture, Skill Development"
LiquidHub,3.6,IT Services & Consulting,"Work Life Balance, Job Security"
Compuage Infocom,4.2,Hardware & Networking,"Company Culture, Work Life Balance, Work Satisfaction"
Vertex,3.2,Pharma,"Promotions, Job Security, Work Satisfaction"
ONKAR DIES,3.7,Engineering & Construction,"Promotions, Salary, Company Culture"
Arunachala Logistics,3.9,Logistics,"Work Life Balance, Company Culture, Job Security"
Filo,3.5,Internet,"Job Security, Promotions, Salary"
Ultratech India,4.0,Pharma,"Company Culture, Job Security, Skill Development"
Peninsula Land,4.2,Real Estate,"Work Life Balance, Company Culture, Salary"
Shinhan Bank,3.1,Banking,Work Life Balance
Spun Micro Processing,3.9,Auto Components,"Skill Development, Work Life Balance, Work Satisfaction"
Jindal Industries Private Limited,3.5,Iron & Steel,"Promotions, Company Culture, Work Satisfaction"
Shinhan Bank,3.1,Banking,Work Life Balance
Rungta Sons,4.2,Iron & Steel,"Work Life Balance, Job Security, Salary"
Deshpande Foundation,3.9,Non-Profit,"Company Culture, Work Life Balance"
Nucon Aerospace,3.9,Defence & Aerospace,"Work Life Balance, Skill Development"
Wintax Solution,4.7,Recruitment,"Company Culture, Work Life Balance, Work Satisfaction"
TeamLease Edtech,3.3,EdTech,"Promotions, Job Security, Skill Development"
Ind Innovations,3.3,IT Services & Consulting,"Promotions, Company Culture, Skill Development"
Creditas Solutions,3.3,FinTech,"Promotions, Job Security, Work Life Balance"
Welspun Specialty Solutions,3.5,Iron & Steel,"Promotions, Company Culture, Work Life Balance"
Cherry Hill Interiors,4.2,Architecture & Interior Design,"Job Security, Company Culture, Skill Development"
Agriculture Insurance Company of India,4.1,Insurance,"Work Life Balance, Company Culture, Skill Development"
Raam Group,3.3,Automobile,"Promotions, Salary, Work Satisfaction"
Royal Bank of Scotland International,4.2,Banking,"Work Life Balance, Job Security, Company Culture"
Idexcel Technologies,2.8,IT Services & Consulting,"Promotions, Job Security, Company Culture"
American Institute of Pathology and Laboratory Sciences,4.2,Healthcare,"Work Life Balance, Company Culture, Work Satisfaction"
Ideas2IT Technologies,3.4,Software Product,Salary
Imerys,3.8,Metals & Mining,"Work Life Balance, Company Culture"
PMJ Gems & Jewellers,3.4,Jewellery,"Promotions, Work Satisfaction, Job Security"
Scientific Games,3.6,Gaming,"Promotions, Skill Development, Work Satisfaction"
Steer Engineering,3.1,Engineering & Construction,"Company Culture, Promotions, Work Satisfaction"
Verity Knowledge Solutions,3.1,Investment Banking / Venture Capital / Private Equity,"Work Satisfaction, Company Culture, Skill Development"
Naari Pharma,2.7,Pharma,"Work Life Balance, Company Culture, Work Satisfaction"
Sharp Sight,3.9,Healthcare,"Skill Development, Company Culture, Work Life Balance"
Consern Pharma Limited,4.5,Pharma,"Company Culture, Work Satisfaction, Job Security"
CBTS TECHNOLOGY SOLUTIONS INDIA LLP,3.9,IT Services & Consulting,"Work Life Balance, Company Culture, Work Satisfaction"
Miles Education - CPA & CMA Review (Hyderabad),,Education & Training,"Company Culture, Work Satisfaction, Job Security"
Nido Machineries,3.6,Industrial Machinery,"Company Culture, Work Satisfaction, Job Security"
Ganges Internationale,2.8,Power,"Job Security, Promotions, Company Culture"
Thermo Systems India,4.0,Semiconductors,"Job Security, Work Life Balance, Salary"
Hind Rectifiers,3.6,Electrical Equipment,"Company Culture, Promotions, Work Satisfaction"
Vizza Insurance Broking Services,3.2,Insurance,"Promotions, Work Satisfaction, Job Security"
Canteen Stores Department,4.4,Government,"Company Culture, Work Life Balance, Skill Development"
Prudent Corporate Advisory Services,4.0,Investment Banking / Venture Capital / Private Equity,"Job Security, Work Life Balance, Company Culture"
L&T Transportation Infrastructure,4.0,Engineering & Construction,"Skill Development, Job Security, Salary"
Acuvate Software,3.2,Software Product,"Job Security, Promotions, Salary"
Khadi Natural Healthcare,4.2,Fitness & Wellness,"Company Culture, Work Satisfaction, Skill Development"
Indian Terrain Fashions,4.3,Fashion & Textile,"Work Life Balance, Company Culture, Work Satisfaction"
Baskin Robbins,4.0,Hospitality,"Work Life Balance, Salary"
Grand View Research,2.9,Analytics & KPO,"Skill Development, Promotions, Work Satisfaction"
Seco Tools,4.2,Metals & Mining,"Company Culture, Work Life Balance, Work Satisfaction"
IBM Consulting,3.7,Bengaluru +13 other locations,Work Life Balance
CDW,4.1,IT Services & Consulting,"Work Life Balance, Company Culture, Skill Development"
Sahu Exports,4.1,Fashion & Textile,"Salary, Skill Development, Work Life Balance"
L&T Transportation Infrastructure,4.0,Engineering & Construction,"Skill Development, Job Security, Salary"
Acuvate Software,3.2,Software Product,"Job Security, Promotions, Salary"
Grand View Research,2.9,Analytics & KPO,"Skill Development, Promotions, Work Satisfaction"
Graphic Era University,3.6,Education & Training,"Promotions, Salary, Company Culture"
KRYFS POWER COMPONENTS,3.8,Industrial Machinery,Work Life Balance
Hansa Direct,3.2,Marketing & Advertising,"Promotions, Skill Development, Company Culture"
Elektrobit India,3.8,IT Services & Consulting,"Work Life Balance, Company Culture"
Macmillan Publishers,3.6,Printing & Publishing,"Promotions, Salary, Work Satisfaction"
Milestone Gears,3.8,Auto Components,"Skill Development, Job Security, Company Culture"
Tracks Components,3.2,Pune +8 other locations,"Promotions, Salary, Work Satisfaction"
Seco Tools,4.2,Metals & Mining,"Company Culture, Work Life Balance, Work Satisfaction"
Chembond Chemicals,3.7,Agro Chemicals,"Work Life Balance, Company Culture"
TripFactory,2.0,Travel & Tourism,"Job Security, Company Culture, Promotions"
Deepak Novochem Technologies,4.0,Chemicals,"Company Culture, Job Security, Skill Development"
Clearwater Analytics,2.6,Internet,"Promotions, Job Security, Work Satisfaction"
Fair Exports,3.6,Import & Export,"Promotions, Company Culture, Work Satisfaction"
Augustus Healthcare Solutions,3.7,Healthcare,"Company Culture, Promotions"
AECC Global,2.9,Financial Services,"Job Security, Promotions, Work Satisfaction"
Gulshan Polyols,3.4,Chemicals,"Promotions, Salary, Company Culture"
MAT Brakes,4.1,Industrial Machinery,"Job Security, Work Life Balance, Company Culture"
Safeguard Global,3.7,Recruitment,Work Life Balance
MBit Computraining,3.7,Recruitment,"Job Security, Promotions, Company Culture"
Net2source,3.4,Recruitment,"Job Security, Promotions, Work Satisfaction"
thinkbridge,3.8,IT Services & Consulting,Job Security
Qualsquad Infotech,3.2,IT Services & Consulting,"Promotions, Skill Development, Job Security"
AIG Business Solution,3.6,IT Services & Consulting,"Work Life Balance, Job Security"
Niveus Solutions (Part of NTT Data),3.8,IT Services & Consulting,"Company Culture, Job Security"
KG Invicta Services,3.2,Management Consulting,"Promotions, Salary, Company Culture"
Ivangel Sales & Services,3.7,BPO,"Promotions, Salary, Work Satisfaction"
SSK Group,3.7,FMCG,"Job Security, Promotions, Salary"
India1 Payments,3.8,Financial Services,Salary
Harvest Gold Industries,3.8,Food Processing,Salary
AIG,3.8,Insurance,Work Life Balance
Indian Coast Guard,4.2,Defence & Aerospace,"Job Security, Promotions, Skill Development"
Homesfy Realty,3.5,Real Estate,"Job Security, Work Satisfaction, Promotions"
Garuda Power,3.1,Industrial Machinery,"Promotions, Salary, Company Culture"
Shimizu,4.0,Engineering & Construction,"Salary, Company Culture"
Acme Solar Energy,4.4,Power,"Salary, Work Life Balance, Work Satisfaction"
Henkel,3.7,Chemicals,"Company Culture, Work Life Balance, Job Security"
Jhajharia Nirman Limited,4.1,Engineering & Construction,"Company Culture, Work Life Balance, Work Satisfaction"
Amity International School,4.0,Education & Training,"Salary, Company Culture, Work Life Balance"
Badri Rai and Company,3.7,Engineering & Construction,"Promotions, Company Culture, Work Satisfaction"
Trafigura,3.1,Logistics,Salary
NaviSite,4.0,IT Services & Consulting,"Salary, Work Life Balance, Work Satisfaction"
Edwise International,3.8,Education & Training,"Work Life Balance, Job Security"
CPA Global,3.8,IT Services & Consulting,Work Life Balance
Honeywell Uop,3.6,Oil & Gas,"Job Security, Promotions, Company Culture"
Swiss Garnier Life Sciences,3.5,Pharma,"Promotions, Company Culture, Work Satisfaction"
Kesari Tours,3.6,Travel & Tourism,"Promotions, Salary, Skill Development"
Ecozen Solutions,4.2,Industrial Automation,"Company Culture, Job Security, Work Life Balance"
Delhi Integrated Multi Modal Transit System,3.7,Government,Work Life Balance
AstroTalk,3.4,Internet,"Promotions, Work Satisfaction, Job Security"
Paix Services,4.0,Analytics & KPO,"Skill Development, Salary, Work Life Balance"
Dynamic Techno Medicals,3.7,Medical Equipment,"Promotions, Skill Development, Company Culture"
Billroth Hospitals,3.6,Healthcare,"Promotions, Salary, Company Culture"
Narayana Junior College,3.6,Education & Training,Skill Development
Leena AI,3.8,Software Product,"Salary, Skill Development"
Leena AI,3.8,Software Product,"Salary, Skill Development"
Satvat Infosol,3.1,IT Services & Consulting,"Promotions, Company Culture, Skill Development"
Kemwell Biopharma,3.4,Biotechnology,"Promotions, Work Life Balance, Work Satisfaction"
VOLTECH O AND M SERVICES,4.1,Oil & Gas,"Work Life Balance, Work Satisfaction, Company Culture"
Rubicon Skill Development,2.4,Pune +15 other locations,"Salary, Job Security, Promotions"
Health Prime International,3.3,Analytics & KPO,"Promotions, Company Culture, Work Satisfaction"
Suwasthi,2.5,Beauty & Personal Care,"Work Life Balance, Job Security, Promotions"
Amity International School,4.0,Education & Training,"Salary, Company Culture, Work Life Balance"
Badri Rai and Company,3.7,Engineering & Construction,"Promotions, Company Culture, Work Satisfaction"
Border Roads Organisation,4.1,Government,"Job Security, Salary, Work Satisfaction"
OM Careers,2.7,Recruitment,"Company Culture, Job Security, Promotions"
MRI Software,3.1,Software Product,"Promotions, Work Satisfaction, Skill Development"
Ram Kripal Singh Construction,3.6,Engineering & Construction,"Promotions, Company Culture, Salary"
Trafigura,3.1,Logistics,Salary
Bennett University,3.7,Education & Training,Work Life Balance
NaviSite,4.0,IT Services & Consulting,"Salary, Work Life Balance, Work Satisfaction"
Sourcefuse Technologies,2.6,IT Services & Consulting,"Work Satisfaction, Job Security, Promotions"
Chowgule Industries,3.7,Auto Components,"Promotions, Company Culture, Salary"
Edwise International,3.8,Education & Training,"Work Life Balance, Job Security"
Skechers South Asia,4.3,Retail,"Salary, Work Life Balance, Job Security"
ARSS Infrastructure Projects,3.8,Engineering & Construction,Work Life Balance
Xrbia Developers,2.8,Real Estate,"Job Security, Promotions, Company Culture"
Shobhit Mediworld,4.0,Lucknow +20 other locations,"Skill Development, Company Culture, Work Life Balance"
Shree Technocrat Communication Systems,3.7,Telecom,Promotions
Wingtech Mobile Communication,4.0,Electronics Manufacturing,"Work Life Balance, Work Satisfaction, Skill Development"
Husk Power Systems,2.8,Power,"Job Security, Promotions, Work Satisfaction"
Opus Technologies,2.9,FinTech,"Job Security, Promotions, Work Satisfaction"
Daramic Battery Separator India,3.6,Electrical Equipment,"Promotions, Work Satisfaction, Skill Development"
Gujarat State Electricity Corporation,4.4,Government,"Job Security, Company Culture, Work Life Balance"
GKB Opticals,4.4,Retail,"Job Security, Company Culture, Work Life Balance"
Hubtown,3.3,Engineering & Construction,"Promotions, Job Security, Company Culture"
Maharashtra State Road Transport Corporation,4.1,Government,"Job Security, Work Life Balance, Work Satisfaction"
PNG Jewellers,4.7,Jewellery,"Company Culture, Job Security, Work Life Balance"
Linkquest Telecom,3.4,Telecom,"Company Culture, Job Security, Promotions"
Niyo Solutions,,Financial Services,"Promotions, Company Culture, Skill Development"
Manomav Engineers,3.9,Engineering & Construction,"Skill Development, Company Culture, Work Satisfaction"
98thPercentile,4.0,EdTech,"Company Culture, Work Life Balance, Skill Development"
Anvil Cables,3.9,Semiconductors,"Promotions, Job Security, Company Culture"
Gulf Oil Corporation,4.5,Oil & Gas,"Work Life Balance, Company Culture, Work Satisfaction"
Kalburgi Cement,3.6,Building Material,Job Security
India Power Corporation,3.5,Power,"Promotions, Salary, Company Culture"
Makino,3.5,Auto Components,"Promotions, Company Culture, Work Life Balance"
Indus Appliances,4.3,Consumer goods,"Skill Development, Work Life Balance, Company Culture"
Axis Securities and Sales,3.6,Mumbai +64 other locations,"Promotions, Work Satisfaction, Skill Development"
illumifin,3.2,Insurance,"Promotions, Skill Development, Work Satisfaction"
St. Mary's School,3.9,Education & Training,Promotions
Share India Securities,3.6,Consumer Electronics & Appliances,"Promotions, Skill Development, Salary"
Verinite Technologies,4.2,IT Services & Consulting,"Work Life Balance, Company Culture, Job Security"
Sun Flag Steel,3.7,Iron & Steel,"Promotions, Salary, Company Culture"
Coherent Market Insights,3.2,Management Consulting,"Job Security, Work Life Balance, Work Satisfaction"
Etraveli Group,3.2,Travel & Tourism,"Promotions, Job Security, Company Culture"
Sun Life Global Solutions,3.7,Financial Services,"Work Life Balance, Job Security, Company Culture"
BUDDI.AI,3.5,Software Product,Work Life Balance
Kriya It,3.1,Internet,"Promotions, Salary, Work Life Balance"
Indivillage Tech Solutions,3.4,IT Services & Consulting,"Promotions, Skill Development, Salary"
MyGlamm,3.5,Internet,"Job Security, Promotions"
Jotun Paints,4.1,Petrochemicals,"Company Culture, Work Life Balance, Job Security"
Aranca,3.4,Analytics & KPO,"Promotions, Salary, Work Satisfaction"
WAE,3.2,Waste Management,"Job Security, Promotions, Company Culture"
HTIC Global,3.7,Management Consulting,Salary
Solera,3.2,IT Services & Consulting,"Promotions, Skill Development, Salary"
MyGlamm,3.5,Internet,"Job Security, Promotions"
E C R Buildtech,3.8,Engineering & Construction,Skill Development
BUDDI.AI,3.5,Software Product,Work Life Balance
Bose,3.8,Consumer Electronics & Appliances,Salary
Makino Auto Industries,3.7,Automobile,Work Life Balance
Allahabad Bank,4.5,Banking,"Job Security, Company Culture, Promotions"
AMPLUS SOLAR,4.3,Internet,"Company Culture, Work Life Balance, Job Security"
Enlist Management Consultants,3.1,Recruitment,"Promotions, Salary, Company Culture"
Datavail Infotech,3.5,IT Services & Consulting,"Promotions, Job Security, Skill Development"
Smiiel - A Unit Of Motherson Sumi System,3.5,Semiconductors,Job Security
Okinawa Autotech,3.3,Auto Components,"Promotions, Salary, Company Culture"
Roto Pumps,3.5,Industrial Machinery,"Promotions, Company Culture, Work Satisfaction"
Claris Lifesciences Ahmedabad,3.3,Healthcare,"Promotions, Work Satisfaction, Job Security"
TerraCIS Technologies,3.6,IT Services & Consulting,"Promotions, Job Security, Company Culture"
Infiniminds,3.6,IT Services & Consulting,"Promotions, Job Security, Company Culture"
Privi Organics,3.7,Chemicals,"Skill Development, Company Culture, Work Life Balance"
ShopX,4.4,Internet,"Work Satisfaction, Skill Development, Company Culture"
SKS Fasteners,3.3,Auto Components,"Job Security, Company Culture, Work Life Balance"
East India Technologies,3.0,Electronics Manufacturing,"Promotions, Salary, Company Culture"
Okinawa Autotech,3.3,Auto Components,"Promotions, Salary, Company Culture"
ShopX,4.4,Internet,"Work Satisfaction, Skill Development, Company Culture"
Privi Organics,3.7,Chemicals,"Skill Development, Company Culture, Work Life Balance"
VWR International,3.5,Pharma,Job Security
Bsa Corporation,3.9,Auto Components,"Work Life Balance, Skill Development"
Ajit Industries Pvt.Ltd,4.2,Chemicals,"Work Life Balance, Company Culture, Work Satisfaction"
Goodricke Group,4.0,Food Processing,"Work Life Balance, Job Security, Company Culture"
Uniproducts,3.6,Auto Components,"Promotions, Salary, Company Culture"
Covestro,4.5,Petrochemicals,"Work Life Balance, Company Culture, Work Satisfaction"
Fairfield Inn by Marriott,4.2,Hospitality,"Company Culture, Job Security, Work Life Balance"
Flatworld Mortgage Processing,3.3,IT Services & Consulting,"Salary, Promotions, Skill Development"
Grundfos,4.0,Industrial Machinery,"Company Culture, Work Life Balance, Job Security"
CAPLIN STERILES,3.0,Pharma,"Job Security, Company Culture, Work Life Balance"
Magnum Group,3.1,BPO,"Promotions, Salary, Work Satisfaction"
Ankur Seeds,4.2,Agriculture,"Job Security, Company Culture, Work Life Balance"
Sankara Nethralaya,3.6,Non-Profit,"Job Security, Work Life Balance"
Multi Commodity Exchange of India,3.1,Financial Services,"Promotions, Company Culture, Work Satisfaction"
Hotel Park Plaza,4.1,Hospitality,"Work Life Balance, Job Security, Salary"
Tcs And Associates,3.5,IT Services & Consulting,Job Security
Eduvanz,3.5,FinTech,"Job Security, Promotions, Work Satisfaction"
Envirocare Labs,4.1,"Testing, Inspection and Certification (TIC)","Skill Development, Company Culture, Work Satisfaction"
Medvarsity Online,2.8,EdTech,"Job Security, Work Satisfaction, Promotions"
Nordusk Led,4.3,Electronics Manufacturing,"Work Life Balance, Skill Development, Company Culture"
Centelon,2.8,IT Services & Consulting,"Promotions, Salary, Job Security"
Lilavati Hospital & Research Centre,3.7,Healthcare,"Promotions, Company Culture, Work Satisfaction"
Oakridge International School,3.3,Education & Training,"Salary, Promotions, Company Culture"
Jindal Stainless Steelway,3.8,Iron & Steel,Job Security
MELCO,3.6,Industrial Machinery,"Promotions, Salary, Company Culture"
The Calcutta Medical Research Institute,4.0,Healthcare,"Company Culture, Work Life Balance, Job Security"
Aditya Birla Chemicals,3.7,Chemicals,"Job Security, Skill Development"
ASSET DEALS,4.3,Gurugram +4 other locations,"Company Culture, Work Life Balance, Work Satisfaction"
Alcove Realty,3.9,Real Estate,"Skill Development, Company Culture, Work Life Balance"
Maharashtra State Electricity Transmission Company,3.9,Government,"Work Life Balance, Company Culture, Work Satisfaction"
Federal Mogul Powertrain,3.6,Auto Components,"Promotions, Job Security, Skill Development"
Innovision,3.1,Facility Management Services,"Work Satisfaction, Promotions, Company Culture"
Envision Enterprise Solutions,2.7,IT Services & Consulting,"Salary, Promotions, Company Culture"
Euronics Industries,3.6,Building Material,"Promotions, Job Security, Work Satisfaction"
Baxter Pharmaceuticals,4.2,Pharma,"Work Life Balance, Company Culture, Work Satisfaction"
Hire Glocal,4.0,Recruitment,"Company Culture, Work Satisfaction, Promotions"
Zeta Global,3.5,Software Product,"Promotions, Skill Development, Company Culture"
Encotec Energy,4.1,Power,"Work Life Balance, Work Satisfaction, Job Security"
Synergy Property Development Services,3.9,Real Estate,
TV9 Network,3.7,Media & Entertainment,"Promotions, Salary, Company Culture"
MELCO,3.6,Industrial Machinery,"Promotions, Salary, Company Culture"
Eastern Coalfields,4.2,Metals & Mining,"Work Life Balance, Company Culture, Work Satisfaction"
Aptronix - Apple Premium Reseller,3.9,Electrical Equipment,"Skill Development, Work Life Balance"
ACI Worldwide,3.9,Software Product,"Work Life Balance, Salary, Company Culture"
Lokmat Media,4.0,Printing & Publishing,"Company Culture, Job Security, Work Life Balance"
Ocl Iron & Steel,3.7,Iron & Steel,"Promotions, Company Culture, Job Security"
Linedata,2.9,Internet,"Promotions, Work Satisfaction, Skill Development"
Sony Pictures Networks,3.6,Mumbai +21 other locations,"Promotions, Work Satisfaction, Job Security"
Fraazo,3.6,Internet,"Job Security, Promotions"
Aditya Birla Chemicals,3.7,Chemicals,"Job Security, Skill Development"
NELCAST,3.7,Iron & Steel,Job Security
TVS Upasana Engineering,3.3,Automobile,"Promotions, Salary, Company Culture"
Topsoe,3.8,Chemicals,"Work Life Balance, Company Culture"
Kotak Mahindra Asset Management Company,3.8,Financial Services,"Work Life Balance, Job Security"
Satec Envir Engineering (I),4.0,Engineering & Construction,"Salary, Company Culture, Work Life Balance"
Broadcast Engineering Consultants India,3.4,Government,"Promotions, Job Security, Salary"
Modi Builders & Realtors,2.7,Engineering & Construction,"Job Security, Company Culture, Promotions"
SEED Infotech,3.5,IT Services & Consulting,"Promotions, Job Security"
Xpo Logistics,3.2,Logistics,"Promotions, Job Security, Skill Development"
Healthworld Hospitals,4.0,Healthcare,"Skill Development, Job Security"
DCM Infotech,3.5,IT Services & Consulting,"Promotions, Skill Development, Company Culture"
Strategic Learning Solutions,4.1,BPO,"Company Culture, Work Life Balance, Job Security"
Ace Pipeline Contracts,4.1,Engineering & Construction,"Company Culture, Work Satisfaction, Work Life Balance"
Bankai Infotech,3.0,IT Services & Consulting,"Promotions, Skill Development, Company Culture"
University of Delhi,3.9,Education & Training,"Work Life Balance, Company Culture, Work Satisfaction"
Bhilai Iron And Steel Processing Company,4.1,Iron & Steel,"Work Life Balance, Company Culture, Work Satisfaction"
Pramata Knowledge Solutions,3.2,Software Product,"Promotions, Salary, Work Satisfaction"
Dairy Classic Ice Creams,4.2,Food Processing,"Job Security, Company Culture, Work Life Balance"
Planit Testing India,3.4,IT Services & Consulting,"Promotions, Work Satisfaction, Company Culture"
Milliman,3.1,Management Consulting,"Promotions, Skill Development, Work Satisfaction"
Nerdy Turtlez,2.3,EdTech,"Job Security, Work Life Balance, Work Satisfaction"
TIL,3.8,Industrial Machinery,Promotions
Modi Builders & Realtors,2.7,Engineering & Construction,"Job Security, Company Culture, Promotions"
Population Services International (PSI),4.0,Non-Profit,"Salary, Company Culture, Work Life Balance"
Harsha Engineers International,4.0,Ahmedabad +2 other locations,"Job Security, Skill Development, Work Life Balance"
iBall,4.3,Consumer Electronics & Appliances,"Work Life Balance, Work Satisfaction, Skill Development"
Durr India,3.3,Industrial Automation,"Promotions, Salary, Company Culture"
Conserve Solution,3.7,Engineering & Construction,Skill Development
Lotus Footwear Enterprises,4.0,Fashion & Textile,"Work Life Balance, Job Security, Salary"
Data Bridge Market Research,2.5,Analytics & KPO,"Promotions, Company Culture, Work Satisfaction"
Export Trading group,3.6,IT Services & Consulting,"Promotions, Company Culture, Skill Development"
Alp Overseas,3.5,Auto Components,"Company Culture, Work Satisfaction, Promotions"
Sundaram Industries,3.6,Auto Components,"Promotions, Salary, Company Culture"
Corpone Staffing Solutions,3.9,BPO,"Company Culture, Work Life Balance, Job Security"
Bayer Zydus Pharma,3.6,Pharma,"Promotions, Job Security"
Delval Flow Controls,4.2,Industrial Machinery,"Job Security, Work Life Balance, Company Culture"
Chloride Metals,3.7,Haldia +12 other locations,Job Security
Paushak,3.6,Chemicals,"Promotions, Company Culture, Work Satisfaction"
Vitromed Healthcare,3.4,Medical Equipment,"Promotions, Job Security, Company Culture"
Sri Balaji Action Medical Institute,3.9,Healthcare,"Promotions, Job Security, Salary"
Iprogrammer Solutions,3.9,IT Services & Consulting,"Skill Development, Work Satisfaction, Salary"
Tarento Technologies,3.8,IT Services & Consulting,"Company Culture, Work Life Balance"
Lotus Wireless Technologies,3.3,IT Services & Consulting,"Company Culture, Job Security, Promotions"
Tulip Diagnostics,3.7,Medical Equipment,"Work Life Balance, Salary"
T&N Business Services,4.6,Recruitment,"Skill Development, Company Culture, Work Life Balance"
Tamilnadu Petroproducts,4.2,Petrochemicals,"Work Life Balance, Company Culture, Job Security"
Aurolab,3.6,Medical Equipment,"Promotions, Salary, Company Culture"
Sterling Biotech,3.9,Pharma,"Work Life Balance, Job Security"
Group Pharmaceuticals,3.9,Pharma,Work Life Balance
Kohinoor Group,3.6,Real Estate,"Promotions, Work Life Balance, Company Culture"
ARDEE INDUSTRIES LIMITED,4.0,Metals & Mining,"Salary, Company Culture, Work Life Balance"
efficiently,2.5,Hyderabad +4 other locations,"Job Security, Promotions, Work Satisfaction"
Suraksha Gold Industries Private Limited,4.2,Building Material,"Company Culture, Salary, Work Life Balance"
Chryso,3.8,Chemicals,Job Security
IIT Delhi,4.0,Education & Training,"Work Life Balance, Company Culture, Work Satisfaction"
Houzeo,3.8,Mumbai +3 other locations,Skill Development
3Pillar Global,3.2,Software Product,"Job Security, Promotions, Company Culture"
Oceanic Pharmachem,4.2,Pharma,"Salary, Work Life Balance, Skill Development"
FMI Automotive Components,3.6,Auto Components,"Promotions, Work Satisfaction, Skill Development"
Zodiac Clothing Company,3.5,Fashion & Textile,"Promotions, Company Culture, Work Satisfaction"
Jaypee Brothers Medical Publishers,3.2,Printing & Publishing,"Promotions, Skill Development, Company Culture"
Milltec Machinery Pvt Ltd Bangalore,3.9,Industrial Machinery,Promotions
MT Autocraft,4.0,Auto Components,"Skill Development, Work Life Balance"
Uttam Strips,3.2,Iron & Steel,"Promotions, Company Culture, Work Satisfaction"
RxLogix Corporation,2.1,Software Product,"Work Life Balance, Company Culture, Work Satisfaction"
Mahanadi Coalfields,4.5,Metals & Mining,"Job Security, Salary, Company Culture"
MathWorks,4.0,Software Product,"Work Life Balance, Company Culture, Job Security"
Takahata Precision,4.3,Auto Components,"Job Security, Company Culture, Work Life Balance"
Sberbank Branch in India,3.2,Banking,"Promotions, Skill Development, Company Culture"
Qapitol Qa,3.8,IT Services & Consulting,Work Life Balance
Gera Developments,4.2,Real Estate,"Job Security, Salary, Skill Development"
Xotik Frujus,2.7,Beverage,"Job Security, Salary, Company Culture"
Unipath Specialty Laboratory,3.6,Healthcare,"Promotions, Salary, Company Culture"
Technomine,4.0,Ahmedabad +4 other locations,"Company Culture, Work Life Balance, Work Satisfaction"
CriticalRiver,2.5,IT Services & Consulting,"Promotions, Work Satisfaction, Job Security"
Azmeel Contracting,4.1,Engineering & Construction,"Company Culture, Work Life Balance, Work Satisfaction"
Captain Tractors,4.4,Automobile,"Job Security, Company Culture, Work Life Balance"
Flexsin Technologies,3.6,IT Services & Consulting,Promotions
Acute Informatics,3.1,IT Services & Consulting,"Promotions, Company Culture, Salary"
Lupin Diagnostics,3.9,Medical Equipment,"Salary, Company Culture"
Concentric,3.8,Industrial Machinery,Job Security
MDI NetworX,4.0,IT Services & Consulting,"Work Life Balance, Job Security, Work Satisfaction"
SANY Group,3.7,Industrial Machinery,"Promotions, Company Culture, Work Satisfaction"
Ritco Logistics,3.7,Logistics,
Sarla Advantech,3.9,Engineering & Construction,"Job Security, Company Culture, Work Life Balance"
SRV Media,3.2,Marketing & Advertising,"Work Life Balance, Work Satisfaction, Promotions"
Kanakadurga Finance,3.8,NBFC,"Company Culture, Work Life Balance, Work Satisfaction"
Mosaic Wellness,3.2,Fitness & Wellness,"Job Security, Promotions, Company Culture"
Diversey,3.7,Chemicals,"Skill Development, Company Culture, Work Life Balance"
BAIF Development Research Foundation,3.6,Non-Profit,"Job Security, Work Life Balance"
VLink,3.6,IT Services & Consulting,"Promotions, Work Satisfaction, Skill Development"
MathWorks,4.0,Software Product,"Work Life Balance, Company Culture, Job Security"
Sarla Advantech,3.9,Engineering & Construction,"Job Security, Company Culture, Work Life Balance"
Pasco Automobiles,4.3,Automobile,"Company Culture, Work Life Balance, Skill Development"
Takahata Precision,4.3,Auto Components,"Job Security, Company Culture, Work Life Balance"
IndianOil Skytanking,3.4,Oil & Gas,"Promotions, Skill Development, Company Culture"
Gea Process Engineering India,4.0,Food Processing,"Work Life Balance, Job Security, Company Culture"
Hirschvogel Components,4.2,Auto Components,"Company Culture, Job Security, Work Life Balance"
Innovassynth Technologies,3.4,Chemicals,"Job Security, Promotions, Company Culture"
Kabra Extrusion Technik,3.7,Industrial Machinery,Work Life Balance
Sampark Logistics,3.3,Logistics,"Promotions, Salary, Skill Development"
StrategicERP,4.1,Software Product,"Work Life Balance, Work Satisfaction, Job Security"
Vanesa Care,4.0,Beauty & Personal Care,"Salary, Work Life Balance"
Sharp Business Systems India,3.4,Consumer Electronics & Appliances,"Promotions, Salary, Job Security"
HCL Foundation,4.2,Non-Profit,"Job Security, Work Life Balance, Company Culture"
Baggit,2.8,Fashion & Textile,"Promotions, Job Security, Skill Development"
PCS Technology,3.7,IT Services & Consulting,"Job Security, Company Culture, Work Satisfaction"
FreshToHome,3.5,Hospitality,"Promotions, Salary, Company Culture"
Vasavi Group,3.7,Real Estate,Work Life Balance
Hyatt Place,3.9,Hospitality,Job Security
Bhartiya International,3.5,Fashion & Textile,"Promotions, Company Culture, Work Satisfaction"
Meil Anpara Power,3.8,Sonbhadra +12 other locations,Promotions
MGM Medical College & Hospital,4.0,Healthcare,"Work Life Balance, Job Security, Skill Development"
AAI Cargo Logistics and Allied Services Company,3.2,Chennai +31 other locations,"Promotions, Job Security, Salary"
GP Strategies,3.5,Management Consulting,Work Life Balance
SPD Constructions,3.8,Bhubaneswar +14 other locations,Salary
Unicommerce Esolutions,3.1,Software Product,"Promotions, Job Security, Work Satisfaction"
Inductotherm,3.7,Industrial Machinery,Job Security
Shubham EPC,3.9,Engineering & Construction,Work Satisfaction
Verint Systems,3.7,IT Services & Consulting,Work Life Balance
Scope eKnowledge Center,3.2,IT Services & Consulting,"Promotions, Salary, Work Life Balance"
IndiGrid,4.2,Real Estate,"Job Security, Company Culture, Work Life Balance"
Nitika Pharmaceutical Specialities,3.4,Pharma,"Work Life Balance, Promotions, Work Satisfaction"
Chandan Healthcare,3.3,Healthcare,"Work Satisfaction, Promotions, Company Culture"
The Knowledge Academy,2.6,Education & Training,"Promotions, Company Culture, Work Satisfaction"
Vertex Global Services,4.4,IT Services & Consulting,"Work Life Balance, Company Culture, Work Satisfaction"
SoftTech Engineers Limited,3.3,Engineering & Construction,"Promotions, Salary, Company Culture"
Vertex Global Services,4.4,IT Services & Consulting,"Work Life Balance, Company Culture, Work Satisfaction"
IndiGrid,4.2,Real Estate,"Job Security, Company Culture, Work Life Balance"
Nitika Pharmaceutical Specialities,3.4,Pharma,"Work Life Balance, Promotions, Work Satisfaction"
Cadeploy Engineering,3.3,Engineering & Construction,"Promotions, Job Security, Skill Development"
IonIdea,3.0,Software Product,"Promotions, Skill Development, Company Culture"
Mohani Tea Leaves,4.0,FMCG,"Work Life Balance, Skill Development, Company Culture"
Simple Logic IT,3.2,IT Services & Consulting,"Promotions, Work Life Balance, Work Satisfaction"
Webvio Technologies,4.0,IT Services & Consulting,"Skill Development, Salary, Company Culture"
Calix,3.8,Telecom,"Salary, Company Culture, Work Life Balance"
F5 Networks,3.2,IT Services & Consulting,"Job Security, Promotions, Skill Development"
American India Foundation,3.8,Non-Profit,"Work Life Balance, Salary"
Trayee Business Solutions,3.3,BPO,"Promotions, Salary, Company Culture"
ValGenesis,2.8,Software Product,"Company Culture, Work Satisfaction, Job Security"
HelpAge India,4.1,Non-Profit,"Work Life Balance, Company Culture, Work Satisfaction"
Mittsure Technologies,3.1,Education & Training,"Job Security, Skill Development, Company Culture"
Inube Software Solutions,2.9,Software Product,"Promotions, Salary, Company Culture"
Pioneer e Solutions,3.7,IT Services & Consulting,"Job Security, Promotions, Skill Development"
Sterling Information Resources,3.5,Analytics & KPO,"Job Security, Promotions, Work Satisfaction"
SOTI,3.1,Software Product,"Promotions, Company Culture, Skill Development"
Interactive Avenues,3.3,Marketing & Advertising,"Promotions, Work Satisfaction, Salary"
Thirdware Solutions,4.2,IT Services & Consulting,"Work Life Balance, Company Culture, Work Satisfaction"
Plintron Global Technology Solutions,2.9,Telecom,"Promotions, Salary, Company Culture"
Thomson Press India,4.2,Printing & Publishing,"Job Security, Company Culture, Work Life Balance"
Gammastack,3.3,IT Services & Consulting,"Job Security, Promotions, Company Culture"
Apicore Pharmaceuticals,3.8,Pharma,"Work Life Balance, Company Culture, Skill Development"
Brindavan Beverages,4.0,Beverage,"Work Life Balance, Job Security"
Cubic Transportation Systems,3.1,Software Product,"Promotions, Skill Development, Company Culture"
Synchronoss Technologies,4.2,Telecom,"Work Life Balance, Company Culture, Work Satisfaction"
Infinite HR Solutions,3.2,Bengaluru +16 other locations,"Promotions, Skill Development, Job Security"
Ki Mobility Solution,3.3,Internet,"Promotions, Skill Development, Company Culture"
CollegePur,4.6,Education & Training,"Company Culture, Work Life Balance, Skill Development"
Atotech,3.9,Chemicals,"Work Life Balance, Company Culture"
Amrit Bottlers,4.3,Beverage,"Company Culture, Work Life Balance, Job Security"
Esme Consumer,4.1,Beauty & Personal Care,"Work Life Balance, Salary, Company Culture"
Kearney,3.3,Management Consulting,"Promotions, Work Satisfaction, Job Security"
Shivalik Rasayan,3.5,Agro Chemicals,"Promotions, Salary, Company Culture"
CTX Life Science,3.8,Pharma,"Job Security, Work Life Balance"
Creativelipi Webtech,2.9,IT Services & Consulting,"Promotions, Skill Development, Salary"
Auditics Private Limited,3.8,Accounting & Auditing,"Promotions, Company Culture"
Intec Infra-Technologies,3.8,IT Services & Consulting,"Salary, Job Security"
Aligarh Muslim University,4.6,Education & Training,"Work Life Balance, Work Satisfaction, Skill Development"
INVENTIVE SOFTWARE SOLUTIONS,3.7,IT Services & Consulting,"Promotions, Salary, Company Culture"
Classic Marble Company,3.5,Building Material,"Promotions, Work Satisfaction, Job Security"
Batra Hospital,3.9,Healthcare,"Work Life Balance, Work Satisfaction, Job Security"
Sidel,3.8,Industrial Machinery,Work Life Balance
Helo.ai by VivaConnect,4.1,Telecom,"Work Life Balance, Skill Development, Salary"
Suven Life Sciences,3.6,Pharma,"Company Culture, Work Life Balance"
Dedicated Freight Corridor Corporation Of India,4.1,Government,"Work Life Balance, Work Satisfaction, Skill Development"
Eastman Industries,3.6,Auto Components,Skill Development
Americana Group,3.6,Food Processing,"Promotions, Work Life Balance, Salary"
Smart Drive Systems,3.6,IT Services & Consulting,"Promotions, Skill Development, Salary"
Pioneer Wincon,4.4,Power,"Work Life Balance, Work Satisfaction, Company Culture"
Hind Terminals,4.0,Logistics,"Work Life Balance, Job Security, Salary"
Enzen Global Solutions,2.9,Power,"Promotions, Job Security, Skill Development"
Goel Ganga Developments,3.6,Real Estate,"Work Life Balance, Job Security"
Arundhati Jewellers,3.4,Jewellery,"Work Satisfaction, Promotions, Company Culture"
Norwin Technologies,3.6,IT Services & Consulting,"Promotions, Job Security, Skill Development"
SECON Private Limited Bangalore INDIA,3.3,Engineering & Construction,"Promotions, Salary, Company Culture"
Seeds Fincap,3.8,NBFC,Job Security
Topsel Toyota,3.8,Automobile,"Job Security, Company Culture, Work Life Balance"
Volvo Construction Equipment,4.2,Industrial Machinery,"Company Culture, Work Life Balance, Work Satisfaction"
Thoucentric,3.6,Management Consulting,"Work Life Balance, Company Culture, Job Security"
Shilpa Biologicals,3.1,Dharwad +12 other locations,"Job Security, Company Culture, Work Satisfaction"
Quba Architectural Products,4.2,Architecture & Interior Design,"Salary, Company Culture, Work Life Balance"
Light & Wonder,3.6,Software Product,Salary
MAHLE Engine Components,3.8,Automobile,"Work Life Balance, Skill Development"
TAAZAA,3.9,IT Services & Consulting,"Skill Development, Company Culture"
Pearl Beverages,3.1,Beverage,"Promotions, Skill Development, Salary"
Axis Mutual Fund,3.8,Financial Services,Work Life Balance
Apollomedics Super Speciality Hospitals,3.9,Healthcare,"Job Security, Skill Development, Company Culture"
Norwin Technologies,3.6,IT Services & Consulting,"Promotions, Job Security, Skill Development"
Keywords Studios,2.4,Gaming,"Salary, Promotions, Skill Development"
Borosil Renewables,3.7,Power,"Promotions, Company Culture, Work Satisfaction"
Xtelify,3.3,Gurugram +24 other locations,"Promotions, Company Culture, Work Satisfaction"
Seeds Fincap,3.8,NBFC,Job Security
Icomm Tele,4.1,Telecom,"Job Security, Work Life Balance, Work Satisfaction"
Faasos Food Services,3.6,Internet,"Work Life Balance, Work Satisfaction, Promotions"
Toll Group,4.0,Logistics,"Work Life Balance, Company Culture, Work Satisfaction"
Mcpi,4.2,Chemicals,"Skill Development, Company Culture, Work Life Balance"
K.R.Mangalam World School,4.0,Education & Training,"Work Life Balance, Skill Development, Work Satisfaction"
Icomm Tele,4.1,Telecom,"Job Security, Work Life Balance, Work Satisfaction"
Faasos Food Services,3.6,Internet,"Work Life Balance, Work Satisfaction, Promotions"
Enercon,4.1,Power,"Work Life Balance, Company Culture"
K.R.Mangalam World School,4.0,Education & Training,"Work Life Balance, Skill Development, Work Satisfaction"
Mcpi,4.2,Chemicals,"Skill Development, Company Culture, Work Life Balance"
Toll Group,4.0,Logistics,"Work Life Balance, Company Culture, Work Satisfaction"
Inshorts,3.5,Internet,"Job Security, Promotions, Skill Development"
TAL Manufacturing Solutions,3.8,Industrial Machinery,Job Security
YuppTV,3.4,Broadcasting,"Promotions, Salary, Company Culture"
Indian Steel Corporation,4.1,Iron & Steel,"Job Security, Work Life Balance, Skill Development"
Futran Solutions,3.9,Software Product,"Company Culture, Work Life Balance, Skill Development"
Signzy Technologies,2.9,Software Product,"Company Culture, Work Life Balance, Work Satisfaction"
Texila Educational And Management Services,4.0,Education & Training,"Skill Development, Company Culture, Work Life Balance"
AYTB,3.8,Engineering & Construction,"Work Life Balance, Job Security"
Avinash Group,3.4,Real Estate,"Job Security, Promotions, Work Satisfaction"
Vasant Masala,4.0,Retail,"Company Culture, Work Life Balance, Salary"
Alice Blue Commodities,2.7,FinTech,"Promotions, Salary, Company Culture"
Exim Logistics,4.0,Logistics,"Work Life Balance, Skill Development, Company Culture"
TC Global,3.8,Education & Training,Work Life Balance
Enlink Managed Service pvt Ltd.,3.1,IT Services & Consulting,"Promotions, Skill Development, Work Satisfaction"
Jyote Motors,3.6,Automobile,"Promotions, Company Culture, Work Satisfaction"
JCT Limited,3.9,Fashion & Textile,"Work Life Balance, Work Satisfaction, Skill Development"
Apparel Group UAE,3.4,Retail,"Promotions, Work Life Balance, Salary"
SugarFit,3.9,Healthcare,"Salary, Company Culture, Skill Development"
Mahavir Die Casters,4.0,Auto Components,"Company Culture, Work Life Balance, Work Satisfaction"
Vibracoustic,3.5,Automobile,"Promotions, Job Security, Company Culture"
Prabha Engineering,3.7,Auto Components,"Promotions, Job Security"
Khivraj Motors,3.8,Automobile,"Job Security, Work Life Balance, Skill Development"
Galderma,3.5,Healthcare,Salary
Inorbit Mall,4.0,Retail,"Skill Development, Company Culture, Work Life Balance"
IG Defence,4.5,Bhubaneswar +5 other locations,"Salary, Work Life Balance, Work Satisfaction"
Rajasthan Aushdhalaya,3.2,Pharma,"Job Security, Promotions, Work Satisfaction"
Pasa Resources,3.6,Agro Chemicals,"Promotions, Company Culture, Work Satisfaction"
Amp Motors,3.9,Automobile,"Work Life Balance, Job Security"
Rich Graviss Products,4.1,FMCG,"Salary, Company Culture, Work Satisfaction"
Ayana Renewable Power,4.4,Power,"Company Culture, Salary, Work Life Balance"
Unirac,3.8,Power,"Salary, Company Culture"
Meenakshi Mission Hospital & Research Centre,4.0,Healthcare,"Job Security, Skill Development, Work Life Balance"
Escorts Railway Equipment Division,3.8,Industrial Machinery,Promotions
AKM Global,4.1,Accounting & Auditing,"Work Life Balance, Company Culture, Work Satisfaction"
Bambino Pasta Food Industries,4.1,Food Processing,Work Life Balance
Eagleview,3.1,Software Product,"Promotions, Job Security, Work Satisfaction"
Shree Hari Infraprojects,3.1,Engineering & Construction,"Promotions, Salary, Company Culture"
Aditya Vision,3.8,Retail,Promotions
Sohan Lal Commodity Management,3.6,Logistics,"Promotions, Job Security"
Nehru Yuva Kendra Sangathan,4.4,Non-Profit,"Skill Development, Company Culture, Work Satisfaction"
Amanta Healthcare,4.0,Pharma,"Company Culture, Work Satisfaction"
Sundyota Numandis Pharmaceuticals,3.9,Pharma,"Company Culture, Work Life Balance, Job Security"
RS Software (India) Ltd.,3.2,FinTech,"Promotions, Company Culture, Job Security"
Airtel Business,3.6,Telecom,"Promotions, Company Culture, Work Satisfaction"
"PKF Sridhar & Santhanam LLP, Chartered Accountants",3.4,Accounting & Auditing,Job Security
Meena Bazaar,3.5,Fashion & Textile,"Promotions, Job Security, Company Culture"
Louis Dreyfus Company,3.8,Agriculture,"Company Culture, Work Life Balance, Job Security"
Space Matrix Design Consultants,3.5,Architecture & Interior Design,"Work Life Balance, Promotions, Work Satisfaction"
JConnect Infotech,3.3,Recruitment,"Promotions, Work Satisfaction, Job Security"
Europ Assistance India,3.5,Insurance,"Promotions, Work Satisfaction, Skill Development"
Nxtra Data,4.1,IT Services & Consulting,"Work Life Balance, Work Satisfaction, Job Security"
Punjab & Sind Bank,3.4,Banking,Job Security
Capricorn Energy,3.6,Oil & Gas,Salary
Reynolds,4.1,Other,"Work Life Balance, Salary, Company Culture"
Market Research Future Reports,3.2,Analytics & KPO,"Promotions, Work Satisfaction, Job Security"
Electrolab,3.4,Medical Equipment,"Salary, Promotions, Company Culture"
Rockman Group,4.0,Auto Components,"Job Security, Skill Development, Salary"
TI METAL FORMING,3.9,Auto Components,"Promotions, Company Culture, Salary"
GIRDHARI LAL CONSTRUCTIONS,3.9,Engineering & Construction,Salary
EMB Global,4.2,Internet,"Company Culture, Work Satisfaction, Skill Development"
BrowserStack,2.8,Software Product,"Promotions, Work Life Balance, Work Satisfaction"
Dozco,3.9,Industrial Machinery,"Job Security, Work Life Balance"
Advaith Motors,4.1,Automobile,"Skill Development, Work Satisfaction, Job Security"
Frontier Business Systems,3.4,IT Services & Consulting,"Promotions, Job Security, Company Culture"
Data Template Infotech,3.6,IT Services & Consulting,Skill Development
Gibraltar Technologies,3.7,IT Services & Consulting,"Work Life Balance, Company Culture, Work Satisfaction"
Sanyo Special Steel Manufacturing,4.0,Iron & Steel,"Job Security, Work Life Balance"
Veeraraghavan & Company,2.9,Accounting & Auditing,"Promotions, Salary, Company Culture"
Sumeru Software Solutions,3.3,IT Services & Consulting,"Promotions, Job Security, Salary"
Damro Furniture,3.5,Furniture & Furnishing,"Promotions, Skill Development, Company Culture"
Arabian Fal,2.7,Oil & Gas,"Company Culture, Promotions, Work Life Balance"
Astute Corporate Services,3.3,Other,"Promotions, Salary, Work Satisfaction"
Msc Cruises,4.1,Travel & Tourism,"Work Life Balance, Work Satisfaction, Company Culture"
Costa Coffee,3.7,Hospitality,Skill Development
Astute Corporate Services,3.3,Other,"Promotions, Salary, Work Satisfaction"
Msc Cruises,4.1,Travel & Tourism,"Work Life Balance, Work Satisfaction, Company Culture"
SightSpectrum Technology Solutions,3.2,IT Services & Consulting,"Promotions, Job Security, Company Culture"
BrowserStack,2.8,Software Product,"Promotions, Work Life Balance, Work Satisfaction"
Shakti Precision Components,3.6,Other,"Promotions, Job Security, Salary"
MoreTasks,4.1,IT Services & Consulting,"Company Culture, Work Life Balance, Work Satisfaction"
CLIRNet,3.6,Internet,"Promotions, Work Satisfaction, Job Security"
Megha Gas,3.8,Oil & Gas,"Promotions, Company Culture"
Kamdhenu Paints,2.7,Building Material,"Promotions, Job Security, Company Culture"
Donaldson India Filter Systems,3.7,Industrial Machinery,Work Life Balance
5K Car Care,4.4,Other,"Work Satisfaction, Job Security, Skill Development"
Cresce Technology Private Limited,4.2,Software Product,"Work Life Balance, Salary, Company Culture"
Oerlikon Balzers,3.8,Metals & Mining,"Promotions, Work Satisfaction, Skill Development"
SunTec Business Solutions,2.6,Software Product,"Company Culture, Work Life Balance, Work Satisfaction"
Frontier Business Systems,3.4,IT Services & Consulting,"Promotions, Job Security, Company Culture"
Deccan iServices,3.5,Chennai +7 other locations,"Promotions, Salary, Company Culture"
Modi Naturals,4.0,Agro Chemicals,"Job Security, Work Life Balance, Work Satisfaction"
Webdew,4.3,IT Services & Consulting,"Company Culture, Skill Development, Work Life Balance"
Rayden Interactive,2.7,IT Services & Consulting,"Job Security, Work Satisfaction, Skill Development"
Kartavya Healtheon,3.8,Internet,"Company Culture, Work Life Balance"
Webdew,4.3,IT Services & Consulting,"Company Culture, Skill Development, Work Life Balance"
Modi Naturals,4.0,Agro Chemicals,"Job Security, Work Life Balance, Work Satisfaction"
Unicorn DenMart,3.9,Medical Equipment,"Skill Development, Work Life Balance, Work Satisfaction"
POWERCON Ventures India,3.9,Power,"Work Life Balance, Job Security, Work Satisfaction"
Enquero,4.2,IT Services & Consulting,"Work Life Balance, Job Security, Skill Development"
Parsons International,4.1,IT Services & Consulting,"Work Life Balance, Company Culture, Skill Development"
Srijan Technologies,3.2,IT Services & Consulting,"Job Security, Promotions, Skill Development"
Preet Tractors,3.6,Automobile,"Job Security, Company Culture, Work Satisfaction"
Tekskills,3.4,IT Services & Consulting,"Promotions, Job Security, Company Culture"
Saraswati Accountants Software,4.4,IT Services & Consulting,"Company Culture, Job Security, Skill Development"
Scymes Services,3.5,IT Services & Consulting,"Promotions, Job Security, Salary"
Maiva Pharma,3.7,Hosur +4 other locations,"Job Security, Skill Development"
Ambrane India,4.6,Consumer Electronics & Appliances,"Company Culture, Work Life Balance, Work Satisfaction"
StoreKing,3.2,Internet,"Job Security, Promotions, Work Life Balance"
Muvi,4.1,Internet,"Company Culture, Work Life Balance, Work Satisfaction"
Enrich Energy,3.9,Real Estate,"Work Life Balance, Job Security, Company Culture"
Ametek Instruments India,3.5,Industrial Automation,Work Life Balance
Melorra,3.1,Internet,"Promotions, Job Security, Skill Development"
Netcon Technologies,3.7,IT Services & Consulting,"Promotions, Work Satisfaction, Salary"
Chennais Amirta Group of Institutions,3.7,Education & Training,"Promotions, Job Security"
Him Teknoforge,3.5,Auto Components,"Company Culture, Promotions, Work Satisfaction"
ResearchAyu,3.8,Healthcare,Salary
Vulcan Express,3.6,Logistics,"Job Security, Work Satisfaction, Promotions"
Interra Information Technologies,3.1,IT Services & Consulting,"Job Security, Promotions, Work Satisfaction"
Eisneramper LLP,3.3,Accounting & Auditing,"Promotions, Company Culture, Work Satisfaction"
Jharkhand State Livelihood Promotion Society,3.6,Government,"Promotions, Salary, Job Security"
SanDisk India Device Design Centre,4.0,Hardware & Networking,"Work Life Balance, Company Culture"
Snapwork Technologies,3.6,IT Services & Consulting,Salary
Tim Hortons,3.1,Hospitality,"Promotions, Company Culture, Job Security"
DIC India,3.7,Chemicals,Salary
CCS Computers,4.0,IT Services & Consulting,"Job Security, Company Culture, Work Life Balance"
Kaefer,3.6,Engineering & Construction,"Promotions, Company Culture, Work Life Balance"
Paras Spices,3.6,Food Processing,"Promotions, Company Culture, Work Life Balance"
G Square Housing,3.8,Real Estate,Salary
BCITS,3.8,IT Services & Consulting,"Skill Development, Job Security"
Specsmakers Opticians,3.7,Retail,Salary
Cello World,3.5,Consumer Electronics & Appliances,"Promotions, Company Culture, Work Satisfaction"
Alteus Biogenics,2.5,Pharma,"Work Life Balance, Job Security, Company Culture"
Brickwork Ratings,3.3,Financial Services,"Promotions, Salary, Skill Development"
Franciscan Solutions,2.6,IT Services & Consulting,"Promotions, Salary, Company Culture"
Marsh McLennan Global Services,4.1,Financial Services,"Job Security, Company Culture, Work Life Balance"
KHD Humboldt Wedag,4.2,Industrial Machinery,"Job Security, Work Life Balance, Company Culture"
Continental Carbon India,3.6,Chemicals,Work Life Balance
Teach For India,3.6,Non-Profit,Skill Development
Isha Foundation,4.3,Non-Profit,"Company Culture, Work Life Balance, Job Security"
Echelon Institute of Technology,4.3,Education & Training,"Skill Development, Company Culture, Work Life Balance"
Beekay Steel Industries,3.1,Iron & Steel,"Promotions, Job Security, Work Satisfaction"
Indian Institute of Technology Madras,4.2,Education & Training,"Skill Development, Work Life Balance, Work Satisfaction"
VEKA,3.8,Building Material,"Work Life Balance, Job Security"
Outlook,2.8,New Delhi +14 other locations,"Salary, Work Satisfaction, Promotions"
Dr. Ram Manohar Lohia Hospital,4.3,Healthcare,"Work Life Balance, Skill Development, Work Satisfaction"
Futures First info Services,3.1,Financial Services,"Job Security, Work Life Balance, Promotions"
Naaraayani Sons,3.7,Metals & Mining,"Company Culture, Promotions, Work Life Balance"
Datagain,4.4,IT Services & Consulting,"Work Life Balance, Company Culture, Work Satisfaction"
Victoria's Secret,3.9,IT Services & Consulting,"Work Life Balance, Company Culture"
Abryl Laboratories Manufacturing Unit,3.6,Pharma,Salary
Birla Fertility & IVF,3.9,Healthcare,"Work Life Balance, Skill Development, Salary"
Jasper Industries,4.2,Automobile,"Work Life Balance, Company Culture, Skill Development"
Grew Energy,4.2,Power,"Salary, Work Satisfaction, Skill Development"
Vortex Engineering,3.9,IT Services & Consulting,"Promotions, Salary"
Geo Designs And Research,3.7,Engineering & Construction,"Job Security, Work Life Balance"
Gedu Services Private Limited,3.3,Education & Training,"Promotions, Company Culture, Job Security"
ETP International,2.9,Retail,"Promotions, Company Culture, Work Satisfaction"
Corbus,3.4,IT Services & Consulting,"Work Life Balance, Job Security"
Great White Global,3.9,Electrical Equipment,"Work Life Balance, Company Culture, Job Security"
National Oilwell Varco,3.8,Oil & Gas,"Work Life Balance, Company Culture"
Rorito International,4.0,Other,"Work Life Balance, Job Security, Work Satisfaction"
Jai Beverages,3.5,Beverage,"Promotions, Salary, Company Culture"
High Street Essentials,3.5,Retail,"Job Security, Work Satisfaction, Promotions"
Visit Health,2.8,Biotechnology,"Company Culture, Work Life Balance, Work Satisfaction"
BANGMETRIC,3.8,IT Services & Consulting,"Skill Development, Work Life Balance, Salary"
Meghmani Group,3.4,Bharuch +14 other locations,"Job Security, Promotions, Skill Development"
RKC Infrabuilt Private Ltd,3.8,Engineering & Construction,Promotions
LUCKY MINERALS,3.7,Metals & Mining,"Promotions, Company Culture, Work Satisfaction"
Shrachi Group,2.6,Real Estate,"Company Culture, Job Security, Promotions"
HMD Global,3.4,Electronics Manufacturing,"Promotions, Job Security, Skill Development"
FreshMenu,3.2,Hospitality,"Job Security, Work Satisfaction, Promotions"
Sirca Paints India,4.1,Chemicals,"Salary, Work Life Balance, Company Culture"
Peoplelink Unified Communications,3.4,Consumer Electronics & Appliances,"Work Satisfaction, Promotions, Job Security"
Obbserv Online Services,4.6,Udaipur +3 other locations,"Promotions, Skill Development, Company Culture"
IFGL Refractories,3.7,Industrial Machinery,"Promotions, Skill Development, Salary"
Quality Evaluation And Systems Team,4.1,Engineering & Construction,"Work Life Balance, Skill Development, Company Culture"
BizGurukul,4.0,EdTech,"Company Culture, Work Life Balance, Skill Development"
Puma Energy,2.8,Power,Salary
BDG Metal & Power,3.8,Iron & Steel,Work Life Balance
Rabindranath Tagore International Institute of Cardiac Sciences,3.9,Healthcare,"Skill Development, Job Security"
AVIZVA,2.1,IT Services & Consulting,"Job Security, Promotions, Work Satisfaction"
Karnataka Co-operative Milk Producers Federation,4.1,Food Processing,"Work Life Balance, Company Culture, Work Satisfaction"
Narayan Seva Sansthan,4.0,Non-Profit,"Company Culture, Work Satisfaction, Work Life Balance"
Virtuoso,3.5,Industrial Automation,"Promotions, Salary, Job Security"
Antraweb Technologies,3.6,IT Services & Consulting,"Work Life Balance, Skill Development"
CBSE,4.3,Education & Training,"Skill Development, Company Culture, Work Satisfaction"
Enova Facilities Management LLC,4.2,Facility Management Services,"Skill Development, Work Life Balance, Work Satisfaction"
Hykon,4.1,Electronics Manufacturing,"Work Life Balance, Skill Development, Company Culture"
Multani Pharmaceuticals,3.9,Pharma,"Salary, Job Security, Company Culture"
Krishak Bharati Cooperative,4.4,Agro Chemicals,"Job Security, Work Life Balance, Salary"
Gail Gas,3.8,Oil & Gas,Work Life Balance
L&T Smart World & Communication,4.1,IT Services & Consulting,"Company Culture, Job Security, Work Life Balance"
Prayagh Consumer Care,4.0,Hyderabad +34 other locations,"Work Life Balance, Company Culture, Work Satisfaction"
Indian Institute of Management,3.8,Education & Training,Work Life Balance
Montage Enterprises,3.2,Packaging,"Promotions, Company Culture, Salary"
Shubhalakshmi Polyesters,3.5,Fashion & Textile,"Promotions, Company Culture, Salary"
Kirloskar Ebara Pumps,3.7,Industrial Machinery,"Promotions, Salary"
Haqdarshak Empowerment Solutions,3.7,Non-Profit,"Work Life Balance, Company Culture, Work Satisfaction"
OPK e Services,2.8,BPO,"Job Security, Promotions, Skill Development"
Indian Institute of Management,3.8,Education & Training,Work Life Balance
Hegde & Hegde Pharmaceutica,4.2,Pharma,"Company Culture, Work Life Balance, Job Security"
Evertogen Life Sciences,3.0,Pharma,"Promotions, Company Culture, Work Life Balance"
Oerlikon Graziano Transmission,4.4,Industrial Machinery,"Company Culture, Work Life Balance, Work Satisfaction"
K2k Infrastructure,3.9,Engineering & Construction,"Job Security, Skill Development, Work Life Balance"
Head Digital Works,4.3,Gaming,"Salary, Company Culture, Work Life Balance"
L&T Smart World & Communication,4.1,IT Services & Consulting,"Company Culture, Job Security, Work Life Balance"
Krishak Bharati Cooperative,4.4,Agro Chemicals,"Job Security, Work Life Balance, Salary"
Gail Gas,3.8,Oil & Gas,Work Life Balance
Antraweb Technologies,3.6,IT Services & Consulting,"Work Life Balance, Skill Development"
Sresta Natural Bioproducts,3.6,FMCG,"Promotions, Skill Development, Salary"
Liebherr,3.9,Industrial Machinery,"Job Security, Work Life Balance, Salary"
SAGE Publications,3.2,Media & Entertainment,Work Life Balance
Paperpedia,1.9,EdTech,"Job Security, Work Life Balance, Work Satisfaction"
Priyagold Biscuits,3.1,Food Processing,"Job Security, Company Culture, Work Satisfaction"
NICHINO INDIA PRIVATE LIMITED,3.5,Chemicals,"Promotions, Work Satisfaction, Skill Development"
Drychem India Pvt. Ltd,4.1,Building Material,"Skill Development, Company Culture, Work Life Balance"
Payswiff Solutions,4.0,FinTech,"Company Culture, Job Security, Skill Development"
IndiaLends,3.4,Financial Services,"Job Security, Promotions, Work Satisfaction"
NIS Management Private,3.7,Law Enforcement & Security,"Promotions, Salary, Job Security"
Rare Rabbit,3.7,Fashion & Textile,"Promotions, Company Culture, Job Security"
FANUC,3.2,Industrial Automation,Job Security
BCForward,3.4,Internet,"Job Security, Promotions, Company Culture"
Nirmal Industrial Controls,3.7,Industrial Automation,"Promotions, Work Satisfaction"
Rina India,4.0,"Testing, Inspection and Certification (TIC)","Work Life Balance, Work Satisfaction, Company Culture"
Sidwal Refrigeration Industries,4.3,Electrical Equipment,"Work Life Balance, Work Satisfaction, Skill Development"
Replicon,3.5,Software Product,"Promotions, Work Satisfaction, Skill Development"
Dixcy Textiles,4.2,Bengaluru +35 other locations,"Work Life Balance, Company Culture, Salary"
Ogilvy,3.4,Marketing & Advertising,"Promotions, Salary, Work Satisfaction"
Allyis India,3.1,IT Services & Consulting,"Promotions, Job Security, Skill Development"
Quarks Technosoft,3.6,IT Services & Consulting,"Job Security, Promotions"
Axis Sales,4.4,Financial Services,"Work Satisfaction, Skill Development, Company Culture"
Qatargas,4.5,Oil & Gas,"Skill Development, Work Satisfaction, Salary"
Desire Energy Solution,3.7,Financial Services,Promotions
Springworks,4.3,Software Product,"Company Culture, Work Life Balance, Work Satisfaction"
Dixcy Textiles,4.2,Bengaluru +35 other locations,"Work Life Balance, Company Culture, Salary"
Patil Automation,3.3,Industrial Automation,"Work Life Balance, Promotions, Salary"
Khushi Advertising Ideas Private Limited,4.4,Marketing & Advertising,"Company Culture, Work Satisfaction, Job Security"
Presidio Solutions Pvt Ltd,4.6,IT Services & Consulting,"Company Culture, Skill Development, Work Life Balance"
Basicfirst Learning,2.7,EdTech,"Job Security, Salary, Company Culture"
Orange City Water,3.6,Waste Management,"Promotions, Job Security, Salary"
Stanadyne India,3.8,Auto Components,"Promotions, Salary, Job Security"
Vihaan Networks,4.1,Telecom,"Work Life Balance, Company Culture, Work Satisfaction"
Sterling Auxiliaries,3.0,Chemicals,"Promotions, Company Culture, Work Satisfaction"
Primetals Technologies,3.9,Industrial Machinery,"Work Life Balance, Job Security"
SHRI LAKSHMI STEEL SUPPLIERS,4.1,Iron & Steel,"Work Life Balance, Work Satisfaction, Job Security"
Avantha Technologies,3.5,IT Services & Consulting,"Promotions, Job Security, Skill Development"
APL Logistics,3.6,Logistics,"Promotions, Job Security, Skill Development"
ESSPL,3.7,IT Services & Consulting,Work Life Balance
Spocto X,3.4,Software Product,"Promotions, Job Security, Work Satisfaction"
Infoblox,3.6,IT Services & Consulting,"Work Satisfaction, Work Life Balance, Promotions"
CARS24 Financial Services,3.4,Gurugram +27 other locations,"Promotions, Job Security, Work Life Balance"
J&F,3.7,Engineering & Construction,"Promotions, Work Life Balance, Work Satisfaction"
7 Eleven,3.4,Retail,"Promotions, Work Satisfaction, Skill Development"
Shri Mahant Indiresh Hospital,3.4,Healthcare,"Promotions, Salary, Company Culture"
CapGrid Solutions,3.8,Internet,"Salary, Promotions"
Luker Electric Technologies,3.6,Financial Services,Salary
Zacks Research,2.8,Financial Services,"Promotions, Skill Development, Salary"
Executive Ship Management,3.9,Ports & Shipping,"Job Security, Salary, Company Culture"
7 Eleven,3.4,Retail,"Promotions, Work Satisfaction, Skill Development"
Sakshi,3.6,Printing & Publishing,"Work Satisfaction, Work Life Balance, Job Security"
RealEstateIndia.com,4.8,Real Estate,"Promotions, Skill Development, Company Culture"
Hilton Garden Inn,3.8,Hospitality,"Salary, Promotions, Work Life Balance"
Being human,4.2,Fashion & Textile,"Work Life Balance, Company Culture, Work Satisfaction"
GTT Communications,3.1,Hardware & Networking,"Promotions, Salary, Work Satisfaction"
JL Morison India,4.5,FMCG,"Work Life Balance, Company Culture, Job Security"
Revlon,3.7,Beauty & Personal Care,"Job Security, Promotions, Company Culture"
Polaris,3.9,Automobile,"Work Life Balance, Company Culture, Salary"
Gujarat State Petronet,3.9,Oil & Gas,"Work Life Balance, Job Security"
SP Apparels,4.1,Fashion & Textile,"Work Life Balance, Job Security, Work Satisfaction"
Swastik Infralogics Private Limited,3.8,Engineering & Construction,"Promotions, Salary"
Vega Industries,3.9,Beauty & Personal Care,"Company Culture, Work Life Balance, Salary"
Quinte Financial Technologies,3.7,Chennai +3 other locations,"Promotions, Company Culture, Salary"
Back Office,4.0,BPO,"Skill Development, Company Culture, Work Life Balance"
Infoblox,3.6,IT Services & Consulting,"Work Satisfaction, Work Life Balance, Promotions"
Apcotex Industries,3.7,Chemicals,Work Life Balance
Alniche Life Sciences,3.4,Pharma,"Skill Development, Company Culture, Work Satisfaction"
Casino Air Caterers & Flight Services,4.0,Hospitality,"Job Security, Skill Development"
SURYA INTERNATIONAL ENTERPRISE,3.7,Power,
Goodrich Logistics Pvt. Ltd.,3.2,Ports & Shipping,"Promotions, Company Culture, Job Security"
Shri Mahant Indiresh Hospital,3.4,Healthcare,"Promotions, Salary, Company Culture"
Zimetrics Technologies,3.2,IT Services & Consulting,"Salary, Promotions, Work Life Balance"
SysArc Infomatix,3.5,FinTech,"Promotions, Salary, Company Culture"
Systech Solutions,3.6,Analytics & KPO,"Promotions, Salary, Company Culture"
Synmac Consultants,4.0,Accounting & Auditing,"Skill Development, Company Culture, Work Life Balance"
Aligned Automation,3.7,IT Services & Consulting,"Job Security, Promotions, Work Satisfaction"
Mistral Solutions,3.5,IT Services & Consulting,"Salary, Work Life Balance, Promotions"
Xcaliber Infotech,3.1,IT Services & Consulting,"Company Culture, Job Security, Promotions"
"MAT Holdings, Inc",3.6,Sonipat +7 other locations,"Promotions, Company Culture, Work Satisfaction"
Lokal App,3.1,Internet,"Job Security, Promotions, Company Culture"
Foiwe Info Global Solution,4.1,IT Services & Consulting,"Work Life Balance, Job Security, Company Culture"
Deendayal Antyodaya Yojana-National Rural Livelihoods Mission,3.7,Government,Skill Development
Raheja Universal,3.8,Real Estate,"Job Security, Work Life Balance, Salary"
Prabha Automotive Engineers,3.8,Chennai +11 other locations,"Job Security, Skill Development"
Premier Irrigation Adritec,3.7,Agriculture,"Promotions, Skill Development"
Altair Engineering,3.8,IT Services & Consulting,"Work Life Balance, Company Culture"
Gopaljee Dairy Foods,4.6,Food Processing,"Skill Development, Work Satisfaction, Promotions"
Fourth Partner Energy,4.3,Power,"Company Culture, Work Life Balance, Job Security"
Bottomline,3.2,Software Product,"Promotions, Job Security, Skill Development"
Sunbeam School,4.0,Education & Training,Skill Development
Java R & D,2.6,IT Services & Consulting,"Job Security, Promotions, Skill Development"
Molbio Diagnostics,3.6,Internet,"Promotions, Company Culture, Work Satisfaction"
MRL Tyres,3.4,Auto Components,"Company Culture, Work Satisfaction, Skill Development"
KK Spun Pipes,2.8,Industrial Machinery,"Salary, Job Security, Promotions"
TerraPay,3.2,FinTech,"Promotions, Salary, Work Satisfaction"
BEO Software,4.1,IT Services & Consulting,"Company Culture, Work Life Balance, Work Satisfaction"
Ajeet Seeds,3.5,Agriculture,"Promotions, Salary, Skill Development"
Dentsu Global Services,3.4,Marketing & Advertising,"Promotions, Work Satisfaction, Salary"
Premier Irrigation Adritec,3.7,Agriculture,"Promotions, Skill Development"
Anchor Health and Beauty Care,4.1,Beauty & Personal Care,"Work Life Balance, Salary"
Akrivia Automation,4.2,IT Services & Consulting,"Skill Development, Salary, Work Satisfaction"
SAVE Solutions,4.0,Financial Services,"Work Life Balance, Skill Development, Company Culture"
Shree Maruti Integrated Logistics,3.7,Ahmedabad +36 other locations,"Promotions, Job Security"
Surya Food & Agro Limited,2.8,Food Processing,"Job Security, Company Culture, Work Satisfaction"
V2soft,3.3,IT Services & Consulting,"Promotions, Job Security, Skill Development"
Acies,3.8,Software Product,"Skill Development, Salary, Promotions"
Annapurna Group,3.8,FMCG,Work Life Balance
Sandvik Coromant,4.3,Industrial Machinery,"Company Culture, Work Life Balance, Work Satisfaction"
ARK Infosolutions,3.5,IT Services & Consulting,"Promotions, Salary, Job Security"
Auto Mechanics,2.7,Kolkata +8 other locations,"Job Security, Company Culture, Work Satisfaction"
POLARISGRIDS PRIVATE LIMITED,3.4,Power,"Work Satisfaction, Promotions, Company Culture"
Kerry Ingredients,3.4,Food Processing,Salary
Hindustan Colas,3.5,Engineering & Construction,Job Security
Safeducate,4.1,Education & Training,"Company Culture, Work Life Balance, Skill Development"
Raj Industries,3.7,Packaging,Salary
Faber Sindoori Management Services,3.6,Facility Management Services,"Promotions, Salary, Company Culture"
Jaypee Infratech,4.1,Engineering & Construction,"Work Life Balance, Job Security"
Intelux Electronics,4.0,Electronics Manufacturing,"Job Security, Work Life Balance, Work Satisfaction"
Pixon Green Energy Pvt Ltd,3.8,Electrical Equipment,"Company Culture, Work Life Balance"
KollegeApply,3.7,EdTech,Skill Development
Dr D Y Patil Medical College,4.0,Healthcare,"Work Life Balance, Company Culture, Job Security"
Solaris Chemtech,4.6,Chemicals,"Skill Development, Company Culture, Job Security"
BIZONGO,3.2,Emerging Technologies,"Job Security, Skill Development, Work Satisfaction"
Euronet Global Development Center,3.9,Financial Services,Job Security
Infrabeat Technologies,4.1,IT Services & Consulting,"Work Life Balance, Skill Development, Company Culture"
Schbang,2.8,Marketing & Advertising,"Promotions, Salary, Work Life Balance"
FinAdvantage,4.0,Accounting & Auditing,"Work Life Balance, Company Culture, Work Satisfaction"
JQR SPORTS,3.7,New Delhi +14 other locations,"Job Security, Promotions"
Locobuzz,2.7,Software Product,"Job Security, Promotions, Company Culture"
Simpl,2.9,Internet,"Job Security, Promotions, Company Culture"
Theorem Incorporation,3.3,Marketing & Advertising,"Promotions, Salary, Job Security"
Agilent Technologies International,3.8,Gurugram +7 other locations,"Work Life Balance, Company Culture, Job Security"
Air India Engineering Services,3.6,Industrial Machinery,Work Life Balance
Synamedia,3.2,Software Product,Work Life Balance
Nelco,3.9,Telecom,"Job Security, Company Culture, Work Life Balance"
Lumax Mannoh Allied Technologies,3.6,Auto Components,Promotions
PerkinElmer,4.2,Pharma,"Work Life Balance, Company Culture, Work Satisfaction"
Barco Electronic Systems,4.1,Consumer Electronics & Appliances,"Work Life Balance, Company Culture, Salary"
Serentica Renewables,4.5,Power,"Salary, Company Culture, Job Security"
Element14,3.9,Semiconductors,Work Life Balance
Jio Payments Bank,3.5,FinTech,"Promotions, Work Satisfaction, Job Security"
IIT Kharagpur,4.3,Education & Training,"Work Life Balance, Work Satisfaction, Skill Development"
All Out,3.7,FMCG,"Promotions, Skill Development, Work Satisfaction"
GMP Technical Solutions,3.9,Industrial Machinery,"Job Security, Company Culture, Work Life Balance"
Curia,3.7,Hyderabad +3 other locations,Work Life Balance
ENTRI SOFTWARE,4.0,EdTech,"Company Culture, Salary"
Naiknavare Developers,3.8,Real Estate,Work Life Balance
PharmaZell,3.9,Pharma,"Salary, Job Security"
Premsons Motor Udyog,3.6,Auto Components,"Promotions, Job Security, Work Satisfaction"
Stanvac Chemicals,2.8,Chemicals,Salary
Vedic International School,4.3,Education & Training,"Company Culture, Salary, Work Life Balance"
Elancer It Solutions,3.0,IT Services & Consulting,"Promotions, Skill Development, Job Security"
KEM Hospital,3.8,Healthcare,"Work Life Balance, Job Security"
Mobase,3.4,Auto Components,"Promotions, Salary, Company Culture"
Gsp Power Projects,3.9,Electronics Manufacturing,Promotions
TechBlocks,3.1,IT Services & Consulting,"Job Security, Promotions, Company Culture"
NPCC Engineering,3.7,Oil & Gas,"Job Security, Work Life Balance"
Verka milk dairy,4.1,Agriculture,"Work Life Balance, Work Satisfaction, Skill Development"
Ascent Meditech,3.5,Other,"Job Security, Promotions, Company Culture"
Sage Metals,3.8,Metals & Mining,"Promotions, Job Security, Company Culture"
Phreesia,2.4,Healthcare,"Promotions, Job Security, Skill Development"
IMMCO,3.3,Kochi +9 other locations,Job Security
Mehta Cad Cam Systems,3.7,Industrial Machinery,Work Life Balance
Assurance Intl Limited,3.7,Auto Components,Salary
PICL,3.7,Semiconductors,"Promotions, Company Culture, Work Life Balance"
Abs Fujitsu General,3.7,Engineering & Construction,Job Security
Klassic Wheels,2.7,Auto Components,"Promotions, Salary, Company Culture"
Bill Forge,4.3,Auto Components,"Company Culture, Work Satisfaction, Work Life Balance"
Million Minds Management Services,3.5,Recruitment,"Job Security, Promotions, Company Culture"
Ascent Meditech,3.5,Other,"Job Security, Promotions, Company Culture"
Mehta Cad Cam Systems,3.7,Industrial Machinery,Work Life Balance
IMMCO,3.3,Kochi +9 other locations,Job Security
PICL,3.7,Semiconductors,"Promotions, Company Culture, Work Life Balance"
Ravi Infrabuild Projects,3.8,Engineering & Construction,"Company Culture, Job Security, Promotions"
University of Engineering and Management,4.1,Education & Training,"Work Life Balance, Job Security, Salary"
CloudThat Technologies Private Limited,3.9,IT Services & Consulting,"Skill Development, Company Culture, Work Life Balance"
Brigosha Technologies,2.1,IT Services & Consulting,"Job Security, Company Culture, Work Satisfaction"
Ceipal,3.1,Software Product,"Job Security, Promotions, Skill Development"
Kitex Garments,3.4,Fashion & Textile,"Promotions, Salary, Company Culture"
Suntara Cosmetics,3.6,Beauty & Personal Care,"Job Security, Promotions"
UNI Klinger,3.8,Industrial Machinery,"Work Life Balance, Job Security"
Aditya Birla Management Corporation,3.9,Management Consulting,"Job Security, Work Life Balance"
Mangalam Information Technolgies,3.4,IT Services & Consulting,"Promotions, Skill Development, Salary"
Mapro Foods,3.5,FMCG,"Job Security, Promotions, Company Culture"
Archidply Industries,3.6,Furniture & Furnishing,"Promotions, Skill Development, Salary"
UNI Klinger,3.8,Industrial Machinery,"Work Life Balance, Job Security"
Mapro Foods,3.5,FMCG,"Job Security, Promotions, Company Culture"
Mangalam Information Technolgies,3.4,IT Services & Consulting,"Promotions, Skill Development, Salary"
Kitex Garments,3.4,Fashion & Textile,"Promotions, Salary, Company Culture"
Archidply Industries,3.6,Furniture & Furnishing,"Promotions, Skill Development, Salary"
Ceipal,3.1,Software Product,"Job Security, Promotions, Skill Development"
Suntara Cosmetics,3.6,Beauty & Personal Care,"Job Security, Promotions"
SDP & Associates (Office),3.6,Accounting & Auditing,"Promotions, Job Security, Skill Development"
Axis Asset Management Company,3.7,Financial Services,"Promotions, Company Culture, Work Satisfaction"
Asclepius Wellness,3.9,Fitness & Wellness,Work Life Balance
Dream Plast India,3.5,Industrial Machinery,"Promotions, Job Security, Salary"
Pragati Infra Solutions,4.1,Real Estate,"Salary, Work Life Balance, Work Satisfaction"
Smiths Detection,3.4,Defence & Aerospace,"Promotions, Skill Development, Salary"
Aczet,2.7,Electronics Manufacturing,"Promotions, Company Culture, Work Satisfaction"
AI Engineering Services,3.6,New Delhi +12 other locations,Work Life Balance
The Wadhwa Group,3.6,Real Estate,"Promotions, Company Culture"
Kalpataru International,4.1,Engineering & Construction,"Salary, Job Security, Skill Development"
Rivulis Irrigation,4.3,Agriculture,"Work Life Balance, Work Satisfaction, Skill Development"
Xcelore,4.5,IT Services & Consulting,"Company Culture, Skill Development, Work Satisfaction"
Spc Life Sciences,3.3,Chemicals,"Promotions, Job Security, Company Culture"
4i apps solutions,3.5,IT Services & Consulting,"Promotions, Salary, Company Culture"
Birla Precision Technologies,3.4,Industrial Machinery,"Promotions, Salary, Job Security"
Genus Innovation,3.4,Power,"Promotions, Salary, Work Satisfaction"
Mtg Learning Media,3.8,Printing & Publishing,"Work Life Balance, Job Security"
Amazon Pay,3.9,Bengaluru +30 other locations,"Job Security, Promotions"
Agility E Services,3.5,IT Services & Consulting,"Promotions, Job Security, Skill Development"
Machino Polymers,3.4,Petrochemicals,"Promotions, Company Culture, Work Satisfaction"
ETV Bharat,4.0,Broadcasting,"Job Security, Work Life Balance, Company Culture"
Ashida Electronics,3.8,Electronics Manufacturing,Job Security
First Step Babywear,4.1,Fashion & Textile,"Job Security, Company Culture, Work Life Balance"
Reserve Bank of India,4.8,Government,"Work Life Balance, Salary, Work Satisfaction"
Frost & Sullivan,2.9,Management Consulting,"Promotions, Salary, Skill Development"
Agastya International Foundation,3.4,Non-Profit,"Promotions, Salary, Company Culture"
Rapidtech IT Services,3.8,IT Services & Consulting,"Promotions, Salary, Job Security"
CSL Finance,3.6,Financial Services,Work Life Balance
MariApps Marine Solutions,3.1,IT Services & Consulting,"Salary, Promotions, Work Satisfaction"
Choice Equity Broking,3.1,Financial Services,"Promotions, Job Security, Work Satisfaction"
Khatib & Alami,3.4,Engineering & Construction,Job Security
GoBoult,3.3,Consumer Electronics & Appliances,"Promotions, Work Life Balance, Work Satisfaction"
Tata Ficosa Automotive Systems,,Auto Components,"Promotions, Work Satisfaction, Company Culture"
Casepoint,3.1,IT Services & Consulting,"Promotions, Salary, Work Life Balance"
Heranba Industries,3.7,Agro Chemicals,"Promotions, Job Security, Company Culture"
Partha Dental,3.6,Healthcare,"Company Culture, Job Security, Promotions"
Log 9 Materials Scientific,3.3,Emerging Technologies,"Job Security, Promotions, Work Satisfaction"
Trident Automobiles,4.6,Auto Components,"Company Culture, Job Security, Work Life Balance"
Eris Therapeutics,3.8,Pharma,Salary
SequelOne,3.4,IT Services & Consulting,"Promotions, Company Culture, Skill Development"
Complere Infosystem,4.3,Software Product,"Company Culture, Work Life Balance, Skill Development"
Dyuti Technologies,4.5,IT Services & Consulting,"Job Security, Skill Development, Company Culture"
STJ Electronics,3.4,Semiconductors,"Company Culture, Promotions, Job Security"
Wellknown Polyesters,3.8,Fashion & Textile,"Job Security, Skill Development"
Vipul Motors,3.4,Automobile,"Promotions, Salary, Job Security"
Jash Engineering,4.0,Engineering & Construction,"Job Security, Work Life Balance, Salary"
Ayu Health Hospitals,3.5,Healthcare,"Job Security, Promotions, Skill Development"
Adani Road Transport,4.3,Ahmedabad +27 other locations,"Salary, Work Life Balance, Company Culture"
Skillventory,4.0,Indore +11 other locations,"Work Life Balance, Work Satisfaction, Skill Development"
Sinclus Engineering Consulting,4.1,IT Services & Consulting,"Company Culture, Work Life Balance, Salary"
Milacron,3.7,Ahmedabad +6 other locations,"Job Security, Work Life Balance"
P.N. International,4.0,Import & Export,"Work Life Balance, Work Satisfaction, Job Security"
Paramount Limited,3.4,Engineering & Construction,"Promotions, Company Culture, Work Satisfaction"
Velammal Educational Trust,3.6,Education & Training,"Promotions, Salary"
Akshayakalpa,3.7,Internet,Company Culture
Web Synergies,3.0,IT Services & Consulting,"Job Security, Promotions, Company Culture"
Metal Power Analytical,3.4,Electronics Manufacturing,"Job Security, Promotions, Work Satisfaction"
Reliance Foundation India,3.8,Education & Training,"Promotions, Salary"
John Energy,3.9,Oil & Gas,"Work Life Balance, Job Security, Skill Development"
Nium,3.1,FinTech,"Job Security, Promotions, Company Culture"
Primus Super Speciality Hospital,3.8,Healthcare,"Promotions, Job Security, Salary"
Rotork Controls,3.4,Industrial Machinery,"Promotions, Skill Development, Work Satisfaction"
Mindcrest,2.8,Legal,"Promotions, Skill Development, Work Satisfaction"
Altruistic Technology Labs,3.3,IT Services & Consulting,"Promotions, Salary, Work Satisfaction"
Accel Limited,3.5,IT Services & Consulting,"Promotions, Work Satisfaction, Salary"
Chiripal Industries,3.8,Fashion & Textile,Work Life Balance
Disposafe Health And Life Care,3.4,Medical Equipment,"Salary, Company Culture, Promotions"
Creative Garments,3.9,Fashion & Textile,"Job Security, Promotions"
Tcil,3.8,Telecom,"Work Life Balance, Skill Development"
Marquistech,3.3,Noida +13 other locations,"Promotions, Job Security, Company Culture"
FICCI,3.3,Government,"Promotions, Salary, Skill Development"
GKN Sinter Metals,3.9,Auto Components,Skill Development
PGIMER,4.2,Education & Training,"Skill Development, Work Satisfaction, Job Security"
DigitalTrack Solutions,3.8,IT Services & Consulting,Skill Development
Qualtech Consultants,3.3,IT Services & Consulting,"Work Life Balance, Company Culture, Work Satisfaction"
Lokmanya Multipurpose Co-op Society,3.1,Financial Services,"Promotions, Salary, Work Satisfaction"
Delux Bearings,4.1,Auto Components,"Work Life Balance, Skill Development, Work Satisfaction"
Worldpay,4.0,FinTech,"Work Life Balance, Company Culture, Work Satisfaction"
Brickwork India,3.2,Financial Services,"Company Culture, Promotions, Salary"
Dr. Amin Controllers,3.9,Engineering & Construction,Company Culture
Karnataka Power Transmission Corporation,4.4,Power,"Work Life Balance, Company Culture, Work Satisfaction"
Mahesh Edible Oil Industries,3.6,FMCG,"Promotions, Salary, Skill Development"
Future Consumer,4.4,FMCG,"Company Culture, Work Life Balance, Work Satisfaction"
Classcanyon,4.5,Education & Training,"Company Culture, Work Life Balance, Promotions"
Eldeco Infrastructure & Properties,4.2,Real Estate,"Work Life Balance, Job Security, Work Satisfaction"
Bando India,4.0,Auto Components,"Job Security, Company Culture, Work Life Balance"
Bharuch Enviro Infrastructure,4.1,Real Estate,"Job Security, Skill Development, Company Culture"
Syniverse Technologies,3.7,IT Services & Consulting,Work Life Balance
Progility Technologies,3.5,IT Services & Consulting,"Job Security, Promotions, Company Culture"
Dangote Cement,4.1,Building Material,"Salary, Work Life Balance"
Akshara Enterprises,3.0,IT Services & Consulting,"Promotions, Salary, Job Security"
Concorde Motors,4.2,Automobile,"Company Culture, Work Satisfaction, Work Life Balance"
Aarthi Scans and Labs,3.6,Healthcare,"Salary, Promotions, Company Culture"
Portescap,3.7,Electronics Manufacturing,"Company Culture, Work Life Balance"
Ideas 4 Transformation,3.0,IT Services & Consulting,"Promotions, Salary, Company Culture"
Royal HaskoningDHV,4.4,Engineering & Construction,"Work Life Balance, Company Culture, Work Satisfaction"
Detox Group,3.8,Chemicals,"Job Security, Company Culture, Work Life Balance"
Rakshit Drugs,3.8,Pharma,"Work Life Balance, Job Security"
Toshiba Johnson Elevators,4.2,Industrial Machinery,"Work Life Balance, Salary, Work Satisfaction"
LAKME ACADEMY,3.6,Beauty & Personal Care,"Promotions, Job Security, Company Culture"
Actis Technologies,4.2,IT Services & Consulting,"Company Culture, Skill Development, Work Life Balance"
Nikhil Adhesives,4.1,Chemicals,"Work Life Balance, Company Culture, Skill Development"
Surya Hospital,3.6,Healthcare,"Promotions, Salary, Company Culture"
Codilar Technologies,4.0,IT Services & Consulting,"Company Culture, Skill Development, Work Life Balance"
WAISL,3.8,IT Services & Consulting,"Promotions, Company Culture"
Unify Facility Management,4.3,Facility Management Services,"Company Culture, Work Life Balance, Work Satisfaction"
NewAge Software & Solutions,3.7,IT Services & Consulting,"Company Culture, Job Security, Skill Development"
Nippon Toyota,3.8,Auto Components,Work Life Balance
Nuvento Systems,3.2,IT Services & Consulting,"Job Security, Promotions, Skill Development"
SAI Consulting Engineers,4.3,Engineering & Construction,"Company Culture, Work Life Balance, Salary"
Wings Pharmaceuticals Pvt Ltd.,3.1,Pharma,"Job Security, Promotions, Company Culture"
Jsw Infrastructure,4.1,Engineering & Construction,"Job Security, Company Culture, Work Life Balance"
Chemveda Life Sciences,3.7,Clinical Research,Work Life Balance
Mankind Specialities,3.8,Pharma,Salary
Synthimed Labs,3.6,Pharma,"Promotions, Company Culture, Work Satisfaction"
Zenith Leisure Holidays,3.1,Travel & Tourism,"Promotions, Company Culture, Work Satisfaction"
Nutraj,3.8,Noida +13 other locations,"Promotions, Company Culture"
Sitec Labs,3.9,Pharma,"Job Security, Work Life Balance, Company Culture"
EGDK India Pvt Ltd,3.7,Software Product,"Work Life Balance, Company Culture, Work Satisfaction"
OptiSol Business Solutions,3.4,IT Services & Consulting,"Promotions, Job Security, Salary"
ERA's Lucknow Medical College & Hospital,3.6,Education & Training,"Promotions, Company Culture, Work Satisfaction"
Smart Call Center Solutions,3.2,BPO,"Promotions, Salary, Job Security"
Sakal Media Group,3.5,Media & Entertainment,"Promotions, Salary, Company Culture"
GIC Housing Finance,3.6,NBFC,"Job Security, Salary"
Ravindra Bharathi Schools,3.4,Education & Training,"Promotions, Salary, Job Security"
Best Koki Automotive,3.4,Auto Components,"Promotions, Job Security, Company Culture"
KLT Automotive & Tubular Products,3.5,Auto Components,"Promotions, Company Culture, Salary"
Avon Cycles,3.7,Automobile,
Techouts,3.9,IT Services & Consulting,"Skill Development, Company Culture, Work Life Balance"
India Pistons,2.7,Auto Components,"Promotions, Salary, Company Culture"
UTI Technology Services,2.9,IT Services & Consulting,"Promotions, Salary, Work Satisfaction"
3 Gen Consulting,3.0,Healthcare,"Promotions, Company Culture, Job Security"
DOGUS SOMA JV,4.0,Engineering & Construction,"Company Culture, Work Life Balance, Work Satisfaction"
SKS Business Services,3.1,Accounting & Auditing,"Promotions, Salary, Job Security"
Global Trade Plaza,4.7,Internet,"Company Culture, Work Life Balance, Work Satisfaction"
Alcatel-Lucent,4.3,Telecom,"Job Security, Work Life Balance, Work Satisfaction"
Privat Hospital,4.1,Healthcare,"Work Satisfaction, Company Culture, Work Life Balance"
Azuga Telematics,3.6,Software Product,"Promotions, Work Satisfaction, Skill Development"
Altigreen Propulsion Labs,3.5,Electronics Manufacturing,"Job Security, Promotions, Salary"
PolicyX.com,2.8,FinTech,"Work Satisfaction, Job Security, Skill Development"
Cognus Technology,2.2,IT Services & Consulting,"Promotions, Salary, Work Life Balance"
CommVault,3.7,Software Product,"Company Culture, Work Life Balance"
Ocean Life Spaces,3.5,Engineering & Construction,Salary
PubMatic,3.5,IT Services & Consulting,"Promotions, Job Security, Work Satisfaction"
LRQA,3.4,Analytics & KPO,"Promotions, Job Security, Work Satisfaction"
Doctors for you,3.8,Non-Profit,"Promotions, Job Security, Company Culture"
eBIZ.com,2.6,EdTech,"Job Security, Salary, Work Satisfaction"
More Mega Store,4.2,Retail,"Skill Development, Salary, Work Satisfaction"
HomeShop18,4.2,Internet,"Skill Development, Company Culture, Job Security"
Magma Housing Finance,4.5,Financial Services,"Work Satisfaction, Job Security, Company Culture"
Spinks Softech,4.0,Auto Components,"Skill Development, Work Life Balance, Company Culture"
MediaTek India Technology,3.7,Semiconductors,"Promotions, Skill Development, Company Culture"
Alliance University,3.7,Education & Training,Salary
Zigly Pet Care,4.3,Retail,"Skill Development, Job Security, Company Culture"
FirstMeridian Business Services,3.6,Recruitment,"Promotions, Job Security, Company Culture"
Forvis Mazars,3.2,Accounting & Auditing,"Promotions, Job Security, Company Culture"
Doctors for you,3.8,Non-Profit,"Promotions, Job Security, Company Culture"
rProcess Outsourcing Services,3.3,Analytics & KPO,"Promotions, Salary, Skill Development"
PolicyX.com,2.8,FinTech,"Work Satisfaction, Job Security, Skill Development"
Cognus Technology,2.2,IT Services & Consulting,"Promotions, Salary, Work Life Balance"
Chalo,3.6,Internet,"Job Security, Promotions, Salary"
Blue Jet Healthcare,3.9,Chemicals,Work Life Balance
Trangile Services,4.5,IT Services & Consulting,"Skill Development, Salary, Company Culture"
LRQA,3.4,Analytics & KPO,"Promotions, Job Security, Work Satisfaction"
Talent Corner HR Services,3.8,Recruitment,"Work Life Balance, Skill Development, Company Culture"
FarMart,3.8,Internet,"Work Life Balance, Company Culture"
Newtronic Lifecare Equipment,4.0,Pharma,"Work Life Balance, Skill Development, Work Satisfaction"
MSG Global Solutions,4.3,IT Services & Consulting,"Work Life Balance, Company Culture, Work Satisfaction"
Jai Raj Ispat,3.7,Iron & Steel,Promotions
PubMatic,3.5,IT Services & Consulting,"Promotions, Job Security, Work Satisfaction"
Megha Fruit Processing,3.8,Hyderabad +40 other locations,"Promotions, Job Security, Salary"
Daicel Chiral Technologies,4.1,Pharma,"Work Life Balance, Salary, Company Culture"
CommVault,3.7,Software Product,"Company Culture, Work Life Balance"
Talent Corner HR Services,3.8,Recruitment,"Work Life Balance, Skill Development, Company Culture"
Jai Raj Ispat,3.7,Iron & Steel,Promotions
Gits Food Products,3.9,FMCG,"Salary, Company Culture"
Sun Pharma Advanced Research Company,3.6,Pharma,Work Life Balance
Freight Tiger,3.2,Logistics,"Promotions, Job Security, Work Satisfaction"
BNB SARL,3.5,Retail,"Promotions, Company Culture, Work Life Balance"
iSource,3.0,Recruitment,"Promotions, Skill Development, Work Satisfaction"
IDA Automation,3.7,Bengaluru +4 other locations,"Promotions, Salary, Work Satisfaction"
REC Power Development and Consultancy,4.1,New Delhi +39 other locations,"Work Life Balance, Salary, Company Culture"
Shankar Electricals,3.7,Electrical Equipment,Job Security
ATS ELGI,4.2,Industrial Machinery,"Company Culture, Work Life Balance, Job Security"
Bausch & Lomb,3.9,Medical Equipment,"Work Life Balance, Salary"
Eduquity Career Technologies,3.4,Recruitment,"Promotions, Skill Development, Work Satisfaction"
SEDER GROUP,4.1,Engineering & Construction,"Salary, Work Life Balance, Company Culture"
CignaTTk Health Insurance,4.0,Insurance,"Work Life Balance, Job Security"
ATC (Assam),4.1,Logistics,"Work Life Balance, Salary, Work Satisfaction"
Pace Power Systems,3.8,Electrical Equipment,"Promotions, Salary, Skill Development"
Hanu Software Solutions,3.6,IT Services & Consulting,"Promotions, Job Security, Work Satisfaction"
Printo Document Services,3.7,Retail,"Promotions, Salary, Company Culture"
Shiksha Financial Services India,4.4,NBFC,"Work Life Balance, Company Culture, Work Satisfaction"
Lalbaba Engineering Limited,3.2,Industrial Machinery,"Promotions, Company Culture, Work Satisfaction"
Cogneesol,3.1,BPO,"Promotions, Skill Development, Salary"
Electrostar Electronics,4.2,Noida +59 other locations,"Company Culture, Work Life Balance, Work Satisfaction"
NLMK India,3.8,Metals & Mining,Salary
iSource,3.0,Recruitment,"Promotions, Skill Development, Work Satisfaction"
IDA Automation,3.7,Bengaluru +4 other locations,"Promotions, Salary, Work Satisfaction"
Bijak,3.5,Internet,"Job Security, Promotions, Skill Development"
Q Connect Corp,3.6,BPO,"Promotions, Salary, Work Satisfaction"
DNV,4.1,Management Consulting,"Work Life Balance, Company Culture, Work Satisfaction"
ATS ELGI,4.2,Industrial Machinery,"Company Culture, Work Life Balance, Job Security"
Shankar Electricals,3.7,Electrical Equipment,Job Security
Alter Domus,3.0,Financial Services,"Promotions, Work Satisfaction, Job Security"
POSCO,4.1,Metals & Mining,"Work Life Balance, Job Security, Salary"
Seashell Logistics,3.8,Logistics,"Promotions, Salary"
EIH,3.7,Hospitality,"Job Security, Company Culture"
Tarasafe International Private Limited,4.5,Kolkata +2 other locations,"Company Culture, Job Security, Work Life Balance"
Valmont Structures,3.4,Engineering & Construction,"Promotions, Job Security, Company Culture"
International Crops Research Institute for the Semi-arid Tropics,3.6,Analytics & KPO,Work Life Balance
Fasal,3.2,Agriculture,"Job Security, Promotions, Work Satisfaction"
Global Connect Business Solutions,4.3,Accounting & Auditing,"Skill Development, Work Satisfaction, Salary"
Seashell Logistics,3.8,Logistics,"Promotions, Salary"
Tarasafe International Private Limited,4.5,Kolkata +2 other locations,"Company Culture, Job Security, Work Life Balance"
EIH,3.7,Hospitality,"Job Security, Company Culture"
Valmont Structures,3.4,Engineering & Construction,"Promotions, Job Security, Company Culture"
International Crops Research Institute for the Semi-arid Tropics,3.6,Analytics & KPO,Work Life Balance
Enfusion,3.2,FinTech,"Promotions, Job Security, Work Satisfaction"
Crescendo Global,4.3,Recruitment,"Work Life Balance, Skill Development, Company Culture"
e-Centric Solutions,3.6,IT Services & Consulting,"Promotions, Company Culture, Job Security"
MoEngage,3.4,Software Product,"Promotions, Job Security, Work Satisfaction"
S S Enterprises,3.9,Industrial Machinery,Skill Development
Ambience Group,3.6,Real Estate,Promotions
Teletext Holidays,3.4,Travel & Tourism,"Job Security, Promotions, Skill Development"
Aero Club-Woodland Store,3.3,Fashion & Textile,"Promotions, Salary, Company Culture"
Digital Aptech,4.4,IT Services & Consulting,"Work Life Balance, Company Culture, Work Satisfaction"
Ansys Software Private Limited,4.1,IT Services & Consulting,"Work Life Balance, Company Culture, Salary"
NCDEX,3.6,Financial Services,"Promotions, Work Satisfaction, Skill Development"
UAE Exchange,4.4,FinTech,"Company Culture, Work Life Balance, Work Satisfaction"
SAP-Concur,4.1,Software Product,"Work Life Balance, Job Security, Company Culture"
Magna Steyr,4.0,Automobile,"Work Life Balance, Company Culture, Job Security"
ECE Industries,3.8,Electrical Equipment,"Work Life Balance, Job Security"
Shipping Corporation of India,4.5,Logistics,"Work Life Balance, Work Satisfaction, Job Security"
Etihad Airways,4.1,Aviation,"Company Culture, Skill Development, Salary"
Dream11,4.2,Internet,"Salary, Company Culture, Work Life Balance"
SKS Ispat & Power,3.3,Industrial Machinery,"Promotions, Salary, Company Culture"
Cococart Ventures,3.4,Mumbai +20 other locations,"Promotions, Salary, Work Satisfaction"
Biodeal Pharmaceuticals,4.0,Pharma,"Company Culture, Work Life Balance, Work Satisfaction"
GoApptiv,4.1,Mumbai +50 other locations,"Company Culture, Skill Development, Work Life Balance"
Shreeji Infrastructure,3.6,Engineering & Construction,"Promotions, Job Security"
Madras Medical Mission,4.2,Healthcare,"Job Security, Skill Development, Company Culture"
mPHATEK Systems,3.4,IT Services & Consulting,"Job Security, Promotions, Salary"
Bansal Hospital,3.7,Healthcare,Skill Development
Repos Energy,3.6,Internet,"Company Culture, Salary"
ApplyBoard,2.5,Internet,"Job Security, Promotions, Work Satisfaction"
EMPClaims,4.1,Ahmedabad +5 other locations,"Work Life Balance, Skill Development, Salary"
Freudenberg Gala Household Product,4.0,Consumer Electronics & Appliances,"Job Security, Skill Development, Work Life Balance"
Octillion Power Systems,4.1,Electronics Manufacturing,"Work Life Balance, Company Culture, Work Satisfaction"
Fedora Solutions,3.0,Healthcare,Job Security
GTN Engineering,4.3,Metals & Mining,"Job Security, Work Life Balance, Skill Development"
Ewac Alloys,4.2,Industrial Machinery,"Skill Development, Company Culture, Job Security"
Tanla Platforms,3.1,Telecom,"Company Culture, Job Security, Work Life Balance"
WebFurther,3.1,IT Services & Consulting,"Promotions, Salary, Skill Development"
Gesco Healthcare,3.8,Medical Equipment,"Work Life Balance, Work Satisfaction, Skill Development"
Prestige Estates Projects,4.5,Real Estate,"Job Security, Company Culture, Work Life Balance"
Institutional Shareholder Services,3.5,Analytics & KPO,"Work Life Balance, Job Security"
Eskag Pharma,3.0,Pharma,"Promotions, Company Culture, Work Satisfaction"
NCDEX,3.6,Financial Services,"Promotions, Work Satisfaction, Skill Development"
Ewac Alloys,4.2,Industrial Machinery,"Skill Development, Company Culture, Job Security"
Wishup,3.7,Financial Services,"Work Life Balance, Skill Development"
Sangam Dairy,4.2,Agriculture,"Job Security, Work Life Balance, Skill Development"
Centurion University of Technology and Management,3.5,Education & Training,"Promotions, Salary, Work Life Balance"
DRN Infrastructure,3.3,Power,"Promotions, Salary, Company Culture"
Yasho Industries Limited,3.7,Chemicals,Salary
Sushima Pharmaceuticals,3.3,Pharma,"Promotions, Job Security, Company Culture"
Mantle Solutions,3.1,IT Services & Consulting,"Promotions, Salary, Skill Development"
HL Klemove,3.2,Automobile,"Promotions, Work Satisfaction, Company Culture"
Duroply Industries,3.8,Building Material,Work Life Balance
Nifco India,3.7,Industrial Machinery,"Company Culture, Skill Development"
W3Softech India,4.1,IT Services & Consulting,"Skill Development, Company Culture, Work Life Balance"
Karam Industries,3.9,Engineering & Construction,"Job Security, Company Culture, Work Life Balance"
Planet PCI Infotech,3.7,Recruitment,"Promotions, Job Security, Salary"
Major Brands,4.2,Retail,"Salary, Skill Development, Work Life Balance"
Deoleo India Pvt Ltd,3.9,FMCG,"Salary, Company Culture, Work Satisfaction"
Puropale Creations & IT Solutions,4.7,IT Services & Consulting,"Company Culture, Skill Development, Work Life Balance"
Peerless Biotech,4.2,Medical Equipment,"Skill Development, Work Life Balance, Work Satisfaction"
Apollo Medskills,3.8,Healthcare,Work Life Balance
Arch Pharmalabs,3.8,Pharma,"Company Culture, Work Life Balance, Work Satisfaction"
Neo Metaliks,3.6,Metals & Mining,"Company Culture, Work Satisfaction, Promotions"
Vigour Mobile,3.8,Consumer Electronics & Appliances,"Skill Development, Work Life Balance"
Omninos Solutions,4.0,Software Product,"Company Culture, Work Life Balance, Work Satisfaction"
Delta Technology,3.4,IT Services & Consulting,"Job Security, Skill Development, Promotions"
Perto,3.6,Electrical Equipment,"Promotions, Job Security, Salary"
Autobahn Trucking Corporation,4.0,Automobile,"Company Culture, Work Life Balance, Job Security"
Amalgamated Plantations,3.4,Beverage,Job Security
Toyoda Gosei South India,3.8,Automobile,"Company Culture, Job Security, Work Life Balance"
ISKCON,3.3,Non-Profit,"Promotions, Salary, Work Satisfaction"
ZoomRx,2.6,Analytics & KPO,"Work Satisfaction, Promotions, Work Life Balance"
Hyundai Steel,3.8,Iron & Steel,"Promotions, Skill Development, Salary"
Zelis,3.7,Healthcare,Work Life Balance
CL Educate,3.6,Education & Training,"Promotions, Skill Development, Work Satisfaction"
Maneesh Pharmaceuticals,4.0,Pharma,"Work Life Balance, Job Security"
W3Softech India,4.1,IT Services & Consulting,"Skill Development, Company Culture, Work Life Balance"
Perto,3.6,Electrical Equipment,"Promotions, Job Security, Salary"
Autobahn Trucking Corporation,4.0,Automobile,"Company Culture, Work Life Balance, Job Security"
Delta Technology,3.4,IT Services & Consulting,"Job Security, Skill Development, Promotions"
Smile Foundation,4.1,Non-Profit,"Work Satisfaction, Company Culture, Work Life Balance"
Maneesh Pharmaceuticals,4.0,Pharma,"Work Life Balance, Job Security"
Toyoda Gosei South India,3.8,Automobile,"Company Culture, Job Security, Work Life Balance"
Merlin Group,3.8,Real Estate,Job Security
Xtranet Technologies,3.3,IT Services & Consulting,"Promotions, Salary, Work Satisfaction"
ISKCON,3.3,Non-Profit,"Promotions, Salary, Work Satisfaction"
Hyundai Steel,3.8,Iron & Steel,"Promotions, Skill Development, Salary"
CL Educate,3.6,Education & Training,"Promotions, Skill Development, Work Satisfaction"
ZoomRx,2.6,Analytics & KPO,"Work Satisfaction, Promotions, Work Life Balance"
TD Power Systems,3.9,Electrical Equipment,"Work Life Balance, Job Security"
Zelis,3.7,Healthcare,Work Life Balance
Luxor International,3.4,Retail,"Promotions, Company Culture, Skill Development"
Kamlesh Kumar Singh Engineers,4.4,Engineering & Construction,"Job Security, Skill Development, Company Culture"
Vtc Tradewings,3.8,Logistics,"Skill Development, Company Culture, Work Life Balance"
Crif High Mark Credit Information Services,2.8,Analytics & KPO,"Promotions, Company Culture, Work Satisfaction"
Redisolve Software,2.5,Software Product,"Job Security, Promotions, Company Culture"
Deduce Technologies,3.4,Bengaluru +10 other locations,"Promotions, Skill Development, Work Satisfaction"
NJ Group,3.4,Surat +42 other locations,Job Security
Progcap,4.0,Financial Services,"Job Security, Salary, Company Culture"
Ampcus Tech,4.0,Nashik +10 other locations,"Skill Development, Company Culture, Work Life Balance"
Digi Clarity Global Solutions,4.0,Analytics & KPO,"Company Culture, Skill Development, Work Life Balance"
Srei Sahaj e-Village,4.5,Retail,"Skill Development, Company Culture, Work Life Balance"
DOLPHY INDIA,4.2,Building Material,"Company Culture, Skill Development, Work Life Balance"
Thar Worx,3.9,BPO,Work Life Balance
Turner International,4.2,Engineering & Construction,"Company Culture, Work Life Balance, Skill Development"
Facilities And Building Solutions,3.6,Engineering & Construction,"Job Security, Promotions, Company Culture"
Rigved Technologies,3.6,Emerging Technologies,"Promotions, Skill Development, Job Security"
One Trust,3.0,Software Product,"Job Security, Promotions, Company Culture"
Solitaire World,4.2,Real Estate,"Salary, Company Culture, Work Life Balance"
Jodo,3.7,FinTech,Work Life Balance
Brady Corporation,4.1,Printing & Publishing,"Work Life Balance, Job Security, Company Culture"
Esyasoft,4.1,Software Product,"Company Culture, Job Security, Work Life Balance"
Dealmoney Securities,2.9,Financial Services,"Promotions, Company Culture, Work Satisfaction"
CBNITS,3.7,IT Services & Consulting,Salary
MassMutual,3.6,Financial Services,"Promotions, Work Satisfaction"
Arbro Pharmaceuticals,3.9,Pharma,"Job Security, Work Life Balance, Work Satisfaction"
Kantar Operations,4.0,Analytics & KPO,"Company Culture, Work Life Balance"
Zeco Aircon,4.1,Industrial Machinery,"Work Life Balance, Job Security, Company Culture"
Solitaire World,4.2,Real Estate,"Salary, Company Culture, Work Life Balance"
Brady Corporation,4.1,Printing & Publishing,"Work Life Balance, Job Security, Company Culture"
INDOASIAN,4.1,Semiconductors,"Company Culture, Work Life Balance, Salary"
CBNITS,3.7,IT Services & Consulting,Salary
Dealmoney Securities,2.9,Financial Services,"Promotions, Company Culture, Work Satisfaction"
Government of Delhi,4.4,Government,"Work Life Balance, Work Satisfaction, Skill Development"
Ameyo,3.5,Software Product,"Job Security, Work Satisfaction, Promotions"
Symbiosis International University,3.7,Education & Training,Job Security
Lloyds Engineering Works Limited,4.0,Industrial Machinery,"Job Security, Work Life Balance, Work Satisfaction"
Madhavbaug,3.8,Healthcare,Skill Development
Aster Medcity,4.5,Healthcare,"Skill Development, Company Culture, Work Life Balance"
Dana TM4,4.0,Power,"Work Life Balance, Company Culture, Job Security"
Hubert Enviro Care Systems,2.9,Waste Management,"Company Culture, Work Satisfaction, Promotions"
Kpn Farm Fresh,3.6,Internet,Salary
Outlier,3.9,Emerging Technologies,"Work Life Balance, Salary, Skill Development"
MassMutual,3.6,Financial Services,"Promotions, Work Satisfaction"
Arbro Pharmaceuticals,3.9,Pharma,"Job Security, Work Life Balance, Work Satisfaction"
Radixweb,3.2,IT Services & Consulting,"Promotions, Work Satisfaction, Company Culture"
Lloyds Engineering Works Limited,4.0,Industrial Machinery,"Job Security, Work Life Balance, Work Satisfaction"
Government of Delhi,4.4,Government,"Work Life Balance, Work Satisfaction, Skill Development"
Symbiosis International University,3.7,Education & Training,Job Security
Aster Medcity,4.5,Healthcare,"Skill Development, Company Culture, Work Life Balance"
HM Constructions,4.6,Real Estate,"Company Culture, Work Life Balance, Work Satisfaction"
TTEC Digital,3.8,IT Services & Consulting,"Company Culture, Work Life Balance, Skill Development"
Outlier,3.9,Emerging Technologies,"Work Life Balance, Salary, Skill Development"
Dana TM4,4.0,Power,"Work Life Balance, Company Culture, Job Security"
Hubert Enviro Care Systems,2.9,Waste Management,"Company Culture, Work Satisfaction, Promotions"
The Oriental Insurance Co.,4.4,Insurance,"Work Life Balance, Company Culture, Work Satisfaction"
Flynaut SaaS,3.0,IT Services & Consulting,"Promotions, Salary, Company Culture"
Chai Break,4.6,Kolkata +4 other locations,"Company Culture, Work Life Balance, Work Satisfaction"
Shalimar Group,4.1,Building Material,"Company Culture, Work Life Balance, Work Satisfaction"
L&T Power Transmission & Distribution,4.1,Power,"Job Security, Skill Development, Company Culture"
Robt Stone (ME) LLC,2.8,Oil & Gas,"Company Culture, Work Life Balance, Work Satisfaction"
Loyal Textile Mills,3.7,Fashion & Textile,"Promotions, Job Security, Company Culture"
vConstruct,3.5,Engineering & Construction,"Job Security, Company Culture"
Propelld,3.6,Internet,"Promotions, Salary, Company Culture"
Bhate & Raje Construction Co.,4.0,Engineering & Construction,"Job Security, Skill Development, Company Culture"
DWD Pharmaceuticals,3.7,Pharma,"Promotions, Salary, Job Security"
vConstruct,3.5,Engineering & Construction,"Job Security, Company Culture"
Perceptive,3.7,Clinical Research,"Work Life Balance, Salary"
Loyal Textile Mills,3.7,Fashion & Textile,"Promotions, Job Security, Company Culture"
Jupiter Money,2.3,FinTech,"Job Security, Company Culture, Promotions"
Q Tech Microelectronics India,3.7,Greater Noida +5 other locations,"Company Culture, Promotions"
Moris Media,4.3,Marketing & Advertising,"Skill Development, Work Life Balance, Job Security"
GKB RX Lens,4.0,Medical Equipment,"Company Culture, Job Security, Skill Development"
Saint-Gobain Abrasives,3.6,Building Material,Job Security
The Judge Group,3.3,Recruitment,"Promotions, Job Security, Company Culture"
Paradigm Realty,4.0,Real Estate,"Salary, Company Culture, Work Life Balance"
StayVista,4.4,Travel & Tourism,"Company Culture, Work Life Balance, Work Satisfaction"
Vibatel Solutions,3.5,BPO,"Promotions, Salary"
Jamia Hamdard University,3.9,Education & Training,"Promotions, Salary, Job Security"
Cummins Sales and Service,4.0,Auto Components,"Company Culture, Job Security, Work Life Balance"
Linamar,3.6,Pune +4 other locations,"Promotions, Work Life Balance, Work Satisfaction"
FNZ,2.8,FinTech,"Promotions, Skill Development, Company Culture"
Kin Marché,4.1,Retail,"Job Security, Skill Development, Salary"
Blackstone Center of Excellence,2.6,Gurugram +8 other locations,"Company Culture, Promotions, Work Satisfaction"
B New Mobiles,3.2,Electronics Manufacturing,"Job Security, Work Life Balance, Salary"
Fia Technology Services,3.5,FinTech,"Job Security, Promotions, Work Satisfaction"
LimeRoad,2.5,Internet,"Promotions, Job Security, Company Culture"
Gujarat Energy Transmission Corporation,4.1,Government,"Work Life Balance, Job Security, Company Culture"
Demech Chemical Products,4.3,Chemicals,"Work Life Balance, Salary, Company Culture"
Cachet Pharmaceuticals,3.7,Pharma,Work Life Balance
ETV Network,4.1,Broadcasting,"Work Life Balance, Skill Development"
B. E. Billimoria,3.8,Engineering & Construction,Promotions
TML Business Services,3.9,IT Services & Consulting,"Work Life Balance, Job Security, Company Culture"
Korn Ferry,3.0,Management Consulting,"Promotions, Work Satisfaction, Skill Development"
Moris Media,4.3,Marketing & Advertising,"Skill Development, Work Life Balance, Job Security"
Jamia Hamdard University,3.9,Education & Training,"Promotions, Salary, Job Security"
Cummins Sales and Service,4.0,Auto Components,"Company Culture, Job Security, Work Life Balance"
B New Mobiles,3.2,Electronics Manufacturing,"Job Security, Work Life Balance, Salary"
Fia Technology Services,3.5,FinTech,"Job Security, Promotions, Work Satisfaction"
Paradigm Realty,4.0,Real Estate,"Salary, Company Culture, Work Life Balance"
Aksh Optifibre,3.9,Telecom,"Work Life Balance, Company Culture, Work Satisfaction"
Dinesh Engineers,3.9,Telecom,"Job Security, Salary, Company Culture"
Marwadi Shares & Finance,4.3,Financial Services,"Work Life Balance, Company Culture, Job Security"
Lycatel BPO,2.4,BPO,"Promotions, Company Culture, Skill Development"
ASA & Associates,3.3,Accounting & Auditing,"Promotions, Work Satisfaction, Salary"
Nova IVF Fertility,3.7,Healthcare,"Promotions, Company Culture, Work Satisfaction"
Axles India,3.5,Auto Components,"Promotions, Company Culture, Work Satisfaction"
Ascend Telecom Infrastructure,4.1,Telecom,"Work Life Balance, Company Culture, Work Satisfaction"
Panoli Intermediates India,4.0,Chemicals,"Job Security, Work Life Balance, Company Culture"
THDC,4.0,Government,"Work Life Balance, Salary, Job Security"
DELTA,4.2,Events,"Job Security, Skill Development, Company Culture"
Sakthi Finance,3.9,Financial Services,"Work Life Balance, Job Security"
New Swan Multitech,3.8,Industrial Machinery,Skill Development
SFS Group,3.7,Auto Components,"Promotions, Work Satisfaction, Salary"
Yocket,3.3,Education & Training,Work Life Balance
Yulu Bikes,4.0,Internet,Company Culture
A.P.Securitas,4.1,Law Enforcement & Security,"Work Life Balance, Job Security, Salary"
Hailstone Innovations,4.0,Industrial Machinery,"Skill Development, Salary"
Mobineers Info Systems,4.1,IT Services & Consulting,"Work Life Balance, Work Satisfaction, Skill Development"
Sofcon India Pvt Ltd,3.6,Education & Training,"Promotions, Salary, Company Culture"
Bluecraft Agro,3.5,Food Processing,"Company Culture, Work Satisfaction, Job Security"
Capital Finserve,4.4,NBFC,"Work Satisfaction, Company Culture, Work Life Balance"
Applied Cloud Computing,2.4,IT Services & Consulting,"Promotions, Company Culture, Work Satisfaction"
WebMD,3.5,Healthcare,"Work Life Balance, Salary"
Ultimate Flexipack,3.9,Petrochemicals,"Job Security, Work Life Balance"
Aditya Birla Renewables,3.9,Power,"Job Security, Work Life Balance, Skill Development"
Korn Ferry,3.0,Management Consulting,"Promotions, Work Satisfaction, Skill Development"
V-Soft Consulting,3.0,IT Services & Consulting,"Company Culture, Job Security, Promotions"
42Gears Mobility Systems,3.7,Software Product,"Job Security, Skill Development"
yellow.ai,3.0,Software Product,"Job Security, Promotions, Skill Development"
Bhadra International,3.7,Logistics,"Work Life Balance, Work Satisfaction, Skill Development"
Flemingo Duty Free Shop,3.8,Retail,"Work Life Balance, Skill Development, Salary"
HealthAssure,3.2,Healthcare,"Job Security, Promotions, Company Culture"
Tops Security,3.8,Law Enforcement & Security,Salary
Byju's Future School,3.3,Bengaluru +25 other locations,"Job Security, Promotions, Company Culture"
Viney Corporation,3.9,Auto Components,"Work Life Balance, Work Satisfaction, Job Security"
YFC PROJECTS,3.5,Engineering & Construction,"Promotions, Salary, Work Satisfaction"
Shree Malani Foams,3.9,Hyderabad +14 other locations,"Salary, Work Life Balance, Work Satisfaction"
Alpha Net Consulting,4.5,IT Services & Consulting,"Salary, Company Culture, Work Life Balance"
Drums Food International,4.6,Food Processing,"Work Life Balance, Salary, Company Culture"
V-ensure Pharma Technologies,3.3,Pharma,"Work Life Balance, Company Culture, Promotions"
CEC International,3.9,Engineering & Construction,"Work Satisfaction, Skill Development, Work Life Balance"
Ford Motor Credit Company,4.0,Financial Services,"Job Security, Company Culture, Work Life Balance"
B.L Agro Oils,4.2,Food Processing,"Skill Development, Work Life Balance"
Mallcom,3.8,BPO,Work Life Balance
A. Menarini India,3.5,Pharma,"Promotions, Job Security, Work Satisfaction"
Indian Potash,3.5,Agro Chemicals,Job Security
Auriga Research,3.3,Analytics & KPO,"Company Culture, Promotions, Salary"
Sarita Handa Exports,3.4,Architecture & Interior Design,"Promotions, Work Satisfaction, Company Culture"
Quadgen Wireless Solutions,3.8,Telecom,"Promotions, Job Security"
Prothious Engineering Services,3.5,Design,Job Security
Vista Furnishing Limited,4.1,Furniture & Furnishing,"Work Life Balance, Company Culture, Work Satisfaction"
IVL Dhunseri Petrochem Industries,3.7,Chemicals,Job Security
yellow.ai,3.0,Software Product,"Job Security, Promotions, Skill Development"
Bhadra International,3.7,Logistics,"Work Life Balance, Work Satisfaction, Skill Development"
CEC International,3.9,Engineering & Construction,"Work Satisfaction, Skill Development, Work Life Balance"
Mallcom,3.8,BPO,Work Life Balance
Vikram Sarabhai Space Centre,4.4,Defence & Aerospace,"Work Life Balance, Skill Development, Company Culture"
Tag Worldwide,3.3,Marketing & Advertising,"Promotions, Job Security, Skill Development"
Strata Geosystems,3.7,Engineering & Construction,Skill Development
MTX Group,3.1,IT Services & Consulting,"Promotions, Job Security, Work Satisfaction"
YFC PROJECTS,3.5,Engineering & Construction,"Promotions, Salary, Work Satisfaction"
Viney Corporation,3.9,Auto Components,"Work Life Balance, Work Satisfaction, Job Security"
Rieco Industries,3.1,Industrial Machinery,"Job Security, Promotions, Company Culture"
Rus Education,4.3,Education & Training,"Company Culture, Work Life Balance, Work Satisfaction"
Adhunik Metaliks,3.2,Metals & Mining,"Promotions, Company Culture, Job Security"
Mitarsh Energy,4.3,Power,"Company Culture, Work Satisfaction, Job Security"
CriticaLog India Private Limited,4.1,Logistics,"Work Life Balance, Salary, Company Culture"
AlgoLeap Technologies,4.2,Emerging Technologies,"Work Life Balance, Company Culture, Skill Development"
CallHippo,4.0,Ahmedabad +2 other locations,"Company Culture, Work Life Balance, Work Satisfaction"
Auriga Research,3.3,Analytics & KPO,"Company Culture, Promotions, Salary"
IVL Dhunseri Petrochem Industries,3.7,Chemicals,Job Security
Hindustan Shipyard,4.2,Ports & Shipping,"Work Life Balance, Company Culture, Work Satisfaction"
Skillinabox,4.1,Noida +6 other locations,"Skill Development, Company Culture, Work Satisfaction"
Multi Mantech International,3.0,Engineering & Construction,"Promotions, Company Culture, Job Security"
HMT Machine Tools,3.8,Industrial Machinery,"Job Security, Skill Development, Work Satisfaction"
Footprints Play School,3.5,Education & Training,"Promotions, Work Satisfaction, Job Security"
Nesto Hypermarket,3.8,Kozhikode +21 other locations,Skill Development
Prothious Engineering Services,3.5,Design,Job Security
Vertex Homes,3.1,Real Estate,"Job Security, Promotions, Company Culture"
Vista Furnishing Limited,4.1,Furniture & Furnishing,"Work Life Balance, Company Culture, Work Satisfaction"
Sarita Handa Exports,3.4,Architecture & Interior Design,"Promotions, Work Satisfaction, Company Culture"
Quadgen Wireless Solutions,3.8,Telecom,"Promotions, Job Security"
Ntrust Infotech,3.5,IT Services & Consulting,Job Security
Pricol Engineering Industries,3.8,Auto Components,"Promotions, Job Security, Salary"
Adma Solutions,4.3,BPO,"Work Life Balance, Company Culture, Work Satisfaction"
DLF Brands,3.7,Retail,"Promotions, Work Satisfaction, Job Security"
KMC Constructions,4.3,Engineering & Construction,"Work Satisfaction, Work Life Balance, Job Security"
IFortis Worldwide,3.8,IT Services & Consulting,Work Life Balance
Sunil Hitech Engineers,4.5,Engineering & Construction,"Work Life Balance, Promotions, Skill Development"
KLES Dr. Prabhakar Kore Hospital & M.R.C,3.5,Healthcare,Skill Development
Drake & Scull International PJSC,4.5,Engineering & Construction,"Company Culture, Work Life Balance, Work Satisfaction"
Sri Ramachandra University,4.3,Education & Training,"Job Security, Company Culture, Skill Development"
FirstCall HR,4.5,Recruitment,"Company Culture, Work Life Balance, Work Satisfaction"
Pramati Technologies,4.4,IT Services & Consulting,"Job Security, Company Culture, Work Life Balance"
Nichino,,Hyderabad +38 other locations,"Promotions, Skill Development, Company Culture"
Areteans,3.5,IT Services & Consulting,Skill Development
Livesalesman,4.7,BPO,"Company Culture, Work Satisfaction, Promotions"
Tcg Digital Solutions,3.3,IT Services & Consulting,"Promotions, Company Culture, Work Satisfaction"
Omega Elevators,3.8,Industrial Machinery,Skill Development
Amps Electrical Facility Services,3.1,Facility Management Services,"Promotions, Work Satisfaction, Job Security"
TYPSA,3.4,Engineering & Construction,"Promotions, Company Culture, Skill Development"
R.K. Group,3.3,Real Estate,"Company Culture, Promotions, Job Security"
Mas Rural Housing Mortgage Finance,4.2,Financial Services,"Company Culture, Work Life Balance, Work Satisfaction"
Winkies,4.0,Hospitality,"Skill Development, Work Life Balance, Company Culture"
Core Diagnostics,3.8,Healthcare,"Company Culture, Skill Development"
Areteans,3.5,IT Services & Consulting,Skill Development
KMC Constructions,4.3,Engineering & Construction,"Work Satisfaction, Work Life Balance, Job Security"
Sunil Hitech Engineers,4.5,Engineering & Construction,"Work Life Balance, Promotions, Skill Development"
FirstCall HR,4.5,Recruitment,"Company Culture, Work Life Balance, Work Satisfaction"
Winkies,4.0,Hospitality,"Skill Development, Work Life Balance, Company Culture"
R.K. Group,3.3,Real Estate,"Company Culture, Promotions, Job Security"
Mas Rural Housing Mortgage Finance,4.2,Financial Services,"Company Culture, Work Life Balance, Work Satisfaction"
Maple Digital Technology,3.5,Retail,Salary
HireRight,3.3,Analytics & KPO,Salary
Core Diagnostics,3.8,Healthcare,"Company Culture, Skill Development"
Medanta S.N. Superspecialty Hospital,3.9,Healthcare,"Job Security, Skill Development, Company Culture"
INDIAN DESIGNS,4.0,Fashion & Textile,Work Life Balance
VaaaN Infra,3.2,Urban Transport,"Promotions, Salary, Company Culture"
SurePrep,3.8,Software Product,"Work Life Balance, Company Culture"
FBSPL- Fusion Business Solution P Limited,3.6,BPO,"Promotions, Salary, Work Satisfaction"
ClinicAnywhere,3.2,Bengaluru +8 other locations,Salary
Lahori Zeera,3.9,Beverage,"Salary, Work Life Balance"
India Retails & Hospitality,4.4,Retail,"Company Culture, Skill Development, Salary"
The George Telegraph Training Institute,3.1,Education & Training,"Promotions, Salary, Work Satisfaction"
Fulcrum Worldwide Software,4.3,IT Services & Consulting,"Company Culture, Work Life Balance, Work Satisfaction"
Weir Minerals,4.2,Metals & Mining,"Company Culture, Job Security, Work Life Balance"
Oman Shapoorji Llc,3.7,Engineering & Construction,"Promotions, Salary, Job Security"
Saifee Hospital,3.3,Healthcare,"Promotions, Job Security, Company Culture"
Fulcrum Worldwide Software,4.3,IT Services & Consulting,"Company Culture, Work Life Balance, Work Satisfaction"
Sureworks Infotech Pvt. Ltd.,4.3,IT Services & Consulting,"Work Life Balance, Company Culture, Work Satisfaction"
Forbes Facility Services,4.2,Facility Management Services,"Company Culture, Work Life Balance, Work Satisfaction"
KION India,3.2,Industrial Machinery,"Promotions, Work Satisfaction, Skill Development"
ShipGlobal.in,4.0,Logistics,"Company Culture, Work Life Balance, Salary"
Boyen Haddin,3.4,Recruitment,"Promotions, Work Satisfaction, Job Security"
Ethos,3.0,Metals & Mining,"Promotions, Company Culture, Work Life Balance"
Spectra Technovision India,3.2,Electronics Manufacturing,"Promotions, Work Satisfaction, Job Security"
Abu Dhabi Commercial Bank,3.3,Banking,"Promotions, Work Satisfaction, Job Security"
Nayati Hospital,3.4,Healthcare,"Job Security, Salary, Promotions"
Girl Power Talk,4.6,Internet,"Skill Development, Company Culture, Job Security"
THERMAL SYSTEMS,3.6,Industrial Machinery,Job Security
Chemie Tech,3.3,Oil & Gas,"Job Security, Promotions, Salary"
Shiksha.com,3.2,Internet,"Promotions, Work Satisfaction, Skill Development"
Valdel Engineers & Constructors,3.0,Oil & Gas,"Salary, Promotions, Work Satisfaction"
Nesma Trading,4.2,Engineering & Construction,"Work Life Balance, Job Security, Company Culture"
Global FPO,3.3,Accounting & Auditing,"Company Culture, Work Satisfaction, Promotions"
Choice International,3.3,Mumbai +43 other locations,"Promotions, Job Security, Company Culture"
Global FPO,3.3,Accounting & Auditing,"Company Culture, Work Satisfaction, Promotions"
Jayabheri Automotives,3.8,Engineering & Construction,"Company Culture, Work Life Balance"
P2G Mobilty Tech,4.3,Kolkata +22 other locations,"Skill Development, Work Satisfaction, Company Culture"
Star Estate,3.9,Real Estate,"Salary, Work Life Balance, Company Culture"
Gmr Aero Technic,4.3,Aviation,"Job Security, Skill Development, Work Life Balance"
Lectrix Ev,3.7,Gurugram +16 other locations,"Job Security, Promotions, Work Satisfaction"
Scott Edil Pharmacia,3.6,Pharma,"Promotions, Company Culture, Job Security"
SHREE GANESH CORPORATION,4.1,Engineering & Construction,"Salary, Company Culture, Work Life Balance"
Nayati Hospital,3.4,Healthcare,"Job Security, Salary, Promotions"
Girl Power Talk,4.6,Internet,"Skill Development, Company Culture, Job Security"
THERMAL SYSTEMS,3.6,Industrial Machinery,Job Security
G7 CR Technologies,2.8,IT Services & Consulting,"Work Life Balance, Salary, Company Culture"
Krishna Penstone Automotive,4.0,Gurugram +10 other locations,"Job Security, Work Life Balance, Salary"
Seoyon E-HWA Summit,3.3,Auto Components,"Promotions, Company Culture, Work Satisfaction"
Aravind Eye Hospital,4.2,Healthcare,"Job Security, Work Satisfaction, Skill Development"
HPI Limited,3.7,Internet,Work Life Balance
Statcon Electronic,4.3,Industrial Machinery,"Work Life Balance, Work Satisfaction, Job Security"
West Bengal Power Development Corporation,3.6,Power,Job Security
Signals & Systems (India) Private Limited,3.7,Electronics Manufacturing,"Job Security, Skill Development"
PlasmaGen Biosciences,3.5,Pharma,"Company Culture, Skill Development, Work Satisfaction"
Titan Biotech,3.5,Biotechnology,"Company Culture, Work Life Balance, Promotions"
Keya Foods International Private Limited,4.1,Hospitality,"Company Culture, Work Life Balance, Job Security"
H-one India,4.0,Auto Components,"Company Culture, Work Life Balance, Work Satisfaction"
API Holdings,3.5,Fitness & Wellness,"Job Security, Promotions, Work Satisfaction"
SPARX IT Solutions,3.3,IT Services & Consulting,"Job Security, Promotions, Salary"
Prefr,3.8,FinTech,"Promotions, Job Security, Skill Development"
SOGEFI,3.5,Auto Components,"Promotions, Company Culture, Job Security"
Adamas University,2.8,Education & Training,"Promotions, Job Security, Company Culture"
Bangalore Electricity Supply Company,3.8,Bengaluru +11 other locations,Work Life Balance
YCH Logistics,3.9,Logistics,"Promotions, Salary, Company Culture"
94.3 MY FM,3.7,Broadcasting,"Promotions, Work Satisfaction"
ATPI,3.9,Travel & Tourism,"Work Life Balance, Job Security"
Anand Engineering Products,3.1,Engineering & Construction,"Promotions, Job Security, Work Life Balance"
Sovereign Pharma,3.8,Pharma,"Company Culture, Work Life Balance"
Internship Studio,3.9,Pune +31 other locations,"Work Life Balance, Skill Development"
Mahathi Infra Services,3.8,Oil & Gas,Salary
Rockwell Industries,3.6,Electronics Manufacturing,"Promotions, Company Culture, Job Security"
IIDE - The Digital School,4.0,EdTech,"Skill Development, Company Culture, Work Satisfaction"
Accurate Background,3.5,Recruitment,"Promotions, Job Security, Skill Development"
Sovereign Pharma,3.8,Pharma,"Company Culture, Work Life Balance"
Rockwell Industries,3.6,Electronics Manufacturing,"Promotions, Company Culture, Job Security"
Mahathi Infra Services,3.8,Oil & Gas,Salary
iQGateway,4.4,IT Services & Consulting,"Work Life Balance, Company Culture, Work Satisfaction"
Technofab Engineering,4.3,Oil & Gas,"Work Satisfaction, Skill Development, Company Culture"
Mochiko Shoes,3.7,Fashion & Textile,Job Security
Astro Arun Pandit,3.4,Noida +4 other locations,"Job Security, Promotions, Work Life Balance"
Lloyd Electric & Engineering,3.3,Industrial Machinery,"Company Culture, Promotions, Work Satisfaction"
Pride Purple Group,3.9,Real Estate,Salary
Century Real Estate,3.5,Real Estate,Salary
Reynold India,4.5,Industrial Machinery,"Work Satisfaction, Salary, Company Culture"
Sterling Accuris Wellness,4.2,Healthcare,"Job Security, Work Life Balance, Company Culture"
Gemini Consulting & Services,3.3,IT Services & Consulting,"Promotions, Skill Development, Work Satisfaction"
IIT Kanpur,4.0,Education & Training,"Work Life Balance, Work Satisfaction, Company Culture"
Napier Healthcare Solutions,2.6,IT Services & Consulting,"Promotions, Salary, Job Security"
EZ Works,3.9,IT Services & Consulting,"Company Culture, Work Life Balance, Skill Development"
Antal International,3.8,Recruitment,"Work Life Balance, Skill Development"
WsCube Tech,4.9,IT Services & Consulting,"Job Security, Skill Development, Company Culture"
Vikram Tea,4.3,FMCG,"Work Life Balance, Company Culture, Skill Development"
Svarn Infratel,3.6,Hardware & Networking,"Job Security, Company Culture, Promotions"
Fixderma,3.7,Beauty & Personal Care,Work Life Balance
Mizuho Bank,3.0,Banking,"Work Satisfaction, Promotions, Skill Development"
AGI Greenpac,3.8,Packaging,"Job Security, Salary"
Nectar Infotel Solutions,3.0,IT Services & Consulting,"Job Security, Promotions, Company Culture"
Telegence Powercomm,3.5,Engineering & Construction,"Company Culture, Job Security, Promotions"
Xihi Technology,3.6,Electronics Manufacturing,"Job Security, Company Culture, Work Satisfaction"
Comnet Solutions,3.6,Telecom,"Promotions, Salary, Company Culture"
New Swan Enterprises,3.6,Industrial Machinery,"Promotions, Salary"
Nice Software Solutions,3.3,IT Services & Consulting,"Job Security, Promotions, Company Culture"
EDUGORILLA COMMUNITY,3.3,Education & Training,"Promotions, Salary, Work Satisfaction"
Aries Agro,4.0,Agro Chemicals,"Work Life Balance, Job Security, Skill Development"
Rashi Peripherals,3.7,IT Services & Consulting,"Promotions, Skill Development, Salary"
Grid Dynamics,3.1,IT Services & Consulting,"Job Security, Promotions, Company Culture"
Manav Rachna International School,3.5,Education & Training,"Promotions, Company Culture, Work Satisfaction"
GadgEon,4.0,IT Services & Consulting,"Work Life Balance, Job Security, Company Culture"
Emonics,3.6,IT Services & Consulting,"Job Security, Work Satisfaction, Promotions"
Alliance Group,3.7,Real Estate,"Company Culture, Work Satisfaction, Promotions"
Testhouse,4.0,IT Services & Consulting,"Work Life Balance, Company Culture, Skill Development"
Piramal Group,4.0,Financial Services,"Company Culture, Work Life Balance, Work Satisfaction"
Idea Infinity IT Solutions,2.9,IT Services & Consulting,"Work Life Balance, Promotions, Company Culture"
GadgEon,4.0,IT Services & Consulting,"Work Life Balance, Job Security, Company Culture"
MGM Healthcare,3.9,Healthcare,"Work Life Balance, Skill Development"
Altos Global Services,3.6,BPO,"Promotions, Skill Development"
Grid Dynamics,3.1,IT Services & Consulting,"Job Security, Promotions, Company Culture"
Manav Rachna International School,3.5,Education & Training,"Promotions, Company Culture, Work Satisfaction"
Rashi Peripherals,3.7,IT Services & Consulting,"Promotions, Skill Development, Salary"
Hicool Electronic Industries,3.8,Electrical Equipment,"Work Life Balance, Skill Development, Company Culture"
Nxtgen Datacenter Cloud Technologies,3.2,IT Services & Consulting,"Job Security, Promotions, Company Culture"
M G Contractors,4.6,Engineering & Construction,"Work Satisfaction, Salary, Company Culture"
Food Service India,4.0,Food Processing,"Salary, Company Culture, Work Life Balance"
LIC Mutual Fund,3.5,Financial Services,Work Life Balance
AstraGen,3.5,EdTech,"Promotions, Job Security, Company Culture"
Kalyaniwalla & Mistry,3.4,Accounting & Auditing,"Promotions, Salary, Company Culture"
Datwyler Group,4.0,Pharma,"Work Life Balance, Company Culture, Work Satisfaction"
Ashok Iron Group,3.7,Iron & Steel,"Promotions, Work Satisfaction, Company Culture"
builder.ai,2.8,Software Product,"Job Security, Promotions, Skill Development"
Piramal Group,4.0,Financial Services,"Company Culture, Work Life Balance, Work Satisfaction"
Testhouse,4.0,IT Services & Consulting,"Work Life Balance, Company Culture, Skill Development"
Idea Infinity IT Solutions,2.9,IT Services & Consulting,"Work Life Balance, Promotions, Company Culture"
Ramdev Food Products,4.5,Food Processing,"Work Life Balance, Salary, Company Culture"
Valtech India Systems,3.7,IT Services & Consulting,Work Life Balance
cloudEQ,3.6,IT Services & Consulting,Work Life Balance
Narayana Superspeciality Hospital,4.0,Healthcare,"Skill Development, Company Culture, Job Security"
SMC Finance (Moneywise Financial Services Pvt. Ltd.),3.0,Financial Services,"Promotions, Work Satisfaction, Skill Development"
Housr,4.3,Hospitality,"Salary, Work Life Balance, Skill Development"
Cooper-Standard Automotive,4.2,Auto Components,"Skill Development, Work Life Balance, Company Culture"
Winman Software,4.1,Software Product,"Job Security, Company Culture, Work Life Balance"
BASIX Academy for Building Lifelong Employability,3.9,Education & Training,Work Life Balance
Andhra Pradesh Grama/Ward Sachivalayam,4.1,Government,"Work Life Balance, Job Security, Skill Development"
Remsons Industries,3.9,Auto Components,"Company Culture, Work Life Balance, Work Satisfaction"
HP ADHESIVES,3.9,Chemicals,"Work Life Balance, Salary"
Dr. Rela Institute & Medical Centre,4.3,Healthcare,"Skill Development, Company Culture, Work Satisfaction"
Jolly Containers,3.5,Petrochemicals,"Company Culture, Work Satisfaction, Promotions"
Minimalist,3.6,Internet,Work Life Balance
New India Co-Op Bank,3.1,Banking,"Promotions, Job Security, Salary"
SDNA Global,3.9,Recruitment,"Work Life Balance, Company Culture, Work Satisfaction"
Shivalik Prints,3.8,Fashion & Textile,"Work Life Balance, Work Satisfaction, Company Culture"
Csc Computer Education,4.5,Education & Training,"Skill Development, Company Culture, Work Satisfaction"
XSEED Education,2.5,EdTech,"Job Security, Promotions, Work Satisfaction"
Pravin Electricals,3.9,Electrical Equipment,"Work Satisfaction, Skill Development, Work Life Balance"
GEEBEE Education,3.4,Education & Training,"Job Security, Promotions, Work Satisfaction"
Glocal Healthcare Systems,3.1,Healthcare,"Promotions, Job Security, Work Satisfaction"
Glen Appliances,4.1,Consumer Electronics & Appliances,"Job Security, Salary, Company Culture"
Indian School Finance Company,4.6,NBFC,"Company Culture, Work Life Balance, Work Satisfaction"
J. M. Mhatre Infra,3.9,Engineering & Construction,"Work Life Balance, Work Satisfaction, Job Security"
Bansal Classes,3.3,Education & Training,"Job Security, Promotions, Company Culture"
AcuittyTech,2.4,IT Services & Consulting,"Job Security, Promotions, Company Culture"
Gigmo Solutions,3.2,IT Services & Consulting,"Company Culture, Job Security, Promotions"
Sarda Metals & Alloys,4.1,Metals & Mining,"Job Security, Work Life Balance, Company Culture"
Shahnaz Husain Group Of Companies,3.3,Beauty & Personal Care,"Promotions, Skill Development, Company Culture"
ClinChoice,3.8,Clinical Research,"Work Life Balance, Company Culture"
Academor,2.6,Education & Training,"Work Satisfaction, Salary, Job Security"
John Distilleries,3.7,Beverage,"Promotions, Company Culture, Salary"
Just Dogs,3.6,Internet,"Company Culture, Job Security, Promotions"
Prabha Industries,4.2,Chemicals,"Work Satisfaction, Skill Development, Job Security"
NirogStreet,3.1,Internet,"Job Security, Company Culture, Work Satisfaction"
Foxlink India Electric,3.7,Electronics Manufacturing,Skill Development
MOVIN,3.7,Gurugram +13 other locations,"Salary, Work Life Balance"
Protiviti Consulting,2.8,Management Consulting,"Promotions, Work Satisfaction, Company Culture"
Eximietas Design,4.0,Emerging Technologies,"Company Culture, Work Life Balance, Work Satisfaction"
NirogStreet,3.1,Internet,"Job Security, Company Culture, Work Satisfaction"
John Distilleries,3.7,Beverage,"Promotions, Company Culture, Salary"
Just Dogs,3.6,Internet,"Company Culture, Job Security, Promotions"
RELX Group,3.7,Analytics & KPO,Work Life Balance
MK TRON Autoparts,3.6,Auto Components,"Promotions, Company Culture, Job Security"
Transformers & Rectifiers (India),4.1,Electrical Equipment,"Work Life Balance, Job Security, Salary"
Oman National Engineering & Investment Company,4.1,Engineering & Construction,"Job Security, Company Culture, Work Life Balance"
Panda Retail Company,4.2,Retail,"Work Life Balance, Skill Development, Salary"
Accordion (India),2.6,Management Consulting,"Work Life Balance, Work Satisfaction, Company Culture"
BeBran Digital,4.5,New Delhi +2 other locations,"Company Culture, Skill Development, Work Life Balance"
Infinity Fincorp Solutions,4.2,Mumbai +57 other locations,"Work Life Balance, Company Culture, Work Satisfaction"
Idfy,3.3,Software Product,"Work Satisfaction, Promotions, Work Life Balance"
Cherise India,3.7,Beverage,"Promotions, Job Security"
Chemco Plastic Industries Private Limited,4.6,Petrochemicals,"Work Life Balance, Company Culture, Work Satisfaction"
Paharpur 3P,4.2,Packaging,"Job Security, Company Culture, Work Life Balance"
Lee & Nee Softwares Exports,3.7,Software Product,Promotions
EasyRewardz Software Services,2.9,IT Services & Consulting,"Job Security, Promotions, Company Culture"
Total Shipping & Logistics,2.8,Logistics,"Company Culture, Work Life Balance, Work Satisfaction"
Idom,4.0,Engineering & Construction,"Work Life Balance, Job Security, Company Culture"
Solulab inc,2.8,IT Services & Consulting,"Job Security, Promotions, Salary"
Synergy Systems & Solutions,3.8,Industrial Automation,"Promotions, Salary"
Sanathan Textiles,4.1,Fashion & Textile,"Job Security, Work Life Balance, Company Culture"
Apex Kidney Care,3.6,Healthcare,"Promotions, Company Culture, Work Life Balance"
Nation with NaMo,2.4,Non-Profit,"Job Security, Work Life Balance, Company Culture"
ChicMic,3.9,Gaming,"Skill Development, Company Culture, Work Satisfaction"
Weavetex Overseas,3.9,Fashion & Textile,"Work Life Balance, Skill Development"
QUTONE CERAMIC,3.6,Building Material,"Promotions, Company Culture, Work Satisfaction"
Marino Food Products,4.1,Food Processing,"Work Life Balance, Work Satisfaction"
HBL Engineering,3.9,Hyderabad +22 other locations,Work Life Balance
Tokai Rika Minda,3.7,Semiconductors,Skill Development
Phoenix Marketcity,3.8,Retail,Job Security
Consolidated Analytics,3.9,Software Product,
Shri Ram Murti Smarak Institute of Medical Sciences,3.5,Education & Training,"Promotions, Work Satisfaction, Job Security"
ERGO Technology & Services,3.3,IT Services & Consulting,Job Security
Express KCS,3.6,Marketing & Advertising,"Promotions, Skill Development, Salary"
Ind Synergy,3.9,Engineering & Construction,"Work Life Balance, Work Satisfaction, Job Security"
Njs Engineers India,4.0,Waste Management,"Work Life Balance, Job Security"
Vishakha Glass,3.9,Mundra +11 other locations,"Job Security, Salary"
Times Network,3.2,Broadcasting,"Promotions, Skill Development, Company Culture"
Civet Projects,4.2,Engineering & Construction,"Company Culture, Work Life Balance, Work Satisfaction"
Marino Food Products,4.1,Food Processing,"Work Life Balance, Work Satisfaction"
FIL Industries,3.2,Chemicals,"Promotions, Salary, Company Culture"
CDYMAX,3.5,Pharma,"Promotions, Company Culture, Skill Development"
Monotech Systems,3.5,Printing & Publishing,"Promotions, Company Culture, Work Satisfaction"
FinAGG Technologies,3.4,FinTech,"Company Culture, Work Life Balance, Work Satisfaction"
Voltech Hr Services,3.4,Recruitment,"Promotions, Job Security, Salary"
Orion Security Solutions,2.7,Law Enforcement & Security,"Promotions, Company Culture, Work Satisfaction"
Kruger Ventilation Industries,3.6,Industrial Machinery,Job Security
Enkei Wheels India,3.6,Auto Components,Salary
Thinkapps Solutions,3.6,Recruitment,"Promotions, Job Security, Salary"
Rollico,4.2,Hospitality,"Skill Development, Salary, Company Culture"
Earlyjobs,4.7,Recruitment,"Skill Development, Company Culture, Work Life Balance"
Modern Foods,3.7,Food Processing,Promotions
Indus Cosmeceuticals,4.2,Beauty & Personal Care,"Company Culture, Work Life Balance, Work Satisfaction"
Shipsy,4.0,Software Product,"Work Life Balance, Skill Development, Salary"
Tokai Rika Minda,3.7,Semiconductors,Skill Development
Phoenix Marketcity,3.8,Retail,Job Security
Fiverr Inc.,4.3,Internet,"Skill Development, Work Life Balance, Work Satisfaction"
Novopay Solutions,2.8,Software Product,"Promotions, Company Culture, Work Satisfaction"
Small Industries Development Bank of India,3.8,NBFC,Work Life Balance
Hitachi Solutions,3.7,IT Services & Consulting,Work Life Balance
Aditya Birla SunLife Asset Management Company,3.8,Financial Services,"Work Life Balance, Job Security"
SMC Finance (Moneywise Financial Services Pvt. Ltd.),3.0,Financial Services,"Promotions, Skill Development, Company Culture"
Consolidated Analytics,3.9,Software Product,
Shri Ram Murti Smarak Institute of Medical Sciences,3.5,Education & Training,"Promotions, Work Satisfaction, Job Security"
Labvantage Solutions,3.6,Software Product,"Work Life Balance, Company Culture"
DigiLantern,3.3,IT Services & Consulting,"Company Culture, Work Life Balance, Work Satisfaction"
Moolya Software Testing,3.3,IT Services & Consulting,"Promotions, Salary, Job Security"
Express KCS,3.6,Marketing & Advertising,"Promotions, Skill Development, Salary"
ERGO Technology & Services,3.3,IT Services & Consulting,Job Security
Aqua Tech Systems,4.2,Power,"Work Life Balance, Work Satisfaction, Job Security"
Tafe Access,3.7,Automobile,"Work Life Balance, Skill Development, Work Satisfaction"
APEEJAY EDUCATION SOCIETY,3.0,Education & Training,"Job Security, Promotions, Company Culture"
Prose Technologies,3.6,Pune +33 other locations,"Promotions, Salary, Company Culture"
Global Consumer Products,4.3,FMCG,"Skill Development, Work Life Balance, Work Satisfaction"
Affiliated Computer Services,4.1,IT Services & Consulting,"Company Culture, Job Security, Work Life Balance"
Securonix,2.9,Internet,"Job Security, Work Satisfaction, Skill Development"
Overnite Express,3.9,Logistics,"Job Security, Company Culture, Work Life Balance"
Speciality Restaurants,3.9,Hospitality,"Job Security, Salary, Work Life Balance"
Hemani Industries,3.6,Agro Chemicals,"Promotions, Company Culture, Skill Development"
JS Auto Cast Foundry,3.7,Coimbatore +4 other locations,"Promotions, Work Satisfaction, Salary"
Hemani Industries,3.6,Agro Chemicals,"Promotions, Company Culture, Skill Development"
GLOBALFOUNDRIES,3.2,Semiconductors,"Promotions, Job Security, Skill Development"
HealthSpring,2.7,Fitness & Wellness,"Promotions, Job Security, Salary"
Sathya Agencies,4.1,Consumer Electronics & Appliances,"Company Culture, Job Security, Skill Development"
Lakshya Powertech Limited,4.0,Ahmedabad +16 other locations,"Work Life Balance, Work Satisfaction, Job Security"
KWALITY DAIRY (INDIA),3.8,FMCG,Salary
Aryan International,3.1,Mumbai +32 other locations,"Promotions, Company Culture, Work Satisfaction"
Insurance Company,4.1,New Delhi +54 other locations,"Company Culture, Work Life Balance, Job Security"
Benteler Automotive,4.2,Electronics Manufacturing,"Work Life Balance, Work Satisfaction, Company Culture"
AIT Global,3.3,IT Services & Consulting,"Skill Development, Company Culture, Work Satisfaction"
Infotech,4.3,IT Services & Consulting,"Company Culture, Skill Development, Work Life Balance"
Anik Milk Products,3.5,FMCG,"Promotions, Job Security, Company Culture"
UTI Mutual Fund,3.9,Financial Services,"Work Life Balance, Company Culture"
CASHe,3.2,Financial Services,"Job Security, Promotions, Work Satisfaction"
Affiliated Computer Services,4.1,IT Services & Consulting,"Company Culture, Job Security, Work Life Balance"
Fabtech Technologies International,3.7,Engineering & Construction,"Promotions, Job Security"
Securonix,2.9,Internet,"Job Security, Work Satisfaction, Skill Development"
Khandelwal Laboratories,4.1,Pharma,"Company Culture, Work Life Balance, Work Satisfaction"
Mindrill Systems Solutions,3.4,Industrial Machinery,"Promotions, Salary, Company Culture"
Supreme Petrochem,3.7,Chemicals,Job Security
Aryan International,3.1,Mumbai +32 other locations,"Promotions, Company Culture, Work Satisfaction"
GLOBALFOUNDRIES,3.2,Semiconductors,"Promotions, Job Security, Skill Development"
Vensar Constructions,4.0,Engineering & Construction,"Company Culture, Job Security, Work Life Balance"
Dr. D.Y.Patil Hospital & Research Centre,3.9,Healthcare,"Company Culture, Work Life Balance"
eNTrust Software & Services,3.5,Software Product,Job Security
Shilpa Steel and Power,3.2,Iron & Steel,"Job Security, Promotions, Company Culture"
Refex Industries,3.7,NBFC,"Promotions, Job Security, Skill Development"
Facile Services,2.8,IT Services & Consulting,"Job Security, Promotions, Work Life Balance"
Ata Freight Line,3.1,Logistics,"Promotions, Job Security, Salary"
Lineomatic Industries Pvt. Ltd.,3.4,Pulp & Paper,"Promotions, Company Culture, Work Life Balance"
Cascade Revenue Management,3.2,IT Services & Consulting,"Promotions, Job Security, Company Culture"
Supriya Lifescience,3.8,Pharma,Job Security
Defsys Solutions,3.8,Defence & Aerospace,"Work Life Balance, Salary"
SAG Infotech,3.2,IT Services & Consulting,"Company Culture, Work Satisfaction, Promotions"
AIT Global,3.3,IT Services & Consulting,"Skill Development, Company Culture, Work Satisfaction"
The West Coast Paper Mills,3.7,Pulp & Paper,"Job Security, Work Life Balance"
Benteler Automotive,4.2,Electronics Manufacturing,"Work Life Balance, Work Satisfaction, Company Culture"
Insurance Company,4.1,New Delhi +54 other locations,"Company Culture, Work Life Balance, Job Security"
Even Healthcare,2.9,Healthcare,"Job Security, Promotions, Company Culture"
Lineomatic Industries Pvt. Ltd.,3.4,Pulp & Paper,"Promotions, Company Culture, Work Life Balance"
Dr. D.Y.Patil Hospital & Research Centre,3.9,Healthcare,"Company Culture, Work Life Balance"
Refex Industries,3.7,NBFC,"Promotions, Job Security, Skill Development"
Facile Services,2.8,IT Services & Consulting,"Job Security, Promotions, Work Life Balance"
Sunshine Hospitals,4.2,Healthcare,"Work Life Balance, Skill Development, Company Culture"
Ptc Industries,3.7,Iron & Steel,Job Security
Even Healthcare,2.9,Healthcare,"Job Security, Promotions, Company Culture"
WonderBotz,3.8,IT Services & Consulting,"Salary, Skill Development, Work Satisfaction"
Jss Pro Services,3.9,Financial Services,Work Life Balance
Delhi Public School Ghaziabad Society,3.0,Education & Training,"Company Culture, Job Security, Promotions"
Growel Softech,3.6,Recruitment,"Promotions, Job Security, Salary"
SAGE Automation,4.0,Industrial Automation,"Company Culture, Salary, Work Life Balance"
PressureJet Systems Pvt. Ltd.,3.9,Industrial Machinery,"Skill Development, Work Satisfaction, Work Life Balance"
MAJID AL FUTTAIM RETAIL,3.1,Retail,"Promotions, Job Security, Company Culture"
DMI DRAEXLMAIER MANUFACTURING,3.7,Industrial Machinery,"Work Life Balance, Job Security"
Amec Foster Wheeler,3.9,Oil & Gas,"Work Life Balance, Job Security, Skill Development"
AIDA Cruises,3.7,Travel & Tourism,"Promotions, Salary, Work Satisfaction"
Orris Infrastructure,4.1,Real Estate,"Work Satisfaction, Salary, Company Culture"
Superon Schweisstechnik India,4.0,Electronics Manufacturing,"Salary, Work Life Balance"
Qbss,3.9,IT Services & Consulting,Work Life Balance
Pratiti Technologies,3.2,Software Product,"Promotions, Company Culture, Work Satisfaction"
Noble Hospital,3.9,Healthcare,"Skill Development, Work Life Balance, Company Culture"
Brand Factory,4.7,Retail,"Work Life Balance, Work Satisfaction, Job Security"
IMS Learning Resources,3.8,Education & Training,"Promotions, Job Security"
AXA,3.9,Insurance,"Work Life Balance, Company Culture, Job Security"
Yahoo,4.2,Internet,"Work Life Balance, Company Culture, Salary"
Advance Decorative Laminates Private Limited,4.0,Building Material,"Work Life Balance, Company Culture, Work Satisfaction"
Unique Infra Engineering India Private Limited,3.0,Engineering & Construction,"Promotions, Salary, Job Security"
Trell,3.2,Internet,"Job Security, Promotions, Work Satisfaction"
COMSTAR AUTOMOTIVE TECHNOLOGIES,3.8,Auto Components,Job Security
Sourcedesk,4.0,IT Services & Consulting,"Work Life Balance, Company Culture, Work Satisfaction"
MindSquare Technologies,4.2,IT Services & Consulting,"Work Life Balance, Company Culture, Work Satisfaction"
Maintec Technologies,3.7,IT Services & Consulting,"Promotions, Job Security, Skill Development"
Doosan Bobcat India,3.8,Industrial Machinery,"Promotions, Skill Development, Company Culture"
Urjanet Energy Solutions,3.9,IT Services & Consulting,"Company Culture, Work Life Balance"
Norwegian Cruise Line,4.1,Travel & Tourism,"Salary, Work Satisfaction"
Mac Chem Products,3.2,Pharma,"Job Security, Work Life Balance, Company Culture"
Shyplite,3.8,Logistics,"Work Life Balance, Company Culture, Work Satisfaction"
DigiVersal Consultants,3.1,Internet,"Promotions, Job Security, Salary"
GreenTree Immigration,4.6,IT Services & Consulting,"Work Satisfaction, Skill Development, Company Culture"
Intact Green Services,3.4,Urban Transport,"Promotions, Salary, Work Satisfaction"
Crimsoune Club,3.7,Fashion & Textile,Work Life Balance
Saudi Oger,4.5,Engineering & Construction,"Company Culture, Job Security, Work Satisfaction"
Axis Clinicals,3.8,Clinical Research,Job Security
Ashland,4.1,Chemicals,"Work Life Balance, Work Satisfaction, Company Culture"
Homeocare International,3.5,Healthcare,"Promotions, Company Culture, Job Security"
RAMADA PLAZA,4.0,Hospitality,Work Life Balance
Aurore Life Sciences,3.2,Pharma,"Company Culture, Promotions, Salary"
Farida Group,3.9,Leather,"Skill Development, Company Culture, Work Satisfaction"
Xoxoday,3.8,Software Product,"Promotions, Salary, Job Security"
R-pac,3.2,Packaging,"Promotions, Company Culture, Skill Development"
V.Ships,3.9,Ports & Shipping,"Work Life Balance, Job Security, Company Culture"
Pan Seeds,3.8,Agriculture,"Company Culture, Skill Development"
Srinivasa Farms,3.8,Food Processing,"Promotions, Salary"
Kiran Motors,3.6,Auto Components,"Promotions, Company Culture, Work Satisfaction"
Life Care Logistic,3.3,Pune +23 other locations,"Promotions, Company Culture, Job Security"
Viztar International,3.1,Education & Training,"Promotions, Job Security, Salary"
Perennial Systems,4.1,IT Services & Consulting,"Skill Development, Work Life Balance, Job Security"
GemPundit,4.1,Jewellery,"Company Culture, Work Satisfaction, Skill Development"
Kintetsu World Express,4.1,Logistics,"Work Life Balance, Job Security, Skill Development"
Garrett - Advancing Motion,3.1,Auto Components,"Promotions, Job Security, Work Satisfaction"
Sagacious IP,3.4,Gurugram +5 other locations,"Promotions, Skill Development, Work Satisfaction"
DH Healthcare Software Services India Private Limited (Dedalus),3.5,Software Product,"Work Life Balance, Job Security"
Full Creative,3.3,Software Product,"Promotions, Company Culture, Work Satisfaction"
PCS-Global,3.8,Education & Training,"Work Life Balance, Skill Development"
SBM Offshore,4.4,Oil & Gas,"Work Life Balance, Company Culture, Job Security"
Fairmont Hotels & Resorts,3.9,Hospitality,"Skill Development, Company Culture, Job Security"
SAL Automotive,3.6,Auto Components,Job Security
Serdia Pharmaceuticals,3.5,Pharma,Skill Development
Ascentrik Research Services,1.9,IT Services & Consulting,"Work Satisfaction, Promotions, Company Culture"
Amol Pharmaceuticals,3.9,Pharma,"Work Life Balance, Salary, Company Culture"
TableSpace Technologies,3.0,Real Estate,"Company Culture, Work Satisfaction, Work Life Balance"
Futuresoft Solutions,2.9,IT Services & Consulting,"Promotions, Salary, Company Culture"
Anjan Drug,3.4,Pharma,"Company Culture, Promotions, Work Life Balance"
Dunkin' Donuts,3.9,Hospitality,"Salary, Company Culture"
Maharashtra Natural GAS,3.1,Oil & Gas,"Promotions, Work Satisfaction, Skill Development"
PhableCare,2.8,Internet,"Job Security, Promotions, Company Culture"
Dhanlaxmi Bank,4.1,Banking,"Job Security, Work Life Balance, Company Culture"
Naresh Kumar & Co.,4.3,Urban Transport,"Work Life Balance, Company Culture, Work Satisfaction"
Tata Trusts,4.4,Non-Profit,"Company Culture, Work Life Balance, Work Satisfaction"
EB1A Experts,4.2,Hyderabad +1 other locations,"Work Life Balance, Salary, Work Satisfaction"
Gillette,4.3,FMCG,"Company Culture, Work Life Balance, Work Satisfaction"
Nethues Technologies,3.3,IT Services & Consulting,"Job Security, Promotions, Work Satisfaction"
IPAC,3.2,Retail,"Job Security, Promotions, Work Life Balance"
Shri Bhagwati Machines Pvt. Ltd.,3.6,Industrial Machinery,"Company Culture, Promotions, Job Security"
GlowTouch Technologies,2.9,BPO,"Promotions, Company Culture, Work Satisfaction"
Bristol Healthcare Services,3.1,BPO,"Company Culture, Promotions, Work Satisfaction"
Nucsoft,2.7,IT Services & Consulting,"Promotions, Salary, Company Culture"
HashCash Consultants,3.4,Software Product,"Promotions, Work Satisfaction, Work Life Balance"
Amrita Vidyalayam,3.3,Education & Training,"Promotions, Company Culture, Work Satisfaction"
SA Technologies,2.8,IT Services & Consulting,"Job Security, Promotions, Skill Development"
Dangote Industries,4.2,Building Material,"Work Life Balance, Work Satisfaction, Job Security"
Uttar Pradesh Jal Nigam,4.0,Government,"Work Life Balance, Work Satisfaction, Skill Development"
Digital Nirvana Information Systems,3.5,Software Product,"Promotions, Salary, Skill Development"
Dharmaj Crop Guard,4.0,Agro Chemicals,"Work Life Balance, Work Satisfaction, Job Security"
Mutual Industries,3.0,Petrochemicals,"Promotions, Company Culture, Job Security"
Sai Construction,3.4,Engineering & Construction,"Job Security, Promotions, Salary"
Pune Institute of Business Management,2.8,Education & Training,"Promotions, Work Life Balance, Company Culture"
Robinhood Insurance Broker Limited,3.0,Insurance,"Company Culture, Work Satisfaction, Promotions"
Auma,3.5,Industrial Automation,Job Security
Inspace Technologies,3.7,Software Product,Job Security
Multitex Filtration Engineers,3.7,Industrial Machinery,Job Security
Rural Electrification Corporation,3.7,Power,"Promotions, Job Security, Skill Development"
Bridgenext,3.5,IT Services & Consulting,"Promotions, Work Satisfaction, Job Security"
Choice Solutions (India),3.9,IT Services & Consulting,Work Life Balance
Xerago,3.0,Marketing & Advertising,"Promotions, Salary, Work Satisfaction"
Equinix,3.2,IT Services & Consulting,Salary
Birla Century,4.1,Fashion & Textile,"Company Culture, Work Satisfaction, Salary"
Growisto,4.2,Marketing & Advertising,"Company Culture, Skill Development, Work Satisfaction"
Koso India,4.0,Industrial Automation,"Job Security, Work Life Balance, Company Culture"
IKF Home Finance,3.5,Hyderabad +36 other locations,"Promotions, Company Culture, Work Life Balance"
Aqua Group,4.2,Industrial Machinery,"Work Life Balance, Work Satisfaction, Skill Development"
Mitel,3.8,Telecom,"Work Life Balance, Company Culture"
Nuvama Wealth Management,3.5,Financial Services,"Work Satisfaction, Promotions, Company Culture"
Novigo Integrated Services,3.7,Analytics & KPO,Job Security
Beroe Inc,4.1,Management Consulting,"Work Life Balance, Company Culture, Job Security"
HyTech Professionals,3.3,IT Services & Consulting,"Promotions, Job Security, Salary"
iB Arts,3.8,IT Services & Consulting,
Sanzyme,3.8,Biotechnology,Work Life Balance
Doehler,3.5,IT Services & Consulting,"Promotions, Skill Development, Company Culture"
D Light Energy,3.6,Waste Management,"Salary, Work Life Balance"
AVON TUBETECH,3.5,Iron & Steel,"Job Security, Promotions, Company Culture"
The AEC Associates,4.4,Engineering & Construction,"Company Culture, Work Life Balance, Work Satisfaction"
SOLITAIRE GROUP,3.7,Engineering & Construction,Salary
Modelyze Labs,4.8,IT Services & Consulting,"Company Culture, Work Life Balance, Work Satisfaction"
Argl,4.1,Gurugram +8 other locations,"Work Life Balance, Work Satisfaction, Skill Development"
Garuda Aerospace,3.4,Internet,"Company Culture, Work Life Balance, Job Security"
Ebix Smartclass Educational Services,3.8,EdTech,Work Life Balance
Felix Generics,3.7,Pharma,Job Security
I.T. Solutions India Private Limited,3.4,IT Services & Consulting,Skill Development
Sigma,3.6,Pharma,"Promotions, Salary"
Presidium School,3.4,Education & Training,"Promotions, Salary, Job Security"
A.K.AUTOMATICS,3.8,Auto Components,"Skill Development, Work Life Balance"
Central ParK,4.2,Real Estate,"Salary, Work Life Balance, Job Security"
Zieta Technologies,3.2,IT Services & Consulting,Skill Development
PSG Hospitals,3.9,Healthcare,"Job Security, Work Life Balance, Skill Development"
Intelegencia,3.3,IT Services & Consulting,"Promotions, Job Security, Skill Development"
Eaton Industrial Systems,4.2,Industrial Machinery,"Company Culture, Work Life Balance, Salary"
ToXSL Technologies,3.6,IT Services & Consulting,Salary
D2K Technologies India,2.6,IT Services & Consulting,"Promotions, Salary, Company Culture"
Fortune Business Insights,3.7,Analytics & KPO,"Promotions, Work Satisfaction, Skill Development"
Quatrro Mortgage Solutions,3.0,Financial Services,"Promotions, Work Satisfaction, Skill Development"
Institute of Chemical Technology,4.2,Mumbai +33 other locations,"Company Culture, Work Satisfaction, Skill Development"
Harley-Davidson,3.4,Automobile,"Promotions, Job Security, Salary"
Devgiri Forgings,3.4,Industrial Machinery,"Promotions, Salary, Company Culture"
Manpasand Beverages,4.0,Beverage,"Company Culture, Work Life Balance, Salary"
Chemspec Chemicals Pvt Ltd,3.7,Chemicals,"Job Security, Company Culture, Promotions"
SVP Hospital,3.8,Government,"Skill Development, Work Life Balance"
INVESMATE,3.7,Education & Training,"Company Culture, Work Life Balance, Skill Development"
College Of Education,4.3,Education & Training,"Work Satisfaction, Work Life Balance, Skill Development"
Fertilisers and Chemicals Travancore,4.1,Agro Chemicals,"Work Life Balance, Job Security, Company Culture"
Smart IMS,3.8,IT Services & Consulting,"Work Life Balance, Salary"
Babaji Shivram Clearing & Carriers,3.3,Logistics,"Work Life Balance, Job Security, Promotions"
CORNITOS,4.1,FMCG,"Salary, Job Security, Company Culture"
Vi-son Industries,3.4,Industrial Machinery,"Company Culture, Promotions, Job Security"
Kimia Biosciences Limited,3.5,Pharma,"Job Security, Promotions, Company Culture"
Kusalava International,3.7,Industrial Machinery,"Promotions, Salary, Company Culture"
C2L BIZ,3.1,Internet,"Salary, Promotions, Skill Development"
Honeywell Building Solutions,3.8,Engineering & Construction,Promotions
Accentuate IT Solutions,4.0,IT Services & Consulting,"Work Life Balance, Company Culture, Skill Development"
CORNITOS,4.1,FMCG,"Salary, Job Security, Company Culture"
Kimia Biosciences Limited,3.5,Pharma,"Job Security, Promotions, Company Culture"
Zieta Technologies,3.2,IT Services & Consulting,Skill Development
Government Of Tamilnadu,4.0,Government,"Work Life Balance, Job Security, Work Satisfaction"
D2K Technologies India,2.6,IT Services & Consulting,"Promotions, Salary, Company Culture"
ICSIL,3.3,Telecom,"Promotions, Company Culture, Job Security"
EPACK Prefab,3.7,Greater Noida +26 other locations,"Company Culture, Work Satisfaction, Job Security"
Kanan International,2.8,Internet,"Promotions, Company Culture, Job Security"
Novigo Solutions,3.9,IT Services & Consulting,"Company Culture, Work Life Balance, Skill Development"
Skilldzire Technologies,4.4,Hyderabad +18 other locations,"Company Culture, Work Life Balance, Skill Development"
Mangalam Drugs & Organics,3.6,Pharma,"Promotions, Salary"
Paramount Products,4.0,Import & Export,"Salary, Skill Development"
Bizmatics India,3.2,Software Product,"Promotions, Skill Development, Salary"
Lion Services,3.7,Facility Management Services,Promotions
ADM India,4.0,Food Processing,"Work Life Balance, Company Culture, Job Security"
Bansal Wire Industries,3.3,Iron & Steel,"Promotions, Work Life Balance, Work Satisfaction"
OVT India,3.4,Electrical Equipment,"Job Security, Promotions, Company Culture"
VRP Telematics,3.3,Retail,"Promotions, Work Satisfaction, Job Security"
Bigshare Services,2.6,Legal,"Promotions, Company Culture, Work Satisfaction"
Nestor Pharmaceuticals,2.8,Pharma,"Job Security, Promotions, Skill Development"
ADM India,4.0,Food Processing,"Work Life Balance, Company Culture, Job Security"
Paramount Products,4.0,Import & Export,"Salary, Skill Development"
Vertoz,3.4,Marketing & Advertising,"Promotions, Salary, Job Security"
Merck Specialities,4.1,Pharma,"Work Life Balance, Company Culture, Skill Development"
FR8,3.7,Internet,"Promotions, Work Satisfaction, Job Security"
Fragma Data Systems,3.9,IT Services & Consulting,Salary
Abacus Staffing & Services,3.2,Recruitment,"Job Security, Promotions, Skill Development"
Eptisa,3.5,Engineering & Construction,"Promotions, Salary, Company Culture"
Hitachi Automotive Systems,4.2,Auto Components,"Job Security, Company Culture"
SmartConnect Technologies,2.2,IT Services & Consulting,"Company Culture, Work Life Balance, Job Security"
Medgulf Construction Company,3.3,Engineering & Construction,"Promotions, Work Satisfaction, Company Culture"
Helm360,3.7,IT Services & Consulting,"Company Culture, Work Life Balance, Salary"
Krishna Enterprises,4.0,Industrial Machinery,Skill Development
Ruban Memorial Hospital,3.9,Healthcare,"Work Life Balance, Skill Development"
Appy Pie,3.6,IT Services & Consulting,Work Life Balance
Unified Infotech,4.2,IT Services & Consulting,"Work Life Balance, Salary, Work Satisfaction"
Adani Defence and Aerospace,3.9,Defence & Aerospace,"Work Life Balance, Job Security, Company Culture"
DAEWOO E&C,4.1,Engineering & Construction,"Work Life Balance, Skill Development, Salary"
Stemmons Business Services,4.2,BPO,"Company Culture, Work Life Balance, Job Security"
Fipola Retail,3.7,Food Processing,"Salary, Job Security"
Pyro Group,3.5,Telecom,"Promotions, Salary, Company Culture"
Sids Farm,3.3,Food Processing,"Promotions, Job Security, Work Life Balance"
Electronics for Imaging,3.9,Printing & Publishing,Work Life Balance
Annet Technologies,3.7,Software Product,Work Life Balance
SJS Enterprises,4.0,Auto Components,"Work Life Balance, Job Security"
AutomationEdge,2.8,IT Services & Consulting,"Job Security, Promotions, Salary"
Bansal Group,3.6,Education & Training,"Job Security, Promotions, Company Culture"
SIMA Labs,3.8,Waste Management,Promotions
NTN NEI Manufacturing,4.1,Automobile,"Work Life Balance, Company Culture, Job Security"
TSS Consultancy,3.2,IT Services & Consulting,"Promotions, Salary, Work Satisfaction"
Rentokil Initial,3.4,Agro Chemicals,"Promotions, Work Satisfaction, Company Culture"
Welcomhotel By ITC Hotels,4.0,Hospitality,"Work Life Balance, Job Security"
Jindal Water Infrastructure,3.7,Waste Management,Salary
Coupa Software Inc,3.4,Other,"Job Security, Promotions, Work Satisfaction"
Walkin Manpower Solution,4.4,New Delhi +6 other locations,"Company Culture, Work Life Balance, Skill Development"
Bar Code India,3.6,Industrial Automation,"Promotions, Work Satisfaction, Job Security"
Openview Technologies,3.6,IT Services & Consulting,"Promotions, Salary, Work Satisfaction"
Tata Motors Insurance Broking And Advisory Services,3.8,Insurance,Job Security
Pinnacle Life Science,3.8,Baddi +11 other locations,Promotions
NGL Fine Chem,3.7,Pharma,"Job Security, Work Life Balance"
CS Soft Solutions,3.5,IT Services & Consulting,"Promotions, Company Culture, Salary"
Ace Creative Learning,3.9,Design,"Work Life Balance, Skill Development, Salary"
Tranistics Data Technologies,3.3,Software Product,"Promotions, Salary, Skill Development"
Craft Silicon,3.6,IT Services & Consulting,Job Security
Enrich Agro Food Products,3.7,FMCG,"Promotions, Work Satisfaction, Company Culture"
Nucot,4.2,Recruitment,"Company Culture, Work Life Balance, Work Satisfaction"
ImagicaaWorld Entertainment Limited,3.6,Events,"Salary, Promotions, Job Security"
FabAlley,3.9,Retail,"Company Culture, Work Satisfaction, Skill Development"
PPS International,3.5,Industrial Machinery,"Skill Development, Job Security, Promotions"
Mytrah Energy,4.1,Power,"Company Culture, Job Security, Work Life Balance"
Gracenote,3.2,Media & Entertainment,Work Life Balance
Snovasys,4.3,IT Services & Consulting,"Skill Development, Salary, Work Satisfaction"
Apeejay Surrendra Group,3.6,Hospitality,"Work Satisfaction, Promotions, Skill Development"
Packt Publishing,3.3,Printing & Publishing,Work Life Balance
Woodkraft (India) Private Limited,3.5,Real Estate,"Promotions, Company Culture, Salary"
Almonds Ai,4.2,Software Product,"Job Security, Skill Development, Company Culture"
Stellapps Technologies,4.0,Software Product,Work Life Balance
31 Parallel,1.8,BPO,"Salary, Job Security, Promotions"
Integrated Cleanroom Technologies,3.9,Facility Management Services,"Job Security, Company Culture, Work Satisfaction"
FNF India,3.7,IT Services & Consulting,Job Security
91Squarefeet,3.3,Internet,"Job Security, Work Life Balance, Work Satisfaction"
Vkc Nuts,,Food Processing,"Company Culture, Promotions, Job Security"
FabAlley,3.9,Retail,"Company Culture, Work Satisfaction, Skill Development"
Packt Publishing,3.3,Printing & Publishing,Work Life Balance
Apeejay Surrendra Group,3.6,Hospitality,"Work Satisfaction, Promotions, Skill Development"
Cambridge Technology Enterprises,3.3,IT Services & Consulting,"Promotions, Job Security, Salary"
Integrated Cleanroom Technologies,3.9,Facility Management Services,"Job Security, Company Culture, Work Satisfaction"
Gracenote,3.2,Media & Entertainment,Work Life Balance
Urbanpro,3.6,EdTech,"Work Life Balance, Skill Development"
SATTRIX Information Security,2.8,IT Services & Consulting,"Work Life Balance, Company Culture, Promotions"
Woodkraft (India) Private Limited,3.5,Real Estate,"Promotions, Company Culture, Salary"
Cybertech Systems & Software,3.1,IT Services & Consulting,"Promotions, Company Culture, Work Satisfaction"
Conceptia Software Technologies,4.1,Defence & Aerospace,"Work Life Balance, Skill Development, Work Satisfaction"
Navi Finserv,3.4,Bengaluru +16 other locations,Salary
Vkl Seasoning,3.9,FMCG,Salary
Amplifon,4.1,Medical Equipment,"Work Life Balance, Salary, Work Satisfaction"
Yuto Printing and Packaging,3.1,Packaging,"Promotions, Company Culture, Work Life Balance"
KW Group,3.8,Non-Profit,"Salary, Job Security"
Vivekananda Hospital,3.9,Healthcare,"Work Life Balance, Skill Development"
VinFast,3.0,Automobile,"Job Security, Company Culture, Work Satisfaction"
EOX Vantage,3.0,Software Product,"Promotions, Salary, Work Satisfaction"
Wildnet Technologies,4.2,Marketing & Advertising,"Work Life Balance, Company Culture, Work Satisfaction"
RFCL,3.7,Agro Chemicals,"Job Security, Work Life Balance"
Indo-Tibetan Border Police,4.7,Government,"Job Security, Salary, Company Culture"
SAN Engineering & Locomotive,3.6,Industrial Machinery,"Job Security, Work Life Balance"
MeritTrac,3.7,EdTech,"Company Culture, Work Life Balance"
Cello,3.7,Retail,Job Security
Ediglobe,3.7,EdTech,Company Culture
M3bi,4.2,IT Services & Consulting,"Company Culture, Work Life Balance, Salary"
Dachser,3.8,Logistics,Work Life Balance
Press Fit Pipe And Profile,4.1,Building Material,"Company Culture, Work Satisfaction, Work Life Balance"
Tema India,4.1,Oil & Gas,"Company Culture, Work Life Balance, Work Satisfaction"
S K Samanta & Co,3.5,Engineering & Construction,Job Security
Oorja Technical Services,3.9,Electrical Equipment,"Company Culture, Skill Development, Work Life Balance"
Cxc Infotech,3.1,Financial Services,"Promotions, Salary, Skill Development"
Secure Network Solutions,4.3,IT Services & Consulting,"Skill Development, Job Security, Work Life Balance"
20 Microns,3.9,Chemicals,"Work Life Balance, Salary"
Century Rayon,3.7,Fashion & Textile,"Job Security, Company Culture, Work Life Balance"
Risebird Talent Solutions,3.6,Recruitment,Promotions
Appcino Technologies,3.4,IT Services & Consulting,Promotions
Emrill Services LLC,4.2,Facility Management Services,"Company Culture, Skill Development, Work Satisfaction"
Hidoc Dr,4.6,Internet,"Skill Development, Company Culture, Work Life Balance"
Saurer,3.6,Financial Services,Work Life Balance
Rajagiri Hospital,4.2,Healthcare,Skill Development
Mahansaria Group,3.5,Auto Components,"Company Culture, Work Satisfaction, Promotions"
Risebird Talent Solutions,3.6,Recruitment,Promotions
Riello Power India,3.9,Electronics Manufacturing,Work Life Balance
Eastman Cast & Forge,3.1,Industrial Machinery,"Promotions, Work Satisfaction, Company Culture"
Appcino Technologies,3.4,IT Services & Consulting,Promotions
Sigma Corporation India,4.0,Auto Components,"Work Life Balance, Company Culture, Work Satisfaction"
The Nuance Group AG,4.3,IT Services & Consulting,"Salary, Work Life Balance, Company Culture"
Accountant Anywhere Services,4.2,BPO,"Work Satisfaction, Skill Development, Company Culture"
Spykar Lifestyles,4.1,Fashion & Textile,"Work Life Balance, Company Culture, Job Security"
Eye7 Chaudhary Eye Centre,2.9,Healthcare,"Job Security, Promotions, Company Culture"
Connect India E Commerce Services,2.7,Logistics,"Job Security, Promotions, Company Culture"
Snowcem Paints,4.0,Building Material,"Salary, Company Culture, Work Life Balance"
S R Enterprises,4.0,Electrical Equipment,"Work Satisfaction, Skill Development, Company Culture"
International Institute of SDG's and Public Policy Research,4.7,New Delhi +7 other locations,"Work Life Balance, Skill Development, Company Culture"
Rahman Industries,3.8,Fashion & Textile,"Company Culture, Work Life Balance"
Ice Mortgage Technology,3.2,Software Product,"Promotions, Company Culture, Work Satisfaction"
SMARTe,3.7,IT Services & Consulting,"Salary, Promotions, Company Culture"
Powermax Fitness India,4.7,Fitness & Wellness,"Company Culture, Skill Development, Job Security"
Foodlink F&B Holdings,4.1,Hospitality,"Salary, Work Life Balance, Job Security"
Hellmann Worldwide Logistics,3.9,Logistics,"Work Life Balance, Company Culture"
Tribeca Developers,4.5,Real Estate,"Company Culture, Work Life Balance, Salary"
RouteMobile,3.5,IT Services & Consulting,"Skill Development, Promotions, Work Satisfaction"
Mahatma Gandhi Medical College & Hospital,4.1,Education & Training,"Work Life Balance, Skill Development, Company Culture"
AMR INDIA,4.2,Engineering & Construction,"Company Culture, Work Life Balance, Work Satisfaction"
Sobha Projects and Trade,4.1,Engineering & Construction,"Job Security, Salary, Company Culture"
Likewize,3.4,Telecom,"Promotions, Job Security, Work Satisfaction"
Viveks,3.9,Retail,"Job Security, Work Satisfaction, Skill Development"
Forever New,4.0,Retail,
Tirupati Life Sciences,4.1,Pharma,"Job Security, Work Life Balance, Salary"
Geekyants Software,3.2,IT Services & Consulting,"Job Security, Promotions, Company Culture"
Manali Petrochemicals,3.2,Chemicals,"Salary, Promotions, Company Culture"
Ameriprise India,3.4,Financial Services,"Work Satisfaction, Promotions, Skill Development"
Valu Connex Telecom Services Private,4.4,Telecom,"Work Life Balance, Company Culture, Work Satisfaction"
Performics,3.8,Marketing & Advertising,"Company Culture, Job Security, Work Life Balance"
Hansa Research Group,3.8,Analytics & KPO,Job Security
Insighte,3.9,Healthcare,"Company Culture, Skill Development, Work Satisfaction"
ANY Graphics,3.9,Printing & Publishing,"Company Culture, Skill Development, Work Life Balance"
Competent Automobiles,3.9,Retail,Work Life Balance
Jain Amar,2.9,Retail,"Promotions, Salary, Company Culture"
Maire Tecnimont,4.2,Engineering & Construction,"Job Security, Salary, Work Life Balance"
Juego Studios,4.1,Gaming,"Skill Development, Work Satisfaction, Company Culture"
PATH India,4.2,Industrial Automation,"Company Culture, Work Life Balance, Work Satisfaction"
Reliable Business Solutions & Services,3.1,BPO,"Salary, Company Culture, Work Life Balance"
BL Lifesciences,3.1,Medical Equipment,"Promotions, Salary, Skill Development"
Swami Rama Himalayan University,3.8,Education & Training,Job Security
PrimeXBT,4.6,FinTech,"Work Satisfaction, Job Security, Salary"
Ardom Towergen,3.7,Telecom,"Promotions, Salary, Work Satisfaction"
Meritshot,4.4,Education & Training,"Work Life Balance, Promotions, Company Culture"
Crane Process Flow Technologies India,3.5,Industrial Machinery,Job Security
Paras Buildtech,3.5,Real Estate,"Job Security, Company Culture, Work Satisfaction"
LenDenClub,4.0,FinTech,"Skill Development, Company Culture, Work Satisfaction"
Gateway Distriparks,3.4,Logistics,"Promotions, Salary, Skill Development"
Zupee,3.7,Gaming,"Salary, Company Culture, Work Life Balance"
Sonepar,4.4,Other,"Company Culture, Work Life Balance, Work Satisfaction"
Baker Gauges,3.6,Semiconductors,"Promotions, Company Culture, Salary"
PG Technoplast,3.8,Pune +12 other locations,Salary
Spardha School of Music,4.3,Pune +2 other locations,"Company Culture, Work Life Balance, Work Satisfaction"
Siemens Industry Software (India),4.3,Industrial Automation,"Work Life Balance, Company Culture, Job Security"
Amwaj Catering Services,3.8,Hospitality,"Promotions, Job Security, Company Culture"
Indian Institute of Commerce Lakshya,4.0,Education & Training,"Company Culture, Skill Development, Salary"
VALEUR FABTEX,3.2,Education & Training,"Job Security, Promotions, Work Satisfaction"
Nissin Abc Logistics,4.0,Logistics,"Job Security, Work Life Balance, Work Satisfaction"
Ashapurna Buildcon,3.2,Real Estate,"Job Security, Company Culture, Promotions"
Tex Corp.,3.6,Fashion & Textile,"Promotions, Company Culture, Work Satisfaction"
MCaffeine,2.8,Beauty & Personal Care,"Work Life Balance, Job Security, Promotions"
Pharmaffiliates Analytics Synthetics,4.0,Pharma,"Work Life Balance, Job Security, Skill Development"
Zeus Learning,2.8,EdTech,"Work Life Balance, Work Satisfaction, Company Culture"
DUKES,3.8,Hospitality,"Work Life Balance, Work Satisfaction"
Core Energy Systems Limited,3.9,Defence & Aerospace,"Promotions, Work Life Balance"
Religare Housing Development Finance Corporation,4.0,Financial Services,"Company Culture, Work Life Balance, Work Satisfaction"
Tricon Infotech,3.5,IT Services & Consulting,"Promotions, Job Security, Company Culture"
KPI Green Energy,4.1,Power,"Work Life Balance, Salary, Work Satisfaction"
TalentSprint,4.1,Hyderabad +4 other locations,"Company Culture, Work Life Balance, Work Satisfaction"
RPG Group,3.5,Engineering & Construction,Work Life Balance
HIREXA SOLUTIONS,4.0,IT Services & Consulting,"Company Culture, Work Life Balance, Work Satisfaction"
TetraSoft,3.7,IT Services & Consulting,Work Life Balance
Inorbvict Healthcare,3.9,Medical Equipment,"Skill Development, Company Culture, Work Satisfaction"
Kilitch Healthcare India,4.3,Marketing & Advertising,"Company Culture, Job Security, Skill Development"
Medicamen Biotech,3.1,Pharma,"Promotions, Work Satisfaction, Salary"
RPG Group,3.5,Engineering & Construction,Work Life Balance
HIREXA SOLUTIONS,4.0,IT Services & Consulting,"Company Culture, Work Life Balance, Work Satisfaction"
TetraSoft,3.7,IT Services & Consulting,Work Life Balance
Same Deutz-fahr,3.9,Industrial Machinery,Work Life Balance
Basix,4.4,Financial Services,"Work Life Balance, Company Culture, Work Satisfaction"
IG Infotech India,2.8,IT Services & Consulting,"Job Security, Promotions, Skill Development"
Distacart,4.6,Internet,"Job Security, Company Culture, Work Life Balance"
Channel Soft,3.7,IT Services & Consulting,Salary
Bubugao Communication,4.3,Jaipur +29 other locations,"Company Culture, Skill Development, Work Life Balance"
Ufi Filters,3.9,Auto Components,"Work Life Balance, Job Security"
Tecnics Integration Technologies,3.2,Software Product,"Job Security, Promotions, Company Culture"
Cigna,3.4,Internet,"Promotions, Work Satisfaction, Job Security"
Volansys Technologies,3.0,IT Services & Consulting,"Promotions, Salary, Work Satisfaction"
Glory Global Solutions (south Asia),3.3,IT Services & Consulting,"Promotions, Salary, Work Satisfaction"
Ashoka Builders,3.5,Real Estate,"Job Security, Promotions, Work Satisfaction"
Envision Overseas Education Consultants,3.9,Mumbai +7 other locations,Salary
Consort Builders,4.3,Real Estate,"Job Security, Skill Development, Salary"
Basix,4.4,Financial Services,"Work Life Balance, Company Culture, Work Satisfaction"
Channel Soft,3.7,IT Services & Consulting,Salary
Bubugao Communication,4.3,Jaipur +29 other locations,"Company Culture, Skill Development, Work Life Balance"
Kilitch Healthcare India,4.3,Marketing & Advertising,"Company Culture, Job Security, Skill Development"
Cigna,3.4,Internet,"Promotions, Work Satisfaction, Job Security"
Ufi Filters,3.9,Auto Components,"Work Life Balance, Job Security"
Tecnics Integration Technologies,3.2,Software Product,"Job Security, Promotions, Company Culture"
Volansys Technologies,3.0,IT Services & Consulting,"Promotions, Salary, Work Satisfaction"
Glory Global Solutions (south Asia),3.3,IT Services & Consulting,"Promotions, Salary, Work Satisfaction"
Dasnac,4.5,Real Estate,"Salary, Company Culture, Work Life Balance"
TRUGlobal,3.5,IT Services & Consulting,"Promotions, Job Security, Work Satisfaction"
Ashoka Builders,3.5,Real Estate,"Job Security, Promotions, Work Satisfaction"
Chargebee,3.6,Software Product,"Job Security, Promotions, Work Satisfaction"
Lot Mobiles,3.5,Retail,"Promotions, Work Life Balance, Work Satisfaction"
CamelQ Software Solutions,4.0,Software Product,"Company Culture, Work Life Balance, Work Satisfaction"
Bellfast Management,4.2,Recruitment,"Work Life Balance, Company Culture, Job Security"
Kajaria Bathware,4.1,Building Material,"Work Life Balance, Job Security, Salary"
Shri Ram ComSoft Pvt Ltd - SRCOMSOFT,3.1,IT Services & Consulting,"Promotions, Job Security, Salary"
Sudisa Foundry,3.5,Auto Components,"Promotions, Company Culture, Work Satisfaction"
NETPLUS Broadband Services,3.7,Telecom,"Promotions, Salary, Job Security"
Sudisa Foundry,3.5,Auto Components,"Promotions, Company Culture, Work Satisfaction"
Globsyn Business School,4.4,Education & Training,"Work Life Balance, Work Satisfaction, Job Security"
Menzies Aviation Bobba,3.8,Aviation,"Job Security, Work Life Balance, Skill Development"
Dembla Valves,3.7,Industrial Machinery,"Promotions, Company Culture, Skill Development"
Foodhub,3.4,Software Product,"Promotions, Skill Development, Job Security"
Numbertree LLP,3.2,Accounting & Auditing,"Promotions, Salary, Company Culture"
YouGov,3.6,Analytics & KPO,Work Life Balance
TDCX Digilab India,2.7,BPO,"Job Security, Promotions, Skill Development"
Metalman Microturners,3.9,Metals & Mining,Job Security
Ajnara India,3.7,Real Estate,"Promotions, Salary, Job Security"
Ferromatik Milacron,3.3,Industrial Machinery,"Promotions, Company Culture, Work Satisfaction"
Tekshapers Software Solutions,3.2,IT Services & Consulting,"Promotions, Company Culture, Job Security"
Beyondriffs,4.6,Education & Training,"Company Culture, Work Life Balance, Work Satisfaction"
Regus,3.2,Facility Management Services,Work Life Balance
Dsm Shared Services India,4.1,Chemicals,"Work Life Balance, Company Culture, Salary"
Nians,3.8,IT Services & Consulting,Job Security
Alexis Global,3.6,Logistics,"Promotions, Salary, Job Security"
Graphic Era Institute of Medical Sciences,3.6,Dehradun +6 other locations,"Promotions, Job Security, Company Culture"
Fourth Dimension Technologies,3.3,IT Services & Consulting,"Promotions, Salary, Company Culture"
Hungama,3.1,Internet,"Job Security, Promotions, Salary"
PAVIT CERAMICS ( P),3.4,Building Material,"Promotions, Skill Development, Company Culture"
Planedge Consultants,3.2,Management Consulting,"Company Culture, Work Life Balance, Work Satisfaction"
OCS Services,4.4,Oil & Gas,"Company Culture, Work Life Balance, Work Satisfaction"
Storia Foods,3.9,Beverage,"Work Life Balance, Salary"
Public Works Department Rajasthan,4.5,Chennai +71 other locations,"Skill Development, Company Culture, Work Life Balance"
Saarloha Advanced Materials,3.0,Iron & Steel,"Promotions, Salary, Company Culture"
Edge Telecom,3.5,Telecom,"Promotions, Job Security, Salary"
Aapna Infotech,3.8,IT Services & Consulting,"Company Culture, Work Life Balance, Skill Development"
Indore Composite,3.8,Telecom,"Work Life Balance, Company Culture, Job Security"
Viaante Business Solutions,2.9,BPO,"Promotions, Company Culture, Work Satisfaction"
Maharishi Ayurveda Products,3.6,Pharma,"Promotions, Skill Development, Salary"
Gulshan Homz,4.0,Real Estate,"Work Life Balance, Salary"
TM International Logistics,3.6,Logistics,"Promotions, Work Satisfaction, Skill Development"
Auxein Medical,3.2,Medical Equipment,"Job Security, Company Culture, Work Satisfaction"
Stivaph Healthcare,4.1,Pharma,"Skill Development, Company Culture, Work Life Balance"
TRACKS AND TOWERS INFRATECH,3.8,Engineering & Construction,Salary
Criss Financial,3.8,Hyderabad +53 other locations,"Work Life Balance, Salary"
Jagannath Gupta Institute of Medical Sciences & Hospital,3.4,Healthcare,"Promotions, Salary, Work Satisfaction"
Saviynt,3.3,Software Product,Salary
Schiller Healthcare India,3.8,Medical Equipment,"Work Life Balance, Job Security"
Saviynt,3.3,Software Product,Salary
Auxein Medical,3.2,Medical Equipment,"Job Security, Company Culture, Work Satisfaction"
S.R. Batliboi & Associates,3.1,Accounting & Auditing,"Work Life Balance, Company Culture, Work Satisfaction"
Nirmaan Organization,3.5,Financial Services,"Promotions, Job Security, Company Culture"
Schiller Healthcare India,3.8,Medical Equipment,"Work Life Balance, Job Security"
TRACKS AND TOWERS INFRATECH,3.8,Engineering & Construction,Salary
BrandMuscle,3.4,IT Services & Consulting,"Promotions, Job Security, Skill Development"
Stivaph Healthcare,4.1,Pharma,"Skill Development, Company Culture, Work Life Balance"
Minosha,4.0,Hardware & Networking,"Work Life Balance, Company Culture, Salary"
Nahar Spinning Mills,4.1,Fashion & Textile,"Job Security, Work Life Balance, Work Satisfaction"
Hester Biosciences,3.2,Biotechnology,"Job Security, Skill Development, Company Culture"
Rippling,2.6,Internet,"Job Security, Work Satisfaction, Work Life Balance"
TM International Logistics,3.6,Logistics,"Promotions, Work Satisfaction, Skill Development"
Snabbit,3.6,Internet,"Work Life Balance, Job Security, Promotions"
Emeritus,3.2,Mumbai +4 other locations,"Promotions, Skill Development, Work Satisfaction"
Agile Capital Services,2.5,New Delhi +20 other locations,"Salary, Job Security, Promotions"
ITDOSE INFOSYSTEMS,3.3,IT Services & Consulting,"Promotions, Salary, Company Culture"
Covenant Consultants,4.0,Recruitment,"Skill Development, Job Security, Promotions"
Tasmed,3.5,Pharma,"Job Security, Skill Development"
Mtandt,3.6,Industrial Machinery,"Promotions, Company Culture, Work Satisfaction"
Integral University,3.2,Education & Training,"Promotions, Salary, Skill Development"
Eidiko Systems Integrators,3.2,IT Services & Consulting,Skill Development
Tega McNally Minerals,2.9,Industrial Machinery,"Promotions, Salary, Company Culture"
Hager Electro,3.2,Electrical Equipment,"Promotions, Company Culture, Work Satisfaction"
AachiGroup,3.8,Chennai +23 other locations,"Company Culture, Promotions"
KMK Ventures,3.8,Accounting & Auditing,"Salary, Work Life Balance"
ShipBob,3.9,Logistics,"Salary, Company Culture, Work Life Balance"
INFOCRUNCH ANALYTICS,2.9,Analytics & KPO,"Job Security, Promotions, Work Life Balance"
Nimap Infotech,3.5,IT Services & Consulting,Skill Development
Vector India,3.9,Auto Components,"Skill Development, Work Life Balance, Work Satisfaction"
Arrivae,3.3,Mumbai +13 other locations,"Job Security, Work Satisfaction, Promotions"
Uk Realty,3.9,Real Estate,"Salary, Skill Development"
Dexian DISYS,3.1,IT Services & Consulting,"Work Satisfaction, Job Security, Promotions"
ABIL Group,4.3,Real Estate,"Work Life Balance, Company Culture, Job Security"
Coloplast,3.3,Healthcare,Salary
Noida International University,3.0,Education & Training,"Promotions, Company Culture, Skill Development"
NETIMPACT SOLUTIONS PVT LTD,3.2,Analytics & KPO,"Promotions, Work Satisfaction, Skill Development"
GrayQuest Finance,3.2,Mumbai +24 other locations,"Job Security, Promotions, Work Satisfaction"
Gates Unitta India Company,3.9,Auto Components,"Work Life Balance, Salary"
NewVision Software & Consultancy,3.4,IT Services & Consulting,"Promotions, Job Security, Work Satisfaction"
Kwality Wall's,4.0,Hospitality,"Skill Development, Salary"
Antier,2.8,IT Services & Consulting,"Promotions, Salary, Company Culture"
Kale Logistics Solutions,3.0,Software Product,"Promotions, Work Satisfaction, Job Security"
Chevron,3.2,Oil & Gas,"Promotions, Work Satisfaction, Job Security"
Camp K-12,3.3,EdTech,"Job Security, Promotions, Salary"
ECS | Enterprise Change Specialists,4.3,IT Services & Consulting,"Company Culture, Work Life Balance, Work Satisfaction"
FrontierWox Tech,4.5,IT Services & Consulting,"Skill Development, Company Culture, Work Life Balance"
Al Fara'a Group,3.1,Engineering & Construction,"Salary, Work Satisfaction, Work Life Balance"
Diversey India Hygiene,3.9,Mumbai +27 other locations,"Job Security, Company Culture, Skill Development"
Prabhudas Lilladher,3.2,Financial Services,"Company Culture, Promotions, Work Satisfaction"
Nelson Global Products,3.5,Industrial Machinery,"Promotions, Company Culture, Work Life Balance"
A2z Infra Engineering,3.6,Engineering & Construction,Work Life Balance
Rich Products & Solutions,3.7,Food Processing,Promotions
AKGVG & Associates,3.2,Accounting & Auditing,"Promotions, Salary, Job Security"
The India Thermit Corporation,3.6,Industrial Machinery,Job Security
Forace Polymers,3.2,Chemicals,"Company Culture, Work Satisfaction, Work Life Balance"
NEXA Service,3.9,Automobile,"Skill Development, Company Culture"
BuyMore,4.0,Internet,"Skill Development, Company Culture, Work Life Balance"
DDRC Agilus Diagnostics,3.8,Kochi +17 other locations,"Salary, Promotions, Work Satisfaction"
Sical Logistics,4.2,Logistics,"Skill Development, Company Culture, Work Life Balance"
Indian Institute of Science Education and Research,3.7,Analytics & KPO,Skill Development
DEC Property Management,4.0,Facility Management Services,Work Life Balance
Noida International University,3.0,Education & Training,"Promotions, Company Culture, Skill Development"
EdLernity,4.0,Bengaluru +4 other locations,"Company Culture, Work Life Balance, Promotions"
Adnet Global,3.1,Animation & VFX,"Promotions, Company Culture, Salary"
Gemba Concepts,3.0,Management Consulting,"Work Life Balance, Job Security, Company Culture"
AVASO Technology Solutions,3.3,IT Services & Consulting,"Promotions, Skill Development, Salary"
Shantha Biotechnics,4.9,Biotechnology,"Skill Development, Work Satisfaction, Company Culture"
NewVision Software & Consultancy,3.4,IT Services & Consulting,"Promotions, Job Security, Work Satisfaction"
Tide Water Oil,3.9,Oil & Gas,"Promotions, Skill Development, Work Satisfaction"
Arki Techno Consultants,2.9,Engineering & Construction,"Promotions, Salary, Company Culture"
Next Move Strategy Consulting,4.8,Tinsukia +4 other locations,"Company Culture, Work Satisfaction, Job Security"
Gates Unitta India Company,3.9,Auto Components,"Work Life Balance, Salary"
GrayQuest Finance,3.2,Mumbai +24 other locations,"Job Security, Promotions, Work Satisfaction"
Chetak Logistics,3.1,Logistics,"Company Culture, Work Satisfaction, Promotions"
Rayat Bahra University,4.6,Education & Training,"Work Life Balance, Company Culture, Work Satisfaction"
Ars Steels,3.7,Iron & Steel,"Skill Development, Salary"
Antier,2.8,IT Services & Consulting,"Promotions, Salary, Company Culture"
RN Valves & Faucets,3.1,Ghaziabad +17 other locations,"Company Culture, Work Life Balance, Work Satisfaction"
Bharat Cooperative Bank,4.1,Financial Services,"Job Security, Company Culture, Work Life Balance"
La opala rg,3.9,Retail,"Work Life Balance, Job Security, Work Satisfaction"
Kale Logistics Solutions,3.0,Software Product,"Promotions, Work Satisfaction, Job Security"
Kwality Wall's,4.0,Hospitality,"Skill Development, Salary"
Chevron,3.2,Oil & Gas,"Promotions, Work Satisfaction, Job Security"
Dentcare Dental Lab,3.8,Medical Equipment,Job Security
M.P. State Electronics Development Corporation,3.6,Bhopal +10 other locations,"Promotions, Job Security, Salary"
IVY SOFTWARE DEVELOPMENT SERVICES,3.8,IT Services & Consulting,"Work Life Balance, Company Culture"
Flyweis Technology,4.2,IT Services & Consulting,"Company Culture, Work Life Balance, Work Satisfaction"
IMARC Group,3.2,Analytics & KPO,"Work Satisfaction, Promotions, Skill Development"
Radiant Enterprise,3.8,Furniture & Furnishing,Salary
Marvell,3.7,Semiconductors,"Salary, Company Culture, Work Life Balance"
Stratogent Technology Services,3.0,IT Services & Consulting,"Company Culture, Promotions, Salary"
Infotree Global Solutions,3.2,Recruitment,"Promotions, Job Security, Company Culture"
Acent High Soft Technologies,4.4,Recruitment,"Work Satisfaction, Job Security, Skill Development"
CNS Comnet,4.1,BPO,"Company Culture, Work Life Balance, Work Satisfaction"
MAP Systems,2.5,IT Services & Consulting,"Promotions, Salary, Company Culture"
NASSCOM,3.4,IT Services & Consulting,"Promotions, Company Culture, Job Security"
Ghaziabad Precision Products,3.4,Automobile,"Company Culture, Work Life Balance, Work Satisfaction"
Veena Developers,4.1,Real Estate,"Work Life Balance, Skill Development, Salary"
JU Agri Sciences,4.3,Agro Chemicals,"Work Life Balance, Company Culture, Job Security"
Migsun Group,2.9,Real Estate,"Job Security, Promotions, Company Culture"
Techavera Solutions,4.2,Education & Training,"Work Life Balance, Salary, Company Culture"
Jaya Shree Textiles,3.9,Fashion & Textile,"Job Security, Work Life Balance, Skill Development"
SKDRDP,4.2,Non-Profit,"Company Culture, Job Security, Work Life Balance"
Net Business Solutions,3.5,IT Services & Consulting,"Job Security, Promotions, Skill Development"
BYD India,3.4,Automobile,"Promotions, Company Culture, Job Security"
Radiant Guard Services Pvt. Ltd. - India,4.8,Law Enforcement & Security,"Company Culture, Work Life Balance, Skill Development"
Indian Acrylics,3.7,Chemicals,"Work Life Balance, Job Security"
Sfj Business Solutions,2.4,IT Services & Consulting,"Job Security, Promotions, Salary"
Cerence,3.3,Software Product,Work Life Balance
BMA Wealth Creators,4.4,Financial Services,"Work Life Balance, Company Culture, Work Satisfaction"
Hitachi MGRM Net,3.3,IT Services & Consulting,"Promotions, Company Culture, Work Satisfaction"
Ageis,3.7,Emerging Technologies,"Promotions, Salary, Work Satisfaction"
Ftcash,3.9,FinTech,"Work Life Balance, Salary, Company Culture"
ZestMoney,4.0,FinTech,"Work Life Balance, Company Culture"
HERO ECOTECH,3.8,Automobile,"Work Life Balance, Company Culture"
CliniSys Group,3.2,IT Services & Consulting,"Promotions, Work Satisfaction, Salary"
Mylab Discovery Solutions,2.8,Internet,"Job Security, Promotions, Salary"
Tecnoprism,4.4,IT Services & Consulting,"Skill Development, Company Culture, Work Life Balance"
Modern Informatics,3.7,IT Services & Consulting,"Promotions, Job Security, Company Culture"
Scholastic,4.2,Printing & Publishing,"Work Life Balance, Company Culture, Job Security"
Bioworld Merchandising,3.5,Retail,"Promotions, Company Culture, Work Satisfaction"
InSemi Technology Services,3.8,Semiconductors,"Work Life Balance, Company Culture"
Bioplus Life Sciences,3.7,Pharma,"Company Culture, Skill Development, Work Satisfaction"
Hitachi MGRM Net,3.3,IT Services & Consulting,"Promotions, Company Culture, Work Satisfaction"
Ageis,3.7,Emerging Technologies,"Promotions, Salary, Work Satisfaction"
Ftcash,3.8,FinTech,"Work Life Balance, Salary, Company Culture"
Cerence,3.3,Software Product,Work Life Balance
JU Agri Sciences,4.3,Agro Chemicals,"Work Life Balance, Company Culture, Job Security"
Veena Developers,4.1,Real Estate,"Work Life Balance, Skill Development, Salary"
Mylab Discovery Solutions,2.8,Internet,"Job Security, Promotions, Salary"
Tecnoprism,4.4,IT Services & Consulting,"Skill Development, Company Culture, Work Life Balance"
ICG Medical,2.2,Recruitment,"Promotions, Work Satisfaction, Job Security"
NDS InfoServ,3.0,BPO,"Promotions, Skill Development, Company Culture"
Dhanuka Laboratories,3.9,Pharma,"Job Security, Skill Development"
Kaplan,4.0,EdTech,"Work Life Balance, Company Culture, Work Satisfaction"
Saraswati Vidya Mandir,3.6,Education & Training,"Promotions, Work Satisfaction, Salary"
Shiv Nadar University,4.0,Education & Training,"Work Life Balance, Job Security, Company Culture"
Modern Informatics,3.7,IT Services & Consulting,"Promotions, Job Security, Company Culture"
Clinic Dermatech,3.2,Beauty & Personal Care,"Job Security, Promotions, Company Culture"
KSK Mahanadi Power Company,4.0,Power,"Work Life Balance, Work Satisfaction"
Netradyne Technology,3.0,Software Product,"Promotions, Work Satisfaction, Company Culture"
Honeywell Aerospace,3.6,Bengaluru +10 other locations,Job Security
Hemmersbach,3.2,IT Services & Consulting,"Promotions, Job Security, Company Culture"
HWASHIN Automotive,3.6,Auto Components,Job Security
Techila Global Services,3.4,IT Services & Consulting,"Job Security, Promotions, Company Culture"
BHARAT TECHNO PLAST,3.8,Auto Components,Salary
DANA Graziano India,4.0,Ahmedabad +11 other locations,"Work Life Balance, Company Culture, Work Satisfaction"
Mawai Infotech,3.2,IT Services & Consulting,"Company Culture, Work Life Balance, Job Security"
Mendine Pharmaceuticals,4.5,Pharma,"Job Security, Work Life Balance, Skill Development"
Microscan Infocommtech,4.0,Telecom,"Work Life Balance, Job Security, Company Culture"
Creative Projects & Contracts,4.1,Engineering & Construction,"Salary, Work Life Balance, Company Culture"
Ambit Collective,3.5,Management Consulting,"Job Security, Promotions, Skill Development"
Bharatiya Vidya Bhavan,4.0,Education & Training,"Skill Development, Salary"
Perpetuuiti Technosoft Services,3.5,IT Services & Consulting,"Promotions, Work Satisfaction, Salary"
Zeomega Infotech,3.5,IT Services & Consulting,"Promotions, Skill Development, Salary"
Glowlogics Solutions,4.0,Bengaluru +8 other locations,"Company Culture, Skill Development, Work Life Balance"
GetMyUni,3.4,Education & Training,"Promotions, Job Security, Salary"
IndiQube,4.3,Real Estate,"Salary, Job Security, Company Culture"
Zopsmart Technology,3.3,Software Product,"Promotions, Work Satisfaction, Company Culture"
IBCC Industries,4.1,Ahmedabad +13 other locations,"Skill Development, Salary, Company Culture"
Guardian Healthcare Services,4.1,Fitness & Wellness,"Work Satisfaction, Company Culture, Work Life Balance"
NovelVox Softwares India Pvt. Ltd.,4.3,IT Services & Consulting,"Company Culture, Skill Development, Salary"
Numero Uno Clothing,4.1,Fashion & Textile,"Work Life Balance, Company Culture, Work Satisfaction"
Mahindra Agri Solutions,3.7,Agriculture,Job Security
Doshion,3.5,Waste Management,"Company Culture, Work Satisfaction, Promotions"
Indian Synthetic Rubber,4.2,Petrochemicals,"Work Life Balance, Job Security, Salary"
Frog CellSat,3.9,Design,"Company Culture, Work Life Balance, Job Security"
IndianOil Adani Ventures,3.8,Oil & Gas,"Job Security, Salary"
Computer Junction,3.7,IT Services & Consulting,"Promotions, Job Security, Skill Development"
Sterling Manufacturing Company,3.6,Industrial Machinery,
Techversant Infotech,3.8,IT Services & Consulting,"Work Life Balance, Company Culture, Work Satisfaction"
91 Springboard Business Hub,3.8,Real Estate,"Work Life Balance, Work Satisfaction, Job Security"
myTectra,3.1,Education & Training,"Work Life Balance, Work Satisfaction, Salary"
Chandan Hospital,3.7,Healthcare,"Promotions, Job Security, Company Culture"
Desnor Destination,4.3,Noida +2 other locations,"Work Life Balance, Company Culture, Work Satisfaction"
Golden Tulip Hotels,3.4,Hospitality,"Company Culture, Work Satisfaction, Promotions"
Jaipuria Institute of Management,4.3,Education & Training,"Company Culture, Work Life Balance, Work Satisfaction"
Gamma Process Hub,3.6,BPO,"Promotions, Salary"
Al Hassan Engineering Company SAOG,4.0,Engineering & Construction,"Work Life Balance, Work Satisfaction"
Siec Education,2.6,Recruitment,"Promotions, Work Satisfaction, Job Security"
Government Polytechnic Nagpur,3.7,Education & Training,Work Life Balance
National Public School,3.3,Education & Training,"Work Satisfaction, Company Culture, Promotions"
Auxilo Finserve,3.6,NBFC,Work Life Balance
Kun Hyundai,4.1,Automobile,"Skill Development, Work Life Balance, Company Culture"
Ador Powertron,3.4,Electrical Equipment,"Promotions, Work Satisfaction, Skill Development"
AJ Hospital and Research Centre,3.8,Healthcare,"Skill Development, Work Life Balance"
Nitin Spinners,4.2,Fashion & Textile,"Job Security, Work Life Balance, Work Satisfaction"
Runwal Realty,3.6,Real Estate,Salary
CredFlow,3.2,Internet,"Job Security, Promotions, Company Culture"
Government Polytechnic College,4.1,Education & Training,"Skill Development, Work Satisfaction, Work Life Balance"
C H Robinson Worldwide Freight,3.5,Logistics,"Promotions, Company Culture, Work Satisfaction"
Genus Electrotech,3.2,Semiconductors,"Promotions, Company Culture, Work Satisfaction"
Yingjia Communication Private Limited,4.3,Telecom,"Company Culture, Skill Development, Work Life Balance"
PalTech,3.9,IT Services & Consulting,"Skill Development, Job Security, Salary"
Ganga Medical Centre & Hospitals,4.2,Healthcare,"Skill Development, Work Satisfaction, Job Security"
DelEx Cargo,4.6,Logistics,"Company Culture, Work Life Balance, Work Satisfaction"
Isgec Hitachi Zosen,3.6,Industrial Machinery,Job Security
IndiaCan,4.8,EdTech,"Company Culture, Work Life Balance, Job Security"
Continuum Global Solutions,3.6,BPO,"Promotions, Skill Development, Job Security"
Gromax Agri Equipment,3.7,Automobile,"Promotions, Skill Development, Work Satisfaction"
Getronics,4.3,IT Services & Consulting,"Work Life Balance, Company Culture, Work Satisfaction"
Saya homes,3.9,Real Estate,"Work Life Balance, Salary"
Sparkline Equipments,4.3,Industrial Machinery,"Job Security, Company Culture, Skill Development"
Applore Technologies,4.2,IT Services & Consulting,"Company Culture, Work Life Balance, Work Satisfaction"
Express Housekeeper,3.9,Facility Management Services,"Work Life Balance, Work Satisfaction"
Daloopa,3.3,Software Product,"Skill Development, Work Satisfaction, Promotions"
BARSYL,3.7,Railways,"Promotions, Job Security, Skill Development"
CTA Apparels,3.9,Fashion & Textile,"Skill Development, Salary, Company Culture"
Skanray Technologies,2.7,Medical Equipment,"Promotions, Company Culture, Salary"
Bijlipay,3.5,FinTech,"Promotions, Company Culture, Salary"
Biomatrix Healthcare,3.6,Ahmedabad +7 other locations,"Company Culture, Work Satisfaction, Promotions"
Funskool India,4.0,Other,"Job Security, Work Life Balance, Work Satisfaction"
Bilt,3.9,Pulp & Paper,"Work Life Balance, Salary"
INTECH Creative Services Pvt. Ltd.,3.9,IT Services & Consulting,"Company Culture, Work Life Balance"
Basavatarakam Indo American Cancer Hospital Research Institute,4.2,Healthcare,"Work Life Balance, Company Culture, Work Satisfaction"
Pharmalex,3.2,Medical Equipment,"Promotions, Salary, Work Satisfaction"
iRISE India,3.3,Engineering & Construction,"Company Culture, Promotions, Work Life Balance"
Kamal Ced Solution,4.0,Gurugram +17 other locations,"Skill Development, Work Life Balance, Work Satisfaction"
Paranjape Autocast,3.4,Auto Components,"Promotions, Company Culture, Work Life Balance"
Dish Network Technologies,3.0,Media & Entertainment,"Promotions, Job Security, Work Satisfaction"
Atandra Energy,4.3,Electronics Manufacturing,"Company Culture, Work Life Balance, Skill Development"
Kyocera Document Solutions India,3.5,Printing & Publishing,"Promotions, Skill Development, Company Culture"
Cybernetik Technologies,4.1,Industrial Automation,"Job Security, Skill Development, Work Satisfaction"
Anuhar Homes,3.3,Real Estate,"Promotions, Skill Development, Salary"
InfinityLabs,3.8,IT Services & Consulting,"Work Life Balance, Company Culture, Job Security"
Multi Organics,3.0,Chemicals,"Company Culture, Work Satisfaction, Work Life Balance"
Galore Networks,2.7,IT Services & Consulting,"Promotions, Salary, Work Satisfaction"
Mindspace Outsourcing Services,3.9,Jaipur +1 other locations,"Work Life Balance, Work Satisfaction, Job Security"
Uttam Sugar Mills,4.0,Food Processing,"Work Life Balance, Job Security, Salary"
Ghodawat Consumer Products,3.3,FMCG,"Promotions, Job Security, Company Culture"
ams OSRAM,3.2,Electronics Manufacturing,"Promotions, Work Satisfaction, Job Security"
P&R Infraprojects,3.9,Engineering & Construction,"Company Culture, Work Satisfaction, Skill Development"
Celebrity Cruises,4.0,Travel & Tourism,"Salary, Company Culture, Work Life Balance"
NexWave Talent Management Solutions,3.5,Recruitment,"Promotions, Job Security, Skill Development"
PeopleStrong Technologies,3.2,Software Product,"Promotions, Work Satisfaction, Work Life Balance"
Viswaat Chemicals,3.8,Chemicals,"Job Security, Work Life Balance"
Verificient Technologies,2.9,Emerging Technologies,"Promotions, Salary, Skill Development"
Jain Housing & Constructions,4.3,Real Estate,"Company Culture, Work Life Balance, Job Security"
Odisha Power Transmission Corporation,4.3,Power,"Job Security, Company Culture, Work Life Balance"
B Gauss,3.8,Automobile,Promotions
Shreeyam Power And Steel Industries,4.1,Iron & Steel,"Job Security, Work Life Balance, Company Culture"
Dai Ichi,4.2,Chemicals,"Work Life Balance, Job Security, Salary"
Magnum Mi Steel,3.4,Iron & Steel,"Promotions, Skill Development, Company Culture"
Nala Robotics,1.9,Hyderabad +2 other locations,"Job Security, Promotions, Salary"
Finulent Solutions,3.9,Power,"Job Security, Company Culture, Work Life Balance"
Media NV,4.2,Ahmedabad +1 other locations,"Work Life Balance, Skill Development, Company Culture"
MyCar,4.2,Automobile,"Salary, Work Life Balance, Skill Development"
Harsha Toyota,4.2,Automobile,"Skill Development, Company Culture, Work Life Balance"
Kapiva,3.3,Fitness & Wellness,"Promotions, Work Satisfaction, Job Security"
Alchemist Hospital,4.3,Healthcare,"Work Life Balance, Job Security, Company Culture"
Maxvalue Credits & Investments,3.6,NBFC,"Promotions, Work Satisfaction, Job Security"
Starion India,3.5,Electronics Manufacturing,"Promotions, Company Culture, Work Satisfaction"
Sicagen,3.8,Industrial Automation,Job Security
IMA-PG,3.9,Medical Equipment,"Job Security, Work Life Balance"
CoreEL Technologies,3.7,Electronics Manufacturing,Job Security
Great Champ Technology Limited,2.8,EdTech,"Job Security, Promotions, Skill Development"
Deqode,3.4,IT Services & Consulting,"Job Security, Promotions, Work Satisfaction"
Daelim Industrial Co.,4.9,Petrochemicals,"Company Culture, Skill Development, Promotions"
GE Capital,4.4,Financial Services,"Company Culture, Work Life Balance, Job Security"
Gm Infinite Dwelling,3.0,Real Estate,"Job Security, Promotions, Skill Development"
NU Hospitals,3.6,Healthcare,"Promotions, Salary, Company Culture"
Finulent Solutions,3.9,Power,"Job Security, Company Culture, Work Life Balance"
Maithan Steel And Power,3.8,Building Material,"Work Life Balance, Job Security"
Harsha Toyota,4.2,Automobile,"Skill Development, Company Culture, Work Life Balance"
Kapiva,3.3,Fitness & Wellness,"Promotions, Work Satisfaction, Job Security"
Alchemist Hospital,4.3,Healthcare,"Work Life Balance, Job Security, Company Culture"
Devon Software Services,3.8,IT Services & Consulting,"Company Culture, Work Life Balance, Promotions"
MSP Group,3.7,Raigarh +14 other locations,Job Security
PSRI Hospital,4.0,Healthcare,Work Life Balance
Expound Technivo,4.3,IT Services & Consulting,"Skill Development, Job Security, Salary"
Stridely Solutions,2.6,IT Services & Consulting,"Job Security, Company Culture, Work Satisfaction"
BramhaCorp,3.5,Real Estate,"Promotions, Job Security, Company Culture"
Pearl Organisation,3.1,IT Services & Consulting,"Salary, Promotions, Company Culture"
Dormakaba India,3.9,Building Material,Work Life Balance
Union Mutual Fund,3.1,Financial Services,"Promotions, Skill Development, Job Security"
CNK & Associates,3.4,Accounting & Auditing,"Salary, Promotions, Work Satisfaction"
Highly Electrical Appliances India,3.5,Electrical Equipment,"Promotions, Company Culture, Salary"
Sri Sai Power and Equipments,3.6,Industrial Machinery,"Salary, Company Culture, Work Life Balance"
ABS India,3.9,IT Services & Consulting,"Job Security, Company Culture"
Stridely Solutions,2.6,IT Services & Consulting,"Job Security, Company Culture, Work Satisfaction"
MSP Group,3.7,Raigarh +14 other locations,Job Security
PSRI Hospital,4.0,Healthcare,Work Life Balance
Rij Engineering,4.1,Auto Components,"Work Life Balance, Job Security, Skill Development"
Expound Technivo,4.3,IT Services & Consulting,"Skill Development, Job Security, Salary"
Highly Electrical Appliances India,3.5,Electrical Equipment,"Promotions, Company Culture, Salary"
Sri Sai Power and Equipments,3.6,Industrial Machinery,"Salary, Company Culture, Work Life Balance"
ABS India,3.9,IT Services & Consulting,"Job Security, Company Culture"
IMCS Group.,3.1,IT Services & Consulting,"Job Security, Promotions, Work Satisfaction"
Rayzon Solar,4.2,Power,"Work Life Balance, Company Culture, Job Security"
Oremus Corporate Services,3.8,Financial Services,"Job Security, Work Life Balance, Skill Development"
Paradigm IT,3.6,IT Services & Consulting,"Promotions, Company Culture, Work Satisfaction"
Quadrafort Technologies,3.5,IT Services & Consulting,Skill Development
The Digital Group Infotech,3.5,IT Services & Consulting,Work Life Balance
Taural India,4.0,Industrial Machinery,"Skill Development, Work Life Balance, Company Culture"
Biyani Technologies,3.4,Software Product,"Company Culture, Job Security, Promotions"
Richi Circuitronix,3.4,Electronics Manufacturing,Work Life Balance
Tvs Training And Services,3.6,Education & Training,"Promotions, Work Satisfaction, Skill Development"
bluCognition,3.1,IT Services & Consulting,"Job Security, Promotions, Skill Development"
Aster Pharmacy,3.7,Pharma,"Promotions, Work Satisfaction, Job Security"
Paradigm IT,3.6,IT Services & Consulting,"Promotions, Company Culture, Work Satisfaction"
Great Champ Technology Limited,2.8,EdTech,"Job Security, Promotions, Skill Development"
Petronet LNG,4.5,Oil & Gas,"Work Life Balance, Job Security, Salary"
Deqode,3.4,IT Services & Consulting,"Job Security, Promotions, Work Satisfaction"
Cogeme Precision Parts,3.8,Industrial Machinery,Company Culture
Zenith Industrial Rubber Products,3.4,Petrochemicals,"Promotions, Company Culture, Work Life Balance"
ATS Group,4.0,Engineering & Construction,"Work Life Balance, Skill Development, Company Culture"
ElringKlinger AG,3.7,Auto Components,Work Life Balance
Saasguru,2.0,Education & Training,"Salary, Work Satisfaction, Job Security"
Karma Ayurveda,3.6,Healthcare,"Company Culture, Promotions"
Gj Solutions,3.8,Recruitment,Company Culture
Everest Blowers & Vacuum Pumps,3.3,Industrial Machinery,"Promotions, Company Culture, Work Satisfaction"
Sahara India Financial Corporation,4.1,Financial Services,"Company Culture, Work Satisfaction, Skill Development"
Dewar's Garage,3.4,Automobile,"Job Security, Company Culture, Promotions"
Protechmanize Solutions,2.9,IT Services & Consulting,"Promotions, Company Culture, Salary"
Felix Hospital,3.3,Healthcare,"Promotions, Company Culture, Job Security"
VProtect,3.1,Gurugram +11 other locations,"Promotions, Job Security, Company Culture"
Redington Gulf,3.6,IT Services & Consulting,"Promotions, Salary, Work Life Balance"
S10 Healthcare Solutions,3.4,Fitness & Wellness,"Company Culture, Work Satisfaction, Promotions"
Rama group,3.5,Real Estate,"Promotions, Work Satisfaction, Skill Development"
BACS HITECH ENGINEERING,3.1,Engineering & Construction,"Promotions, Salary, Company Culture"
Bizbox Publishing,2.9,IT Services & Consulting,"Promotions, Skill Development, Salary"
Mobikasa,3.7,IT Services & Consulting,"Job Security, Promotions"
Hi-Tech Arai,3.6,Auto Components,"Promotions, Company Culture, Salary"
Affordplan,3.2,FinTech,"Work Satisfaction, Job Security, Promotions"
Orient Blackswan,4.2,Printing & Publishing,"Work Life Balance, Company Culture, Work Satisfaction"
T.R. Sawhney Motors,4.0,Automobile,"Work Life Balance, Company Culture, Skill Development"
Badafinance S&P Services,4.0,Mumbai +1 other locations,"Salary, Skill Development, Company Culture"
Bhargava Phytolab,3.8,Pharma,"Skill Development, Company Culture, Work Life Balance"
LS Cable,4.4,Electrical Equipment,"Work Life Balance, Company Culture, Promotions"
Trend Technologies,3.8,Pune +3 other locations,Salary
Hitachi Rail STS,4.0,Railways,"Work Life Balance, Job Security, Company Culture"
Ayushman Hospital & Health Services,3.8,Healthcare,"Promotions, Company Culture, Salary"
Oncospark India Private Limited,3.7,Analytics & KPO,"Work Life Balance, Job Security"
Mitratech,3.7,Software Product,"Company Culture, Work Life Balance"
Indogulf Cropsciences Ltd,3.6,Agro Chemicals,"Promotions, Company Culture, Work Satisfaction"
GREEN POWER INTERNATIONAL,4.4,Oil & Gas,"Company Culture, Work Life Balance, Job Security"
Galacon Infrastructure and Projects,3.4,Engineering & Construction,"Promotions, Job Security, Company Culture"
CodTech IT Solutions,4.0,IT Services & Consulting,"Work Life Balance, Work Satisfaction, Skill Development"
Falabella,2.8,Retail,"Promotions, Job Security, Work Satisfaction"
Indira Gandhi National Open University,4.4,Education & Training,"Work Life Balance, Company Culture, Work Satisfaction"
Shrim Bhanu Construction,3.4,Engineering & Construction,"Company Culture, Work Life Balance, Work Satisfaction"
E2E Networks,3.1,Hardware & Networking,"Company Culture, Job Security, Work Life Balance"
Biz2X,3.9,Financial Services,Work Life Balance
Falabella,2.8,Retail,"Promotions, Job Security, Work Satisfaction"
Centuary Fibre Plates,4.2,Furniture & Furnishing,"Work Life Balance, Job Security, Company Culture"
ACPL Systems,3.4,Law Enforcement & Security,"Promotions, Salary, Company Culture"
Oncospark India Private Limited,3.7,Analytics & KPO,"Work Life Balance, Job Security"
Ayushman Hospital & Health Services,3.8,Healthcare,"Promotions, Company Culture, Salary"
Mitratech,3.7,Software Product,"Company Culture, Work Life Balance"
Drip Capital,3.5,FinTech,"Job Security, Promotions, Work Satisfaction"
Hitachi Rail STS,4.0,Railways,"Work Life Balance, Job Security, Company Culture"
LS Cable,4.4,Electrical Equipment,"Work Life Balance, Company Culture, Promotions"
Vardhman Acrylics,3.5,Fashion & Textile,Skill Development
Vahdam India,4.2,Beverage,"Salary, Company Culture, Job Security"
Citi Style,4.2,Retail,"Job Security, Company Culture, Work Life Balance"
Believe Cosmetics,3.2,Bengaluru +22 other locations,"Job Security, Promotions, Skill Development"
CodTech IT Solutions,4.0,IT Services & Consulting,"Work Life Balance, Work Satisfaction, Skill Development"
Ivanti,3.2,IT Services & Consulting,"Promotions, Job Security, Skill Development"
Local Company,4.1,Real Estate,"Company Culture, Work Satisfaction, Skill Development"
Rotary Engineering,4.1,Oil & Gas,"Salary, Work Life Balance, Job Security"
Oriental Rubber Industries,3.0,Petrochemicals,"Promotions, Company Culture, Work Satisfaction"
Global Market Insights,3.0,Analytics & KPO,"Work Satisfaction, Work Life Balance, Job Security"
Raj Process Equipments And System,3.8,Industrial Machinery,"Salary, Job Security, Promotions"
ASBS & Co.,3.2,Banking,"Promotions, Salary, Company Culture"
DY Patil University,3.5,Education & Training,"Promotions, Job Security, Company Culture"
Richmondd Global School,4.7,Education & Training,"Company Culture, Work Life Balance, Work Satisfaction"
Mumbai Metro One,3.9,Urban Transport,"Job Security, Work Life Balance, Work Satisfaction"
Lincoln Electric,4.1,Electrical Equipment,"Work Life Balance, Job Security, Salary"
Skyi Developers,4.3,Real Estate,"Company Culture, Work Life Balance, Work Satisfaction"
REVA University,3.8,Education & Training,Work Life Balance
Reliable Spaces,2.7,Real Estate,"Company Culture, Salary, Job Security"
Renishaw Metrology Systems Limited,4.0,Industrial Automation,"Work Life Balance, Job Security, Company Culture"
Biomerieux,3.3,Biotechnology,"Promotions, Salary, Company Culture"
Rhydburg Pharmaceuticals,2.9,Pharma,"Promotions, Job Security, Work Life Balance"
Adyar Ananda Bhavan Sweets,4.1,Hospitality,"Job Security, Company Culture, Work Life Balance"
Delta IoT Solutions,3.4,Software Product,"Promotions, Salary, Company Culture"
L&T SuFin,3.3,Internet,Work Life Balance
G.S.E.C,3.0,Logistics,"Job Security, Promotions, Skill Development"
Brindavan Bottlers,3.4,Beverage,"Promotions, Company Culture, Work Life Balance"
Hombale Constructions and Estates,4.5,Engineering & Construction,"Salary, Company Culture, Job Security"
Xome,4.4,Internet,"Work Life Balance, Job Security, Work Satisfaction"
Weizmann Forex,4.4,Financial Services,"Work Satisfaction, Work Life Balance, Skill Development"
Alstrong Enterprises,4.3,Building Material,"Work Life Balance, Company Culture, Work Satisfaction"
Retailio,3.9,Internet,"Salary, Work Life Balance, Skill Development"
Panchayati Raj,3.4,Government,"Promotions, Salary, Job Security"
MAHLE Holding (India),3.8,Auto Components,"Work Life Balance, Job Security"
Rotomaker,3.6,Animation & VFX,"Promotions, Salary, Job Security"
Gandhar Oil Refinery India,3.4,Oil & Gas,"Promotions, Company Culture, Salary"
Featherlite,3.5,Furniture & Furnishing,"Promotions, Work Satisfaction, Salary"
Emoha Elder Care,2.5,Fitness & Wellness,"Job Security, Promotions, Skill Development"
AmpIn Energy Transition,4.1,Power,"Work Life Balance, Salary, Job Security"
Abhijeet Group,3.8,Power,"Skill Development, Work Satisfaction, Salary"
Government of Madhya Pradesh,4.1,Government,"Job Security, Work Life Balance"
Anna University,3.8,Education & Training,Work Life Balance
Gujarat Insecticides,4.1,Biotechnology,"Job Security, Work Life Balance, Salary"
House of Beauty,3.6,Internet,
MSL Group,3.2,Education & Training,"Promotions, Company Culture, Work Life Balance"
Shreeja Mahila Milk Producer Company,4.2,Food Processing,"Work Life Balance, Company Culture, Work Satisfaction"
RD Public School,4.1,Education & Training,"Job Security, Skill Development, Company Culture"
Seneca Global IT Services,4.2,IT Services & Consulting,"Company Culture, Work Life Balance, Work Satisfaction"
Featherlite,3.5,Furniture & Furnishing,"Promotions, Work Satisfaction, Salary"
Indwell,3.7,Engineering & Construction,Promotions
Emoha Elder Care,2.5,Fitness & Wellness,"Job Security, Promotions, Skill Development"
Lyka Labs,3.7,Pharma,"Promotions, Skill Development, Company Culture"
Platinum One,3.5,BPO,"Promotions, Work Life Balance, Job Security"
Rolex Rings,3.8,Industrial Machinery,"Job Security, Skill Development, Work Life Balance"
NGRT Systems Private Limited,3.7,Retail,"Skill Development, Salary"
Shriji Polymers,3.9,Packaging,"Company Culture, Work Life Balance"
MSL Group,3.2,Education & Training,"Promotions, Company Culture, Work Life Balance"
Travclan Technology India,3.4,Travel & Tourism,"Work Life Balance, Work Satisfaction, Job Security"
Mersen,3.9,Industrial Machinery,"Work Life Balance, Job Security"
Vistaprint,3.4,Internet,Work Life Balance
Woxsen University,3.3,Hyderabad +7 other locations,"Job Security, Promotions, Company Culture"
Gujarat Insecticides,4.1,Biotechnology,"Job Security, Work Life Balance, Salary"
Abhijeet Group,3.8,Power,"Skill Development, Work Satisfaction, Salary"
Government of Madhya Pradesh,4.1,Government,"Job Security, Work Life Balance"
Volvo Buses,3.0,Automobile,"Promotions, Work Satisfaction, Company Culture"
Anna University,3.8,Education & Training,Work Life Balance
Oxane Partners,3.5,Financial Services,"Job Security, Company Culture, Work Life Balance"
RD Public School,4.1,Education & Training,"Job Security, Skill Development, Company Culture"
Geeklurn,3.6,EdTech,
Aegis Vopak Terminals,3.2,Oil & Gas,"Company Culture, Promotions, Work Satisfaction"
Advanz Pharma,3.9,Pharma,"Work Life Balance, Company Culture, Salary"
Minfy Technologies,3.1,IT Services & Consulting,"Company Culture, Promotions, Work Satisfaction"
Spl Infrastructure,4.0,Engineering & Construction,Skill Development
Nova Techset,3.4,Printing & Publishing,"Promotions, Salary, Company Culture"
Faze Three,3.4,Fashion & Textile,"Job Security, Promotions, Skill Development"
Phoenix Mecano,4.1,Industrial Machinery,"Job Security, Work Life Balance, Company Culture"
Shreeja Mahila Milk Producer Company,4.2,Food Processing,"Work Life Balance, Company Culture, Work Satisfaction"
Terminal Technologies (i),4.2,Telecom,"Job Security, Skill Development, Work Life Balance"
Kalpa Electrikal,3.7,Electrical Equipment,"Promotions, Company Culture, Work Satisfaction"
Sage IT,3.3,IT Services & Consulting,"Promotions, Work Satisfaction, Job Security"
Marc Laboratories,3.0,Pharma,"Promotions, Salary, Company Culture"
Emerald Haven Realty,3.9,Real Estate,Salary
Masters Management Consultants,3.8,Real Estate,
Accubits Technologies,3.1,IT Services & Consulting,"Job Security, Promotions, Company Culture"
Acsia Technologies,3.1,Automobile,"Promotions, Salary, Job Security"
Adarsh Group,4.5,Bengaluru +10 other locations,"Work Life Balance, Company Culture, Work Satisfaction"
Hirotec,3.8,Auto Components,Job Security
Marc Laboratories,3.0,Pharma,"Promotions, Salary, Company Culture"
APPL Industries,3.7,Chemicals,"Promotions, Salary, Company Culture"
Vcommission Media Private,4.3,Marketing & Advertising,"Company Culture, Work Life Balance, Work Satisfaction"
ATS Services,3.5,Analytics & KPO,"Promotions, Work Life Balance, Work Satisfaction"
Sciative Solutions,3.9,Software Product,"Skill Development, Company Culture, Work Satisfaction"
AGCO Corporation,3.9,Industrial Machinery,"Work Life Balance, Company Culture, Salary"
DELLA LEADERS CLUB,4.6,IT Services & Consulting,"Skill Development, Company Culture, Work Life Balance"
CL MICROMED,4.0,Medical Equipment,"Job Security, Work Satisfaction, Skill Development"
Suzlon Gujarat Wind Park,4.5,Power,"Work Life Balance, Skill Development, Company Culture"
Shj International,4.3,IT Services & Consulting,"Skill Development, Company Culture, Work Satisfaction"
Ahlcon Parenterals,4.7,Pharma,"Work Life Balance, Job Security, Work Satisfaction"
DeliverHealth Solutions,3.3,Software Product,"Job Security, Promotions, Skill Development"
Pride Technologies,3.4,Recruitment,"Promotions, Skill Development, Company Culture"
Jse Engineering Private Limited,3.4,Engineering & Construction,"Job Security, Skill Development"
Sterling E-Mobility Solutions,3.8,Auto Components,"Work Life Balance, Salary, Skill Development"
Mores Techno Private Limited,4.8,Real Estate,"Company Culture, Work Life Balance, Work Satisfaction"
Infomerica,3.1,IT Services & Consulting,"Job Security, Promotions, Company Culture"
Sentini,3.5,Vijayawada +16 other locations,"Company Culture, Promotions, Skill Development"
DentalKart,2.9,Internet,"Promotions, Job Security, Company Culture"
Jay Fe Cylinders,3.9,Bhiwadi +14 other locations,"Promotions, Company Culture, Salary"
BML Munjal University,4.2,Education & Training,"Company Culture, Work Life Balance, Job Security"
Reebok,4.0,Fashion & Textile,"Work Life Balance, Skill Development"
SPS Hospitals,4.0,Healthcare,"Work Life Balance, Company Culture, Work Satisfaction"
Keltron,3.9,Electronics Manufacturing,"Company Culture, Work Satisfaction, Skill Development"
INTERPLEX,4.2,Industrial Automation,"Company Culture, Job Security, Skill Development"
Rajasthan Antibiotics,3.8,Pharma,Work Life Balance
Shore Infotech India,2.9,IT Services & Consulting,"Promotions, Skill Development, Job Security"
Akums Healthcare,3.9,Pharma,"Job Security, Work Life Balance, Skill Development"
GOOD,4.4,Marketing & Advertising,"Work Life Balance, Company Culture, Work Satisfaction"
Sandip University,3.2,Education & Training,"Promotions, Work Satisfaction, Company Culture"
RG Group,4.3,Real Estate,"Work Life Balance, Company Culture, Work Satisfaction"
KLC CONSTRUCTION,3.8,Engineering & Construction,"Job Security, Promotions, Company Culture"
Object Frontier Software,3.7,IT Services & Consulting,"Job Security, Company Culture, Promotions"
Chetak Enterprises,4.5,Engineering & Construction,"Work Life Balance, Company Culture, Work Satisfaction"
JBF Industries,3.5,Fashion & Textile,Job Security
Shindengen,3.7,Semiconductors,Job Security
R.k.industries,3.7,Industrial Machinery,"Promotions, Work Satisfaction, Job Security"
Government of Kerala,4.0,Government,"Work Life Balance, Job Security, Company Culture"
Techwise Digital,4.6,IT Services & Consulting,"Work Life Balance, Company Culture, Work Satisfaction"
Soffit Infrastructure Services,3.7,Real Estate,"Promotions, Salary, Job Security"
DentalKart,2.9,Internet,"Promotions, Job Security, Company Culture"
Oman Pharmaceutical Products,2.5,Pharma,"Promotions, Company Culture, Salary"
MNR Solutions,4.1,Recruitment,"Salary, Skill Development, Company Culture"
Stallion Laboratories,3.2,Pharma,"Company Culture, Work Satisfaction, Job Security"
TekFriday Processing Solutions,3.5,Financial Services,"Promotions, Work Satisfaction, Skill Development"
Cartrade.com,3.7,Internet,"Company Culture, Salary"
Seinumero Nirman,3.2,Industrial Machinery,"Promotions, Company Culture, Work Satisfaction"
Eagle Information Systems,3.7,IT Services & Consulting,"Promotions, Company Culture, Work Satisfaction"
Claritus Management Consulting,4.2,IT Services & Consulting,"Work Life Balance, Company Culture, Work Satisfaction"
Akums Healthcare,3.9,Pharma,"Job Security, Work Life Balance, Skill Development"
M2P Solutions,3.4,Financial Services,"Job Security, Promotions, Work Satisfaction"
Ramkrishna Care Hospital,3.6,Healthcare,"Promotions, Salary, Work Satisfaction"
Affordable Robotic and Automation,3.0,IT Services & Consulting,"Salary, Company Culture, Work Life Balance"
Arvog,4.5,Financial Services,"Work Life Balance, Work Satisfaction, Company Culture"
GOOD,4.4,Marketing & Advertising,"Work Life Balance, Company Culture, Work Satisfaction"
KORE.AI SOFTWARE INDIA,3.3,Emerging Technologies,"Work Satisfaction, Company Culture, Work Life Balance"
Total IT Global,3.7,IT Services & Consulting,Work Life Balance
Gojavas,4.8,Logistics,"Company Culture, Work Satisfaction, Work Life Balance"
KLC CONSTRUCTION,3.8,Engineering & Construction,"Job Security, Promotions, Company Culture"
RG Group,4.2,Real Estate,"Work Life Balance, Company Culture, Work Satisfaction"
Edvoy,4.0,Chennai +6 other locations,"Work Life Balance, Salary, Work Satisfaction"
Gojavas,4.8,Logistics,"Company Culture, Work Satisfaction, Work Life Balance"
GD Goenka International School,3.2,Surat +16 other locations,"Job Security, Work Life Balance, Promotions"
Ramkrishna Care Hospital,3.6,Healthcare,"Promotions, Salary, Work Satisfaction"
Affordable Robotic and Automation,3.0,IT Services & Consulting,"Salary, Company Culture, Work Life Balance"
Arvog,4.5,Financial Services,"Work Life Balance, Work Satisfaction, Company Culture"
InnoEye Technologies,3.1,IT Services & Consulting,"Work Life Balance, Company Culture, Work Satisfaction"
Saboo RKS Motor,4.1,Automobile,"Work Life Balance, Work Satisfaction, Skill Development"
Entra Solutions,3.4,Financial Services,"Promotions, Company Culture, Work Satisfaction"
TeamLease Staffing Solutions,3.3,Internet,"Promotions, Salary, Work Life Balance"
Rds Project,3.4,Real Estate,"Promotions, Company Culture, Salary"
Brightsun Travel,2.9,Travel & Tourism,"Promotions, Company Culture, Work Satisfaction"
Netxcell,3.3,Telecom,"Promotions, Job Security, Company Culture"
ORIX Leasing & Financial Services,4.1,Financial Services,"Work Life Balance, Company Culture, Job Security"
Gurit India,3.9,Internet,"Skill Development, Company Culture, Work Life Balance"
Waaree Renewable Technologies,4.1,Power,"Job Security, Work Life Balance, Salary"
Sher-I-Kashmir Institute of Medical Sciences,4.1,Healthcare,Skill Development
AFour Technologies,3.3,IT Services & Consulting,Work Life Balance
Beetel Teletech,3.8,Telecom,"Work Life Balance, Salary"
PVR PROJECTS,3.8,Engineering & Construction,Salary
Nath Bio - Genes,4.0,Agro Chemicals,"Company Culture, Work Life Balance, Work Satisfaction"
Fi,3.6,FinTech,Company Culture
CISB,3.5,Law Enforcement & Security,"Promotions, Skill Development, Salary"
Exl Technosolutions,3.7,IT Services & Consulting,"Job Security, Work Life Balance"
Arora Iron & Steel Rolling Mills,3.9,Iron & Steel,"Promotions, Salary"
Tulip Infratech,3.6,Real Estate,Salary
Spack Automotives,3.3,Greater Noida +11 other locations,"Promotions, Company Culture, Work Life Balance"
Dubai Electricity & Water Authority (DEWA),3.5,Power,"Job Security, Work Life Balance"
Central Electronics,3.8,Government,"Job Security, Promotions, Company Culture"
Mangalore Refinery and Petrochemicals,4.1,Oil & Gas,"Job Security, Work Life Balance, Work Satisfaction"
Bikayi,2.8,Marketing & Advertising,"Job Security, Work Satisfaction, Company Culture"
GlobalHunt,4.1,Recruitment,"Skill Development, Company Culture, Work Satisfaction"
South India Krishna Oil & Fat,4.2,Oil & Gas,"Work Life Balance, Job Security, Company Culture"
Wealth Clinic,3.0,Real Estate,"Work Satisfaction, Promotions, Salary"
WebPT,3.8,Software Product,"Salary, Company Culture, Work Life Balance"
Floating Numbers Digital Solutions,3.2,IT Services & Consulting,"Promotions, Salary, Company Culture"
iPlace,3.6,Pune +2 other locations,"Salary, Work Life Balance"
IBN Technologies,3.6,Financial Services,"Promotions, Salary, Company Culture"
Chinmaya Vidyalaya,3.8,Education & Training,"Promotions, Company Culture, Work Life Balance"
Polmon Instruments,3.4,Industrial Automation,"Job Security, Skill Development"
Jamkash Vehicleades,3.4,Automobile,"Promotions, Job Security, Salary"
Derewala Jewellery Industries,3.5,Jewellery,"Promotions, Company Culture, Work Satisfaction"
Apac Housing Finance,4.2,Financial Services,"Salary, Company Culture, Work Life Balance"
Rocket Software,4.0,IT Services & Consulting,"Company Culture, Work Life Balance, Salary"
Gear Inc,2.7,Gaming,"Job Security, Promotions, Skill Development"
GO MO Group AB,4.0,Marketing & Advertising,"Skill Development, Company Culture, Work Satisfaction"
Elevate,2.9,Internet,"Promotions, Job Security, Work Satisfaction"
R. K. Associates Valuers & Techno Engineering Consultants,3.8,Management Consulting,Promotions
Shubham Goldiee Masale,4.3,Food Processing,"Job Security, Company Culture, Work Life Balance"
Customer Analytics,4.1,IT Services & Consulting,"Work Life Balance, Company Culture, Salary"
Cemtics,3.7,Telecom,"Promotions, Work Satisfaction, Skill Development"
Ministry of Rural Development India,3.5,Government,"Promotions, Job Security, Salary"
Altudo,2.8,IT Services & Consulting,"Job Security, Promotions, Work Life Balance"
Hindustan Copper,4.0,Metals & Mining,"Work Life Balance, Job Security, Work Satisfaction"
Global Group,4.0,Engineering & Construction,"Work Life Balance, Salary"
Constantia Flexibles,4.0,Packaging,"Work Life Balance, Job Security, Work Satisfaction"
Greystar,3.7,Real Estate,Work Life Balance
Kalki Fashion,2.9,Fashion & Textile,"Promotions, Company Culture, Job Security"
Kisankonnect,2.8,Food Processing,"Promotions, Company Culture, Job Security"
Vianaar Homes,4.0,Real Estate,"Work Life Balance, Salary, Company Culture"
Breach Candy Hospital Trust,4.0,Healthcare,"Work Life Balance, Salary, Job Security"
Smpp,3.5,Defence & Aerospace,"Company Culture, Work Life Balance, Work Satisfaction"
Golcha Associated Group,3.7,Metals & Mining,"Work Life Balance, Company Culture"
Kisankonnect,2.8,Food Processing,"Promotions, Company Culture, Job Security"
Arora Iron & Steel Rolling Mills,3.9,Iron & Steel,"Promotions, Salary"
Tulip Infratech,3.6,Real Estate,Salary
DAS Offshore Engineering,3.6,Industrial Machinery,"Promotions, Salary, Company Culture"
Udaan Technologies,3.9,IT Services & Consulting,"Salary, Company Culture"
Agilisium,3.3,IT Services & Consulting,"Promotions, Company Culture, Job Security"
Guru Amardass International,3.4,Electronics Manufacturing,"Company Culture, Job Security, Promotions"
Pushpanjali Hospital & Research Centre,4.0,Healthcare,"Work Life Balance, Company Culture, Work Satisfaction"
Mani Group,3.6,Real Estate,Work Life Balance
TEJRAJ PROMOTERS & BUILDERS,4.2,Real Estate,"Salary, Skill Development, Company Culture"
ADG Online Solutions,2.3,New Delhi +6 other locations,"Promotions, Company Culture, Work Satisfaction"
BONbLOC,3.5,IT Services & Consulting,"Job Security, Promotions, Salary"
Newaco Grupo,3.5,Luanda +14 other locations,"Job Security, Company Culture, Promotions"
Driver Logistics,4.0,Logistics,"Skill Development, Company Culture, Work Satisfaction"
Vasu Chemicals,3.7,Waste Management,Job Security
Spack Automotives,3.3,Greater Noida +11 other locations,"Promotions, Company Culture, Work Life Balance"
Dubai Electricity & Water Authority (DEWA),3.5,Power,"Job Security, Work Life Balance"
Central Electronics,3.9,Government,"Job Security, Promotions, Company Culture"
Mangalore Refinery and Petrochemicals,4.1,Oil & Gas,"Job Security, Work Life Balance, Work Satisfaction"
Quampetence Business Solutions,2.8,BPO,"Promotions, Salary, Job Security"
Veoneer India,3.7,Auto Components,"Promotions, Company Culture, Work Satisfaction"
Paloma Turning,4.0,Industrial Machinery,"Work Life Balance, Job Security"
Onsurity Technologies,2.1,Insurance,"Job Security, Promotions, Work Satisfaction"
Comed Chemicals,3.6,Pharma,"Promotions, Job Security, Skill Development"
INDI IT SOLUTIONS,4.4,IT Services & Consulting,"Work Life Balance, Work Satisfaction, Company Culture"
Marc Enterprises,3.6,Electronics Manufacturing,"Promotions, Salary, Company Culture"
Brahmaputra Cracker and Polymer,4.3,Dibrugarh +20 other locations,"Work Life Balance, Job Security, Salary"
ADA Tech Solutions Private Limited,3.4,BPO,"Promotions, Job Security, Salary"
Chumbak Design,3.4,Retail,"Promotions, Job Security, Company Culture"
R M Chemicals,3.6,FMCG,"Promotions, Work Life Balance, Company Culture"
Digitas,3.5,Marketing & Advertising,"Promotions, Salary, Work Satisfaction"
Wicked Ride Adventures,4.1,Internet,"Company Culture, Work Life Balance, Skill Development"
Steelcase Asia Pacific Holdings India,3.5,Furniture & Furnishing,"Company Culture, Work Life Balance"
Elysium Pharmaceuticals,3.3,Pharma,"Promotions, Work Satisfaction, Job Security"
Indus International School,3.2,Education & Training,Salary
HuntingCube Recruitment Solution,3.9,Recruitment,"Skill Development, Company Culture, Work Life Balance"
Nagravision,3.4,IT Services & Consulting,"Promotions, Job Security, Skill Development"
The Web Plant,2.8,IT Services & Consulting,"Promotions, Salary, Company Culture"
Vishnu Prakash R Pungaliya Construction,2.8,Engineering & Construction,"Promotions, Company Culture, Job Security"
Midco,3.6,Telecom,"Work Life Balance, Work Satisfaction"
Indiana Gratings,3.2,Import & Export,"Promotions, Company Culture, Work Satisfaction"
Shine Projects,4.4,Hyderabad +9 other locations,"Work Life Balance, Company Culture, Job Security"
East West Seeds,4.3,FMCG,"Company Culture, Work Life Balance, Work Satisfaction"
Khimji Jewellers,3.7,Jewellery,Salary
Credit Information Bureau,3.5,Mumbai +7 other locations,Salary
SWISS PARENTERALS,3.8,Pharma,"Job Security, Salary"
Pavna Group of Industries,3.4,Auto Components,"Promotions, Company Culture, Salary"
Bounce,3.2,Automobile,"Job Security, Promotions, Skill Development"
Vibrant Infocom,2.4,Other,"Salary, Promotions, Work Satisfaction"
Vaibhav Plasto Printing & Packaging,4.0,Packaging,"Skill Development, Work Life Balance, Salary"
Paytm Mall,3.6,Internet,"Job Security, Promotions, Company Culture"
IMS Groups,3.0,Ahmedabad +10 other locations,"Promotions, Skill Development, Work Satisfaction"
SAIL Bokaro Steel Plant,4.1,Iron & Steel,"Company Culture, Work Life Balance, Work Satisfaction"
NJ Wealth,3.7,Financial Services,Job Security
T&T Group,4.0,Real Estate,"Company Culture, Work Life Balance, Salary"
Uralungal Labour Contract Cooperative Society,3.3,Kozhikode +12 other locations,Job Security
Acme Services,4.1,Recruitment,"Company Culture, Skill Development, Job Security"
Mobily Infotech,3.1,Telecom,"Promotions, Skill Development, Salary"
Pay point india,3.0,FinTech,"Promotions, Job Security, Company Culture"
SAIL Bokaro Steel Plant,4.1,Iron & Steel,"Company Culture, Work Life Balance, Work Satisfaction"
Uralungal Labour Contract Cooperative Society,3.3,Kozhikode +12 other locations,Job Security
Bounce,3.2,Automobile,"Job Security, Promotions, Skill Development"
NJ Wealth,3.7,Financial Services,Job Security
T&T Group,4.0,Real Estate,"Company Culture, Work Life Balance, Salary"
Kcm Appliances,3.6,Consumer Electronics & Appliances,"Promotions, Salary, Company Culture"
Integer Telecom Services,2.8,Noida +6 other locations,"Company Culture, Job Security, Promotions"
PB Partners,3.2,Insurance,"Promotions, Work Life Balance, Work Satisfaction"
SWISS PARENTERALS,3.8,Pharma,"Job Security, Salary"
Kanchan Metals,4.2,Industrial Machinery,"Salary, Work Life Balance, Work Satisfaction"
Epicu Agro Products,3.1,Food Processing,"Promotions, Company Culture, Work Satisfaction"
Patanjali Parivahan,3.7,Logistics,"Promotions, Salary, Company Culture"
Tricolite Electrical Industries,4.1,Electrical Equipment,"Job Security, Skill Development, Work Life Balance"
CORE EHS,3.7,Management Consulting,"Promotions, Company Culture"
XL Laboratories,3.5,Pharma,"Company Culture, Promotions, Job Security"
Gala Precision Engineering Limited,3.8,Engineering & Construction,"Job Security, Company Culture, Salary"
E-connect Solutions,3.0,IT Services & Consulting,"Promotions, Skill Development, Salary"
Decision Minds,3.4,IT Services & Consulting,"Promotions, Job Security, Salary"
TEXILA AMERICAN UNIVERSITY,3.9,Education & Training,"Work Life Balance, Work Satisfaction, Skill Development"
Bnk Power Solution,3.9,Power,
ERD Technologies,3.4,Electronics Manufacturing,"Promotions, Salary, Work Satisfaction"
Khosla Profil Private Limited,3.4,Fashion & Textile,"Work Satisfaction, Company Culture, Job Security"
Minda Silca Engineering,3.6,Industrial Automation,"Promotions, Work Satisfaction, Salary"
Blackbaud,3.4,Software Product,Salary
Presto Stantest,3.7,Industrial Machinery,"Salary, Work Life Balance"
Hotel Sahara Star,3.2,Hospitality,"Promotions, Work Satisfaction, Job Security"
Mondee,3.1,Internet,"Promotions, Job Security, Company Culture"
Futures Group,4.7,Retail,"Company Culture, Work Life Balance, Skill Development"
Digiperform,3.4,Education & Training,"Promotions, Job Security, Salary"
Ingenuity Gaming,2.7,Gaming,"Promotions, Skill Development, Job Security"
Wizertech Informatics,4.3,IT Services & Consulting,"Work Life Balance, Job Security, Company Culture"
SCOPE T&M,3.5,Import & Export,Job Security
Artson Engineering,4.0,Engineering & Construction,"Job Security, Company Culture, Work Life Balance"
Chemist Box Private Limited,3.8,Patna +5 other locations,"Skill Development, Salary"
Senrysa Technologies,4.1,IT Services & Consulting,"Company Culture, Work Life Balance, Work Satisfaction"
Absolutelabs,4.3,IT Services & Consulting,"Work Life Balance, Skill Development, Company Culture"
iLabz Technology,3.1,Recruitment,"Job Security, Work Satisfaction, Promotions"
Chemtrols Industries,3.2,Industrial Automation,"Salary, Promotions, Company Culture"
EasyBuy Lifestyle,3.8,Retail,Promotions
PGEIN,3.5,Accounting & Auditing,Salary
Electronica India Limited,4.6,Pune +25 other locations,"Company Culture, Work Life Balance, Skill Development"
Suhail Bahwan Automobiles,4.0,Auto Components,"Salary, Company Culture, Skill Development"
Maaden Phosphate Company,4.2,Metals & Mining,"Work Life Balance, Salary, Company Culture"
BetterPlace Select,4.2,Recruitment,"Company Culture, Salary, Work Life Balance"
Central Board of Secondary Education,4.3,Government,"Work Life Balance, Skill Development, Company Culture"
City Hospital,4.3,Healthcare,"Work Life Balance, Skill Development, Work Satisfaction"
PaywithRING,4.1,FinTech,"Company Culture, Work Life Balance, Work Satisfaction"
Imark InfoTech,4.0,IT Services & Consulting,"Skill Development, Work Satisfaction, Job Security"
Orient Fashions,4.1,Fashion & Textile,"Work Life Balance, Company Culture"
Jaycee Punching Solution,4.2,Electronics Manufacturing,"Work Life Balance, Company Culture, Work Satisfaction"
Bharat Intern,3.9,Hyderabad +23 other locations,Work Life Balance
JMD Group,4.0,Real Estate,"Work Life Balance, Salary, Work Satisfaction"
Amco Batteries,4.3,Auto Components,"Work Life Balance, Company Culture, Work Satisfaction"
Network People Services Technologies,3.0,IT Services & Consulting,"Promotions, Company Culture, Work Life Balance"
RNS Motors,3.4,Automobile,"Job Security, Promotions, Company Culture"
Cinntra Info Tech Solutions,3.4,IT Services & Consulting,"Job Security, Promotions, Company Culture"
Simeio Solutions,3.9,IT Services & Consulting,"Skill Development, Work Life Balance, Salary"
The Heritage School,3.7,Education & Training,"Promotions, Company Culture, Work Satisfaction"
Electronica India Limited,4.6,Pune +25 other locations,"Company Culture, Work Life Balance, Skill Development"
PGEIN,3.5,Accounting & Auditing,Salary
2050 Healthcare,3.2,Healthcare,"Promotions, Job Security, Company Culture"
City Hospital,4.3,Healthcare,"Work Life Balance, Skill Development, Work Satisfaction"
PaywithRING,4.1,FinTech,"Company Culture, Work Life Balance, Work Satisfaction"
Amco Batteries,4.3,Auto Components,"Work Life Balance, Company Culture, Work Satisfaction"
JMD Group,4.0,Real Estate,"Work Life Balance, Salary, Work Satisfaction"
RNS Motors,3.4,Automobile,"Job Security, Promotions, Company Culture"
The Heritage School,3.7,Education & Training,"Promotions, Company Culture, Work Satisfaction"
LMES Academy,3.4,Education & Training,"Job Security, Promotions, Company Culture"
KTM,3.7,Automobile,Work Life Balance
SAAB ENGINEERING,3.7,Auto Components,"Promotions, Work Satisfaction, Salary"
Glance,3.4,Internet,"Promotions, Job Security, Work Satisfaction"
Abhyudaya Co-operative Bank,3.6,Banking,"Work Life Balance, Job Security"
U K Paints,3.1,Building Material,"Promotions, Company Culture, Work Life Balance"
Six Sails Technologies,4.1,IT Services & Consulting,"Work Life Balance, Company Culture, Work Satisfaction"
R K Construction,4.2,Engineering & Construction,"Work Satisfaction, Company Culture, Work Life Balance"
Rishita Developers,4.0,Real Estate,"Job Security, Salary, Company Culture"
Petron Engineering Construction,4.3,Engineering & Construction,"Work Life Balance, Work Satisfaction, Salary"
Diensten Tech,2.9,IT Services & Consulting,"Promotions, Job Security, Skill Development"
FiftyFive Technologies,4.2,IT Services & Consulting,"Company Culture, Work Life Balance, Job Security"
Paladion Networks,3.7,Hardware & Networking,Job Security
2050 Healthcare,3.2,Healthcare,"Promotions, Job Security, Company Culture"
J&K Bank,3.9,Banking,"Job Security, Skill Development, Salary"
Six Sails Technologies,4.1,IT Services & Consulting,"Work Life Balance, Company Culture, Work Satisfaction"
Abhyudaya Co-operative Bank,3.6,Banking,"Work Life Balance, Job Security"
SAAB ENGINEERING,3.7,Auto Components,"Promotions, Work Satisfaction, Salary"
U K Paints,3.1,Building Material,"Promotions, Company Culture, Work Life Balance"
Codleo Consulting,4.5,IT Services & Consulting,"Skill Development, Company Culture, Work Satisfaction"
21K School,3.1,EdTech,"Promotions, Job Security, Salary"
Ledure Lighting,3.8,Consumer Electronics & Appliances,"Work Life Balance, Company Culture, Work Satisfaction"
R K Construction,4.2,Engineering & Construction,"Work Satisfaction, Company Culture, Work Life Balance"
Sbm Bank,3.4,Financial Services,"Job Security, Promotions, Work Satisfaction"
ABK Imports,4.0,Import & Export,"Company Culture, Skill Development, Work Satisfaction"
uCertify,3.6,EdTech,"Promotions, Work Life Balance, Work Satisfaction"
RepIndia,4.0,Marketing & Advertising,"Company Culture, Work Life Balance, Work Satisfaction"
Petron Engineering Construction,4.3,Engineering & Construction,"Work Life Balance, Work Satisfaction, Salary"
Diensten Tech,2.9,IT Services & Consulting,"Promotions, Job Security, Skill Development"
Indorama Ventures Global Shared Services,3.3,Chemicals,"Promotions, Company Culture, Work Satisfaction"
Indication Instruments,3.9,Auto Components,"Work Life Balance, Job Security"
Charnock Hospital Research Centre,3.2,Healthcare,"Salary, Promotions, Company Culture"
ERGOS,3.3,Internet,"Job Security, Promotions, Work Life Balance"
Kalinga University,3.1,Education & Training,"Promotions, Company Culture, Work Satisfaction"
Vivicta,4.2,IT Services & Consulting,"Work Life Balance, Company Culture, Work Satisfaction"
Frootle,3.1,Mumbai +11 other locations,"Promotions, Company Culture, Work Life Balance"
Xitadel CAE Technologies,3.3,Analytics & KPO,"Promotions, Work Satisfaction, Job Security"
Nirmiti Precision,3.5,Electronics Manufacturing,"Promotions, Company Culture, Work Satisfaction"
Rubixe,3.9,IT Services & Consulting,"Company Culture, Work Life Balance, Skill Development"
Ebullient Securities,3.7,Financial Services,"Salary, Work Life Balance"
Learnbay,3.6,Bengaluru +4 other locations,"Job Security, Promotions, Skill Development"
Vendasta Technology (India) Private Limited,3.7,Software Product,"Work Life Balance, Company Culture"
Mobicule Technologies,3.0,Software Product,"Promotions, Salary, Work Life Balance"
Concorde Group,4.2,Real Estate,"Work Life Balance, Company Culture, Job Security"
Sandberg Translation Partners,3.8,Chemicals,"Work Life Balance, Job Security, Salary"
Markem Imaje,3.8,Industrial Automation,"Work Life Balance, Salary"
Fable Fintech,3.8,Internet,"Skill Development, Work Satisfaction, Salary"
ProProfs,4.1,Software Product,"Work Life Balance, Company Culture, Job Security"
Axis Risk Consulting Services,3.3,Gurugram +13 other locations,"Salary, Promotions, Company Culture"
JIVAH,3.7,Electrical Equipment,Skill Development
Nkgsb CO-OP Bank,3.7,Banking,"Work Life Balance, Job Security"
Tyger Home Finance,3.8,Financial Services,"Work Life Balance, Salary"
TopSource,3.7,Other,Work Life Balance
Creative Info-link,2.5,IT Services & Consulting,"Promotions, Salary, Company Culture"
Vectone Mobile,1.7,Telecom,"Job Security, Company Culture, Work Life Balance"
Adaequare,3.1,IT Services & Consulting,"Promotions, Company Culture, Job Security"
Artifint Technologies,4.4,Hyderabad +16 other locations,"Job Security, Company Culture, Promotions"
Akshar Elecinfra,4.0,Engineering & Construction,"Skill Development, Job Security"
Gulbrandsen Technologies,3.4,Pharma,"Promotions, Company Culture, Work Satisfaction"
iQuest Management Consultants,3.4,Recruitment,"Promotions, Salary, Work Satisfaction"
SPS Construction & Engineering Works,3.4,Engineering & Construction,"Promotions, Salary, Company Culture"
SYConE CPMC,3.4,Engineering & Construction,"Job Security, Promotions, Company Culture"
MAHLE Engineering,3.8,Pune +1 other locations,"Work Life Balance, Company Culture, Job Security"
SuperProcure,4.6,Software Product,"Company Culture, Work Satisfaction, Job Security"
Maharashtra State Power Generation Company,4.4,Power,"Job Security, Company Culture, Salary"
iXceed Solutions,4.0,Recruitment,"Company Culture, Work Life Balance, Work Satisfaction"
Matangi Industries,3.2,Chemicals,"Promotions, Work Satisfaction, Salary"
Srmb Steel,3.3,Iron & Steel,"Promotions, Company Culture, Skill Development"
Reliance Broadcast Network,2.9,Broadcasting,"Promotions, Salary, Company Culture"
Swan Defence and Heavy Industries,3.6,Ports & Shipping,"Promotions, Company Culture, Work Satisfaction"
Twin Health,3.2,Healthcare,"Job Security, Company Culture, Promotions"
SYConE CPMC,3.4,Engineering & Construction,"Job Security, Promotions, Company Culture"
Gulbrandsen Technologies,3.4,Pharma,"Promotions, Company Culture, Work Satisfaction"
SPS Construction & Engineering Works,3.4,Engineering & Construction,"Promotions, Salary, Company Culture"
Jamshedpur Continuous Annealing and Processing Company,3.3,Metals & Mining,"Promotions, Skill Development, Salary"
BITS Pilani,4.0,Education & Training,"Work Life Balance, Company Culture, Job Security"
Norisys Technology,4.4,Electrical Equipment,"Work Life Balance, Work Satisfaction, Company Culture"
Seven Seas Hotel,3.1,Hospitality,"Salary, Promotions, Skill Development"
Dr. Mehta's Hospitals,3.4,Healthcare,"Promotions, Company Culture, Job Security"
Analog Devices,4.0,Semiconductors,"Company Culture, Work Life Balance"
Associated Power Structures,4.2,Oil & Gas,"Job Security, Company Culture, Work Life Balance"
Voltamp Transformers,4.0,Electrical Equipment,"Work Life Balance, Job Security, Salary"
ImpactQA,3.8,IT Services & Consulting,"Work Life Balance, Company Culture, Work Satisfaction"
Enviro Facility Management Company,4.2,Facility Management Services,"Work Life Balance, Skill Development, Company Culture"
Creative Info-link,2.5,IT Services & Consulting,"Promotions, Salary, Company Culture"
SuperProcure,4.6,Software Product,"Company Culture, Work Satisfaction, Job Security"
iXceed Solutions,4.0,Recruitment,"Company Culture, Work Life Balance, Work Satisfaction"
Matangi Industries,3.2,Chemicals,"Promotions, Work Satisfaction, Salary"
Vectone Mobile,1.7,Telecom,"Job Security, Company Culture, Work Life Balance"
Sjr Prime Corporation,4.0,Real Estate,"Work Life Balance, Company Culture, Work Satisfaction"
Radius Synergies International,4.0,Industrial Automation,"Company Culture, Job Security, Work Life Balance"
Suspa Pneumatics,4.2,Automobile,"Work Life Balance, Company Culture, Work Satisfaction"
Salasar Services Insurance Brokers,3.9,Insurance,Salary
Korcomptenz Consultancy,4.3,IT Services & Consulting,"Company Culture, Work Life Balance, Job Security"
Accuster Technologies,2.2,Healthcare,"Salary, Company Culture, Job Security"
SuryaLogix,4.4,Electronics Manufacturing,"Company Culture, Skill Development, Work Life Balance"
GOURMET INVESTMENTS,4.0,Hospitality,"Salary, Skill Development"
K & J Project,3.3,Engineering & Construction,"Promotions, Salary, Work Satisfaction"
Progression Infonet,4.1,IT Services & Consulting,"Job Security, Work Life Balance, Company Culture"
State Bank of Mauritius,3.4,Banking,"Promotions, Job Security, Company Culture"
Life Care Hospital,3.8,Healthcare,"Work Life Balance, Work Satisfaction, Skill Development"
Plan International,3.9,Non-Profit,"Work Life Balance, Work Satisfaction"
Tap Academy,4.7,Bengaluru +7 other locations,"Company Culture, Skill Development, Work Life Balance"
Galaxy Toyota,3.4,Automobile,"Work Satisfaction, Work Life Balance, Promotions"
ASC Infratech,3.9,Engineering & Construction,"Skill Development, Salary"
Odoo,2.7,Software Product,"Job Security, Work Satisfaction, Skill Development"
Citizens Alliance,3.4,BPO,"Promotions, Job Security, Salary"
Winsome Textile Industries,3.3,Fashion & Textile,"Promotions, Company Culture, Work Life Balance"
Wacker Metroark Chemicals,3.0,Chemicals,"Promotions, Company Culture, Work Satisfaction"
Voltas Beko Home Appliances,3.7,Ahmedabad +14 other locations,"Job Security, Company Culture"
Pune Property Investor,4.7,Real Estate,"Company Culture, Salary, Work Life Balance"
Gandour India Food Processing,3.9,Food Processing,"Work Life Balance, Work Satisfaction, Skill Development"
Maharashtra Feeds,2.8,Agriculture,"Job Security, Promotions, Skill Development"
N R Agarwal Industries,3.9,Pulp & Paper,"Salary, Work Life Balance"
FINE COMPONENTS AND TOOLS,3.5,Industrial Machinery,Skill Development
ABB GISL,3.9,Electrical Equipment,"Company Culture, Work Life Balance, Job Security"
Gvr Technolabs,3.6,Engineering & Construction,Work Life Balance
Mahabal Group of Industries,3.7,Auto Components,"Work Satisfaction, Job Security, Skill Development"
Upland Software,4.7,Software Product,"Company Culture, Work Life Balance, Work Satisfaction"
Hatch Associates India,3.9,Engineering & Construction,"Work Life Balance, Company Culture"
Nickelfox Technologies,2.3,IT Services & Consulting,"Job Security, Company Culture, Work Satisfaction"
Waah Jobs,4.2,Internet,"Work Life Balance, Work Satisfaction, Salary"
Navin Fluorine Advanced Sciences,3.6,Bharuch +7 other locations,Salary
Bankedge,4.0,Education & Training,"Skill Development, Company Culture, Work Life Balance"
Concept Pharmaceuticals,3.1,Pharma,"Promotions, Salary, Skill Development"
Vymo Technologies,2.2,Software Product,"Skill Development, Work Satisfaction, Job Security"
Affinity Global Advertising,2.8,Marketing & Advertising,"Work Satisfaction, Job Security, Promotions"
Sunrise Biztech Systems,3.4,IT Services & Consulting,"Job Security, Promotions, Work Satisfaction"
Room to Read,3.5,Non-Profit,Salary
Acme Industries,3.8,Guwahati +10 other locations,"Promotions, Salary, Job Security"
Pixis,3.5,Internet,Salary
Jeeva Organic Private Limited,3.6,Pharma,"Promotions, Job Security, Salary"
FinacPlus,3.7,IT Services & Consulting,"Work Life Balance, Salary"
Jekson Vision,3.6,IT Services & Consulting,Job Security
Turno,3.4,FinTech,"Job Security, Promotions, Company Culture"
Direct Credit,4.1,Financial Services,"Skill Development, Salary, Company Culture"
Bryka Electrosystems & Software,3.0,Defence & Aerospace,"Work Life Balance, Job Security, Company Culture"
Municipal Corporation of Greater Mumbai,3.8,Government,Job Security
JK Organisation,4.0,Auto Components,"Work Life Balance, Job Security, Salary"
LA Technologies,3.9,IT Services & Consulting,"Company Culture, Work Life Balance, Work Satisfaction"
Shree Shubham Logistics,4.2,Logistics,"Work Life Balance, Company Culture, Work Satisfaction"
We Win,3.1,BPO,"Promotions, Salary, Company Culture"
Eben Telecom,3.9,Telecom,Work Life Balance
Namaste Credit,3.1,FinTech,"Job Security, Promotions, Salary"
Information Dynamics,3.6,IT Services & Consulting,"Promotions, Salary, Company Culture"
Arya Iron & Steel Co.,4.3,Iron & Steel,"Company Culture, Work Life Balance, Work Satisfaction"
Bhagyalaxmi Rolling mill,3.6,Iron & Steel,"Promotions, Salary, Work Satisfaction"
24seven,4.5,Retail,"Work Life Balance, Company Culture, Work Satisfaction"
Indian Red Cross Society,4.0,Non-Profit,"Skill Development, Work Life Balance, Work Satisfaction"
Hindusthan Microfinance,3.9,NBFC,Work Life Balance
Vijay Raja Homes,4.2,Real Estate,"Work Life Balance, Salary, Company Culture"
Yes Germany,3.2,Faridabad +12 other locations,"Work Satisfaction, Promotions, Skill Development"
Fotografik Enterprises,3.5,Media & Entertainment,"Job Security, Promotions, Work Satisfaction"
Hard Rock Cafe,4.5,Hospitality,"Work Life Balance, Skill Development, Company Culture"
Velan Info Services,3.5,IT Services & Consulting,Work Life Balance
Jamia Millia Islamia,4.2,Education & Training,"Company Culture, Work Life Balance, Work Satisfaction"
Allegion,4.2,Law Enforcement & Security,"Work Life Balance, Company Culture, Job Security"
Veena world,3.8,Travel & Tourism,Work Life Balance
Optimus Pharma,3.7,Pharma,Salary
Windals Precision,3.4,Auto Components,"Promotions, Salary, Company Culture"
Wockhardt Biotech Park,3.9,Pharma,"Company Culture, Work Satisfaction, Work Life Balance"
Bal Bharati Public School,4.1,Education & Training,"Skill Development, Work Life Balance, Company Culture"
JSS Medical Research,2.9,Clinical Research,"Promotions, Company Culture, Salary"
GoldenSource,3.1,Financial Services,"Promotions, Skill Development, Work Satisfaction"
Tupperware,3.3,Retail,"Promotions, Skill Development, Job Security"
Shiv Enterprises,3.8,Recruitment,"Promotions, Job Security"
Phfl Home Loans AND Services,3.9,NBFC,Promotions
Durovalves India,3.4,Auto Components,"Job Security, Company Culture, Promotions"
Autocal Solutions,3.2,Clinical Research,"Salary, Company Culture, Promotions"
Finacus Solutions,2.5,IT Services & Consulting,"Promotions, Company Culture, Work Life Balance"
Loylty Rewardz Mngt,3.8,Software Product,Work Life Balance
Nureca Limited,4.1,Medical Equipment,"Work Life Balance, Salary, Company Culture"
Narayana Jr College,3.5,Education & Training,"Promotions, Work Satisfaction, Job Security"
NICE Actimize,3.3,IT Services & Consulting,"Promotions, Work Satisfaction, Job Security"
Seeh Al Sarya Engineering,3.6,Oil & Gas,"Promotions, Salary, Company Culture"
inTarvo Technologies,4.4,BPO,"Work Life Balance, Skill Development, Company Culture"
Aayan Infotech,4.8,IT Services & Consulting,"Company Culture, Work Life Balance, Work Satisfaction"
RED CHIEF,3.9,Retail,"Skill Development, Work Satisfaction, Company Culture"
Sofitel Luxury Hotel,4.3,Hospitality,"Salary, Skill Development, Job Security"
S. K Enterprises,3.6,Industrial Machinery,"Promotions, Company Culture, Job Security"
BBD University,3.6,Financial Services,"Promotions, Salary, Skill Development"
Wiley,4.0,Printing & Publishing,"Work Life Balance, Company Culture"
ADNH Compass,4.2,Hospitality,"Skill Development, Salary, Company Culture"
Raj Corporation Limited,3.3,Engineering & Construction,"Company Culture, Work Satisfaction, Job Security"
BMD Private Limited,3.9,Engineering & Construction,"Skill Development, Company Culture, Job Security"
OctaNet Services Private Limited,4.1,Bengaluru +29 other locations,"Work Life Balance, Skill Development, Work Satisfaction"
Pyramid Infratech,3.9,Real Estate,"Company Culture, Work Life Balance"
Vasu Healthcare,4.0,Healthcare,"Company Culture, Work Life Balance, Job Security"
National Dairy Development Board,4.0,Food Processing,"Work Life Balance, Salary, Skill Development"
New Horizon College of Engineering,3.6,Education & Training,"Work Satisfaction, Promotions, Skill Development"
ZaranTech,4.7,EdTech,"Company Culture, Work Life Balance, Work Satisfaction"
TruckX Technologies,4.3,IT Services & Consulting,"Salary, Company Culture, Work Life Balance"
Site Engineering,4.1,Engineering & Construction,"Work Life Balance, Work Satisfaction, Skill Development"
Wago,4.2,Semiconductors,"Work Life Balance, Company Culture, Job Security"
Toast,3.9,Software Product,"Salary, Company Culture, Work Life Balance"
Amogha Polymers,3.5,Building Material,Salary
Oswal Woollen Mills,4.1,Fashion & Textile,"Job Security, Work Life Balance"
Amit Metaliks,3.2,Iron & Steel,"Promotions, Company Culture, Skill Development"
MUFG Pension & Market Services,3.6,Financial Services,Job Security
Maxion Wheels,3.6,Automobile,"Promotions, Work Satisfaction, Company Culture"
Santa Monica Study Abroad,3.7,Education & Training,"Promotions, Job Security, Work Satisfaction"
Worldwide Oilfield Machine,3.9,Oil & Gas,"Promotions, Company Culture"
Velox Solutions,4.0,Emerging Technologies,"Skill Development, Company Culture, Work Life Balance"
Zuberi Engineering Company,3.8,Engineering & Construction,Skill Development
TROPICAL AGROSYSTEM (I),4.3,Agro Chemicals,"Job Security, Company Culture, Work Life Balance"
Syren Technologies,3.5,IT Services & Consulting,"Job Security, Promotions, Company Culture"
Wattmonk Technologies,2.8,Power,"Promotions, Job Security, Skill Development"
6Sense,3.5,Software Product,Salary
Husky Injection Molding Systems,4.0,Industrial Machinery,"Company Culture, Work Life Balance, Work Satisfaction"
Tecno Mobile,3.9,Consumer Electronics & Appliances,Work Life Balance
AL JABER GROUP,3.3,Engineering & Construction,"Company Culture, Work Life Balance, Work Satisfaction"
Syren Technologies,3.5,IT Services & Consulting,"Job Security, Promotions, Company Culture"
TROPICAL AGROSYSTEM (I),4.3,Agro Chemicals,"Job Security, Company Culture, Work Life Balance"
Husky Injection Molding Systems,4.0,Industrial Machinery,"Company Culture, Work Life Balance, Work Satisfaction"
AL JABER GROUP,3.3,Engineering & Construction,"Company Culture, Work Life Balance, Work Satisfaction"
Narayana Jr College,3.5,Education & Training,"Promotions, Work Satisfaction, Job Security"
Knowcraft Analytics,2.8,Financial Services,"Work Life Balance, Company Culture, Salary"
Gimatex Industries,3.3,Fashion & Textile,"Promotions, Salary, Work Satisfaction"
Megamax Services,4.1,IT Services & Consulting,"Company Culture, Work Life Balance, Work Satisfaction"
Hipad Technology India,4.0,Electronics Manufacturing,Skill Development
Ashwini Hospital,3.2,Healthcare,"Promotions, Salary, Company Culture"
Poddar Tyres,3.8,Auto Components,"Job Security, Work Life Balance"
Unimark Remedies,3.5,Pharma,"Promotions, Job Security, Salary"
AccioJob,3.6,EdTech,"Promotions, Job Security"
First Connect Health,4.5,Healthcare,"Company Culture, Skill Development, Work Life Balance"
Atulaya Healthcare,3.8,Healthcare,Salary
R K D Construction,4.0,Engineering & Construction,"Work Life Balance, Skill Development, Salary"
Avians Innovations Technology,3.8,Building Material,"Job Security, Company Culture, Salary"
Hamad Medical Corporation,4.2,Healthcare,"Work Life Balance, Company Culture, Work Satisfaction"
GlowTouch,2.8,Mangaluru +5 other locations,"Promotions, Salary, Work Satisfaction"
Edify School,3.0,Education & Training,"Company Culture, Work Satisfaction, Work Life Balance"
Shaze Luxury Retail,3.9,Retail,Salary
SunSource Energy,4.3,Power,"Company Culture, Salary, Work Life Balance"
Flowserve Sanmar,3.1,Chemicals,"Company Culture, Work Life Balance, Work Satisfaction"
Qualified Recruiter,4.1,Recruitment,"Company Culture, Work Life Balance, Work Satisfaction"
BeeperMD,3.7,Chandigarh +4 other locations,Salary
Ministry Of Education,3.4,Government,"Promotions, Job Security, Company Culture"
Syscom Corporation,4.4,IT Services & Consulting,"Work Life Balance, Job Security, Company Culture"
Telecomone Teleservices,3.8,Telecom,Work Life Balance
Euclid Innovations,3.1,IT Services & Consulting,"Job Security, Promotions, Skill Development"
Avant Garde Industries,4.4,Industrial Machinery,"Skill Development, Job Security, Company Culture"
iTech India,3.2,IT Services & Consulting,"Promotions, Salary, Company Culture"
ACCE GLOBAL SOFTWARE,3.7,Software Product,"Company Culture, Work Life Balance, Work Satisfaction"
Trimed Solutions India,3.6,Medical Equipment,"Promotions, Job Security, Skill Development"
Mangalam Organics,3.7,Agro Chemicals,"Promotions, Skill Development"
Le Marche,3.2,Retail,"Promotions, Company Culture, Work Satisfaction"
Model Infra Corporation,3.3,Engineering & Construction,"Promotions, Company Culture, Work Satisfaction"
Omega Seiki Mobility,4.0,Auto Components,"Work Life Balance, Company Culture, Work Satisfaction"
Marwadi University,3.7,Education & Training,Job Security
Tristha Global,4.2,IT Services & Consulting,"Work Life Balance, Job Security, Salary"
anovIP,3.3,Legal,"Salary, Promotions, Work Satisfaction"
